0,0,D0:F0:18:43:F8:33,-72,1598424868356
1,1,D0:F0:18:43:F8:2F,-38,1598424868362
0,2,D0:F0:18:43:F8:33,-83,1598424869371
1,3,D0:F0:18:43:F8:2F,-54,1598424869376
0,4,D0:F0:18:43:F8:33,-71,1598424870392
1,5,D0:F0:18:43:F8:2F,-37,1598424870401
0,6,D0:F0:18:43:F8:33,-66,1598424870905
0,7,D0:F0:18:43:F8:33,-67,1598424871407
1,8,D0:F0:18:43:F8:2F,-36,1598424871409
0,9,D0:F0:18:43:F8:33,-66,1598424871913
1,10,D0:F0:18:43:F8:2F,-37,1598424871917
0,11,D0:F0:18:43:F8:33,-68,1598424872429
1,12,D0:F0:18:43:F8:2F,-36,1598424872439
0,13,D0:F0:18:43:F8:33,-71,1598424872943
1,14,D0:F0:18:43:F8:2F,-36,1598424872951
0,15,D0:F0:18:43:F8:2F,-34,1598424873457
0,16,D0:F0:18:43:F8:33,-67,1598424873965
0,17,D0:F0:18:43:F8:33,-66,1598424874986
1,18,D0:F0:18:43:F8:2F,-37,1598424874991
0,19,D0:F0:18:43:F8:33,-66,1598424875490
0,20,D0:F0:18:43:F8:33,-71,1598424875996
0,21,D0:F0:18:43:F8:33,-66,1598424876504
1,22,D0:F0:18:43:F8:2F,-35,1598424876507
0,23,D0:F0:18:43:F8:33,-71,1598424877021
1,24,D0:F0:18:43:F8:2F,-37,1598424877028
0,25,D0:F0:18:43:F8:33,-66,1598424877532
1,26,D0:F0:18:43:F8:2F,-37,1598424877540
0,27,D0:F0:18:43:F8:33,-66,1598424878043
1,28,D0:F0:18:43:F8:2F,-34,1598424878050
0,29,D0:F0:18:43:F8:33,-66,1598424878556
1,30,D0:F0:18:43:F8:2F,-37,1598424878564
0,31,D0:F0:18:43:F8:2F,-35,1598424879066
0,32,D0:F0:18:43:F8:33,-71,1598424879577
1,33,D0:F0:18:43:F8:2F,-35,1598424879585
0,34,D0:F0:18:43:F8:33,-66,1598424880090
1,35,D0:F0:18:43:F8:2F,-37,1598424880097
0,36,D0:F0:18:43:F8:33,-67,1598424880600
1,37,D0:F0:18:43:F8:2F,-34,1598424880608
0,38,D0:F0:18:43:F8:33,-71,1598424881113
1,39,D0:F0:18:43:F8:2F,-35,1598424881121
0,40,D0:F0:18:43:F8:33,-65,1598424881624
1,41,D0:F0:18:43:F8:2F,-37,1598424881631
0,42,D0:F0:18:43:F8:33,-71,1598424882135
0,43,D0:F0:18:43:F8:33,-66,1598424882646
0,44,D0:F0:18:43:F8:33,-67,1598424883157
1,45,D0:F0:18:43:F8:2F,-33,1598424883164
0,46,D0:F0:18:43:F8:33,-71,1598424883668
1,47,D0:F0:18:43:F8:2F,-35,1598424883673
0,48,D0:F0:18:43:F8:33,-66,1598424884182
1,49,D0:F0:18:43:F8:2F,-34,1598424884191
0,50,D0:F0:18:43:F8:33,-71,1598424884691
1,51,D0:F0:18:43:F8:2F,-35,1598424884699
0,52,D0:F0:18:43:F8:33,-66,1598424885203
1,53,D0:F0:18:43:F8:2F,-37,1598424885210
0,54,D0:F0:18:43:F8:33,-67,1598424885717
1,55,D0:F0:18:43:F8:2F,-33,1598424885726
0,56,D0:F0:18:43:F8:2F,-37,1598424886227
0,57,D0:F0:18:43:F8:33,-68,1598424886741
1,58,D0:F0:18:43:F8:2F,-34,1598424886749
0,59,D0:F0:18:43:F8:33,-71,1598424887252
1,60,D0:F0:18:43:F8:2F,-36,1598424887260
0,61,D0:F0:18:43:F8:33,-68,1598424887764
1,62,D0:F0:18:43:F8:2F,-37,1598424887772
0,63,D0:F0:18:43:F8:33,-67,1598424888275
1,64,D0:F0:18:43:F8:2F,-34,1598424888282
0,65,D0:F0:18:43:F8:33,-66,1598424888788
1,66,D0:F0:18:43:F8:2F,-37,1598424888797
0,67,D0:F0:18:43:F8:33,-68,1598424889300
0,68,D0:F0:18:43:F8:33,-71,1598424889809
1,69,D0:F0:18:43:F8:2F,-36,1598424889817
0,70,D0:F0:18:43:F8:33,-66,1598424890319
0,71,D0:F0:18:43:F8:33,-67,1598424890831
1,72,D0:F0:18:43:F8:2F,-35,1598424890838
0,73,D0:F0:18:43:F8:33,-65,1598424891342
1,74,D0:F0:18:43:F8:2F,-33,1598424891348
0,75,D0:F0:18:43:F8:33,-71,1598424892363
1,76,D0:F0:18:43:F8:2F,-36,1598424892371
0,77,D0:F0:18:43:F8:33,-66,1598424892874
0,78,D0:F0:18:43:F8:33,-66,1598424893386
1,79,D0:F0:18:43:F8:2F,-37,1598424893393
0,0,D0:F0:18:43:F8:33,-82,1598424900536
1,1,D0:F0:18:43:F8:2F,-47,1598424900544
0,2,D0:F0:18:43:F8:33,-74,1598424901050
1,3,D0:F0:18:43:F8:2F,-48,1598424901057
0,4,D0:F0:18:43:F8:33,-82,1598424901558
1,5,D0:F0:18:43:F8:2F,-48,1598424901565
0,6,D0:F0:18:43:F8:2F,-47,1598424902068
0,7,D0:F0:18:43:F8:2F,-48,1598424902578
0,8,D0:F0:18:43:F8:33,-78,1598424903088
1,9,D0:F0:18:43:F8:2F,-45,1598424903095
0,10,D0:F0:18:43:F8:33,-81,1598424903599
1,11,D0:F0:18:43:F8:2F,-46,1598424903606
0,12,D0:F0:18:43:F8:33,-78,1598424904110
0,13,D0:F0:18:43:F8:33,-72,1598424904621
0,14,D0:F0:18:43:F8:2F,-46,1598424905134
0,15,D0:F0:18:43:F8:33,-77,1598424905646
1,16,D0:F0:18:43:F8:2F,-49,1598424905653
0,17,D0:F0:18:43:F8:33,-72,1598424906159
1,18,D0:F0:18:43:F8:2F,-45,1598424906165
0,19,D0:F0:18:43:F8:33,-77,1598424906672
1,20,D0:F0:18:43:F8:2F,-48,1598424906679
0,21,D0:F0:18:43:F8:2F,-49,1598424907182
0,22,D0:F0:18:43:F8:33,-72,1598424907696
1,23,D0:F0:18:43:F8:2F,-45,1598424907704
0,24,D0:F0:18:43:F8:2F,-48,1598424908204
0,25,D0:F0:18:43:F8:33,-77,1598424908718
1,26,D0:F0:18:43:F8:2F,-45,1598424908721
0,27,D0:F0:18:43:F8:33,-79,1598424909226
1,28,D0:F0:18:43:F8:2F,-47,1598424909232
0,29,D0:F0:18:43:F8:33,-79,1598424909736
1,30,D0:F0:18:43:F8:2F,-48,1598424909742
0,31,D0:F0:18:43:F8:33,-77,1598424910244
1,32,D0:F0:18:43:F8:2F,-46,1598424910251
0,33,D0:F0:18:43:F8:33,-80,1598424911261
1,34,D0:F0:18:43:F8:2F,-48,1598424911268
0,35,D0:F0:18:43:F8:33,-77,1598424911772
1,36,D0:F0:18:43:F8:2F,-45,1598424911778
0,37,D0:F0:18:43:F8:33,-72,1598424912281
1,38,D0:F0:18:43:F8:2F,-46,1598424912287
0,39,D0:F0:18:43:F8:33,-77,1598424912785
1,40,D0:F0:18:43:F8:2F,-49,1598424912789
0,41,D0:F0:18:43:F8:2F,-45,1598424913295
0,42,D0:F0:18:43:F8:33,-72,1598424913805
1,43,D0:F0:18:43:F8:2F,-45,1598424913812
0,44,D0:F0:18:43:F8:2F,-49,1598424914313
0,45,D0:F0:18:43:F8:33,-72,1598424914823
1,46,D0:F0:18:43:F8:2F,-45,1598424914829
0,47,D0:F0:18:43:F8:2F,-45,1598424915333
0,48,D0:F0:18:43:F8:33,-72,1598424915843
1,49,D0:F0:18:43:F8:2F,-46,1598424915849
0,50,D0:F0:18:43:F8:33,-72,1598424916352
1,51,D0:F0:18:43:F8:2F,-46,1598424916359
0,52,D0:F0:18:43:F8:33,-81,1598424916853
1,53,D0:F0:18:43:F8:2F,-45,1598424916857
0,54,D0:F0:18:43:F8:33,-71,1598424917363
0,55,D0:F0:18:43:F8:2F,-49,1598424917871
0,56,D0:F0:18:43:F8:33,-71,1598424918379
1,57,D0:F0:18:43:F8:2F,-45,1598424918385
0,58,D0:F0:18:43:F8:33,-80,1598424919396
0,59,D0:F0:18:43:F8:33,-77,1598424919905
0,60,D0:F0:18:43:F8:33,-77,1598424920417
0,61,D0:F0:18:43:F8:33,-77,1598424920926
0,62,D0:F0:18:43:F8:33,-78,1598424921434
1,63,D0:F0:18:43:F8:2F,-48,1598424921441
0,64,D0:F0:18:43:F8:33,-80,1598424921943
1,65,D0:F0:18:43:F8:2F,-45,1598424921949
0,66,D0:F0:18:43:F8:2F,-46,1598424922451
0,67,D0:F0:18:43:F8:33,-71,1598424922959
0,68,D0:F0:18:43:F8:33,-78,1598424923467
1,69,D0:F0:18:43:F8:2F,-46,1598424923474
0,70,D0:F0:18:43:F8:33,-71,1598424923971
1,71,D0:F0:18:43:F8:2F,-48,1598424923974
0,72,D0:F0:18:43:F8:33,-80,1598424924482
1,73,D0:F0:18:43:F8:2F,-45,1598424924488
0,74,D0:F0:18:43:F8:33,-78,1598424924991
1,75,D0:F0:18:43:F8:2F,-46,1598424924997
0,76,D0:F0:18:43:F8:2F,-49,1598424925500
0,77,D0:F0:18:43:F8:33,-77,1598424926009
1,78,D0:F0:18:43:F8:2F,-46,1598424926015
0,79,D0:F0:18:43:F8:33,-72,1598424926518
0,0,D0:F0:18:43:F8:33,-71,1598424937199
1,1,D0:F0:18:43:F8:2F,-60,1598424937209
0,2,D0:F0:18:43:F8:2F,-65,1598424937708
0,3,D0:F0:18:43:F8:33,-73,1598424938216
1,4,D0:F0:18:43:F8:2F,-63,1598424938220
0,5,D0:F0:18:43:F8:33,-72,1598424938726
1,6,D0:F0:18:43:F8:2F,-65,1598424938732
0,7,D0:F0:18:43:F8:2F,-60,1598424939235
0,8,D0:F0:18:43:F8:33,-73,1598424939747
1,9,D0:F0:18:43:F8:2F,-63,1598424939752
0,10,D0:F0:18:43:F8:33,-72,1598424940254
1,11,D0:F0:18:43:F8:2F,-60,1598424940260
0,12,D0:F0:18:43:F8:2F,-65,1598424940763
0,13,D0:F0:18:43:F8:33,-73,1598424941271
0,14,D0:F0:18:43:F8:33,-73,1598424941780
1,15,D0:F0:18:43:F8:2F,-64,1598424941786
0,16,D0:F0:18:43:F8:33,-74,1598424942291
1,17,D0:F0:18:43:F8:2F,-60,1598424942297
0,18,D0:F0:18:43:F8:33,-72,1598424942799
1,19,D0:F0:18:43:F8:2F,-65,1598424942806
0,20,D0:F0:18:43:F8:33,-72,1598424943307
1,21,D0:F0:18:43:F8:2F,-63,1598424943314
0,22,D0:F0:18:43:F8:33,-75,1598424943816
1,23,D0:F0:18:43:F8:2F,-60,1598424943824
0,24,D0:F0:18:43:F8:33,-75,1598424944325
1,25,D0:F0:18:43:F8:2F,-60,1598424944332
0,26,D0:F0:18:43:F8:2F,-64,1598424944835
0,27,D0:F0:18:43:F8:2F,-60,1598424945340
0,28,D0:F0:18:43:F8:33,-72,1598424945849
0,29,D0:F0:18:43:F8:2F,-64,1598424946352
0,30,D0:F0:18:43:F8:33,-73,1598424946861
1,31,D0:F0:18:43:F8:2F,-60,1598424946870
0,32,D0:F0:18:43:F8:2F,-64,1598424947370
0,33,D0:F0:18:43:F8:33,-74,1598424947878
1,34,D0:F0:18:43:F8:2F,-63,1598424947884
0,35,D0:F0:18:43:F8:33,-73,1598424948388
1,36,D0:F0:18:43:F8:2F,-61,1598424948397
0,37,D0:F0:18:43:F8:33,-74,1598424948896
1,38,D0:F0:18:43:F8:2F,-64,1598424948901
0,39,D0:F0:18:43:F8:33,-73,1598424949399
0,40,D0:F0:18:43:F8:2F,-65,1598424949907
0,41,D0:F0:18:43:F8:33,-73,1598424950415
1,42,D0:F0:18:43:F8:2F,-64,1598424950420
0,43,D0:F0:18:43:F8:33,-73,1598424950926
1,44,D0:F0:18:43:F8:2F,-61,1598424950934
0,45,D0:F0:18:43:F8:33,-75,1598424951435
1,46,D0:F0:18:43:F8:2F,-65,1598424951441
0,47,D0:F0:18:43:F8:33,-72,1598424951945
1,48,D0:F0:18:43:F8:2F,-61,1598424951950
0,49,D0:F0:18:43:F8:33,-72,1598424952452
1,50,D0:F0:18:43:F8:2F,-60,1598424952457
0,51,D0:F0:18:43:F8:33,-74,1598424952959
0,52,D0:F0:18:43:F8:33,-72,1598424953472
1,53,D0:F0:18:43:F8:2F,-64,1598424953479
0,54,D0:F0:18:43:F8:33,-74,1598424953980
1,55,D0:F0:18:43:F8:2F,-63,1598424953986
0,56,D0:F0:18:43:F8:2F,-60,1598424954486
0,57,D0:F0:18:43:F8:33,-73,1598424954995
1,58,D0:F0:18:43:F8:2F,-64,1598424955000
0,59,D0:F0:18:43:F8:33,-74,1598424955503
1,60,D0:F0:18:43:F8:2F,-60,1598424955508
0,61,D0:F0:18:43:F8:33,-73,1598424956013
1,62,D0:F0:18:43:F8:2F,-60,1598424956018
0,63,D0:F0:18:43:F8:2F,-63,1598424956523
0,64,D0:F0:18:43:F8:33,-74,1598424957030
1,65,D0:F0:18:43:F8:2F,-60,1598424957036
0,66,D0:F0:18:43:F8:33,-73,1598424957537
1,67,D0:F0:18:43:F8:2F,-64,1598424957543
0,68,D0:F0:18:43:F8:2F,-63,1598424958044
0,69,D0:F0:18:43:F8:33,-74,1598424958552
1,70,D0:F0:18:43:F8:2F,-63,1598424958558
0,71,D0:F0:18:43:F8:2F,-60,1598424959059
0,72,D0:F0:18:43:F8:33,-74,1598424959569
1,73,D0:F0:18:43:F8:2F,-63,1598424959574
0,74,D0:F0:18:43:F8:33,-74,1598424960078
0,75,D0:F0:18:43:F8:33,-73,1598424960588
1,76,D0:F0:18:43:F8:2F,-63,1598424960595
0,77,D0:F0:18:43:F8:33,-72,1598424961095
1,78,D0:F0:18:43:F8:2F,-60,1598424961101
0,79,D0:F0:18:43:F8:33,-74,1598424961602
0,0,D0:F0:18:43:F8:2F,-58,1598424968718
0,1,D0:F0:18:43:F8:2F,-57,1598424969224
0,2,D0:F0:18:43:F8:33,-76,1598424969732
0,3,D0:F0:18:43:F8:33,-78,1598424970746
1,4,D0:F0:18:43:F8:2F,-58,1598424970752
0,5,D0:F0:18:43:F8:33,-78,1598424971253
1,6,D0:F0:18:43:F8:2F,-58,1598424971257
0,7,D0:F0:18:43:F8:2F,-57,1598424971760
0,8,D0:F0:18:43:F8:33,-77,1598424972268
1,9,D0:F0:18:43:F8:2F,-58,1598424972273
0,10,D0:F0:18:43:F8:2F,-52,1598424972776
0,11,D0:F0:18:43:F8:2F,-57,1598424973285
0,12,D0:F0:18:43:F8:2F,-57,1598424973792
0,13,D0:F0:18:43:F8:2F,-58,1598424974299
0,14,D0:F0:18:43:F8:2F,-57,1598424974807
0,15,D0:F0:18:43:F8:33,-78,1598424975315
1,16,D0:F0:18:43:F8:2F,-58,1598424975319
0,17,D0:F0:18:43:F8:2F,-52,1598424975826
0,18,D0:F0:18:43:F8:2F,-57,1598424976336
0,19,D0:F0:18:43:F8:2F,-58,1598424976842
0,20,D0:F0:18:43:F8:33,-79,1598424977352
1,21,D0:F0:18:43:F8:2F,-52,1598424977357
0,22,D0:F0:18:43:F8:33,-80,1598424977857
1,23,D0:F0:18:43:F8:2F,-57,1598424977861
0,24,D0:F0:18:43:F8:2F,-54,1598424978363
0,25,D0:F0:18:43:F8:33,-77,1598424978870
0,26,D0:F0:18:43:F8:2F,-58,1598424979376
0,27,D0:F0:18:43:F8:2F,-52,1598424979883
0,28,D0:F0:18:43:F8:2F,-57,1598424980392
0,29,D0:F0:18:43:F8:33,-79,1598424980900
1,30,D0:F0:18:43:F8:2F,-52,1598424980907
0,31,D0:F0:18:43:F8:2F,-52,1598424981407
0,32,D0:F0:18:43:F8:33,-78,1598424981914
1,33,D0:F0:18:43:F8:2F,-58,1598424981919
0,34,D0:F0:18:43:F8:2F,-52,1598424982421
0,35,D0:F0:18:43:F8:2F,-57,1598424982927
0,36,D0:F0:18:43:F8:2F,-58,1598424983434
0,37,D0:F0:18:43:F8:2F,-52,1598424983937
0,38,D0:F0:18:43:F8:2F,-57,1598424984445
0,39,D0:F0:18:43:F8:2F,-52,1598424984953
0,40,D0:F0:18:43:F8:33,-78,1598424985458
1,41,D0:F0:18:43:F8:2F,-57,1598424985463
0,42,D0:F0:18:43:F8:2F,-58,1598424985966
0,43,D0:F0:18:43:F8:33,-78,1598424986474
1,44,D0:F0:18:43:F8:2F,-52,1598424986478
0,45,D0:F0:18:43:F8:33,-78,1598424987489
1,46,D0:F0:18:43:F8:2F,-57,1598424987494
0,47,D0:F0:18:43:F8:33,-78,1598424988501
1,48,D0:F0:18:43:F8:2F,-57,1598424988506
0,49,D0:F0:18:43:F8:2F,-57,1598424989008
0,50,D0:F0:18:43:F8:2F,-57,1598424989515
0,51,D0:F0:18:43:F8:2F,-58,1598424990021
0,52,D0:F0:18:43:F8:2F,-58,1598424990527
0,53,D0:F0:18:43:F8:33,-80,1598424991036
1,54,D0:F0:18:43:F8:2F,-57,1598424991042
0,55,D0:F0:18:43:F8:2F,-58,1598424991544
0,56,D0:F0:18:43:F8:33,-78,1598424992056
1,57,D0:F0:18:43:F8:2F,-52,1598424992058
0,58,D0:F0:18:43:F8:33,-80,1598424992563
1,59,D0:F0:18:43:F8:2F,-57,1598424992568
0,60,D0:F0:18:43:F8:2F,-58,1598424993069
0,61,D0:F0:18:43:F8:33,-78,1598424993575
1,62,D0:F0:18:43:F8:2F,-54,1598424993579
0,63,D0:F0:18:43:F8:33,-76,1598424994593
1,64,D0:F0:18:43:F8:2F,-57,1598424994597
0,65,D0:F0:18:43:F8:33,-81,1598424995098
1,66,D0:F0:18:43:F8:2F,-53,1598424995100
0,67,D0:F0:18:43:F8:2F,-57,1598424995605
0,68,D0:F0:18:43:F8:33,-78,1598424996113
1,69,D0:F0:18:43:F8:2F,-58,1598424996118
0,70,D0:F0:18:43:F8:2F,-52,1598424996618
0,71,D0:F0:18:43:F8:33,-78,1598424997631
1,72,D0:F0:18:43:F8:2F,-52,1598424997636
0,73,D0:F0:18:43:F8:2F,-52,1598424998137
0,74,D0:F0:18:43:F8:2F,-57,1598424998643
0,75,D0:F0:18:43:F8:2F,-52,1598424999151
0,76,D0:F0:18:43:F8:2F,-52,1598424999657
0,77,D0:F0:18:43:F8:2F,-57,1598425000163
0,78,D0:F0:18:43:F8:2F,-52,1598425000670
0,79,D0:F0:18:43:F8:33,-77,1598425001177
0,0,D0:F0:18:43:F8:33,-74,1598425006239
1,1,D0:F0:18:43:F8:2F,-67,1598425006243
0,2,D0:F0:18:43:F8:33,-77,1598425006746
1,3,D0:F0:18:43:F8:2F,-66,1598425006751
0,4,D0:F0:18:43:F8:33,-74,1598425007760
1,5,D0:F0:18:43:F8:2F,-67,1598425007764
0,6,D0:F0:18:43:F8:33,-77,1598425008266
0,7,D0:F0:18:43:F8:33,-76,1598425008774
1,8,D0:F0:18:43:F8:2F,-67,1598425008778
0,9,D0:F0:18:43:F8:33,-78,1598425009282
0,10,D0:F0:18:43:F8:33,-79,1598425009787
1,11,D0:F0:18:43:F8:2F,-67,1598425009791
0,12,D0:F0:18:43:F8:33,-74,1598425010293
0,13,D0:F0:18:43:F8:2F,-65,1598425010799
0,14,D0:F0:18:43:F8:33,-76,1598425011306
1,15,D0:F0:18:43:F8:2F,-67,1598425011312
0,16,D0:F0:18:43:F8:33,-74,1598425011817
1,17,D0:F0:18:43:F8:2F,-67,1598425011821
0,18,D0:F0:18:43:F8:33,-77,1598425012325
1,19,D0:F0:18:43:F8:2F,-68,1598425012330
0,20,D0:F0:18:43:F8:33,-76,1598425012834
1,21,D0:F0:18:43:F8:2F,-66,1598425012838
0,22,D0:F0:18:43:F8:33,-74,1598425013341
1,23,D0:F0:18:43:F8:2F,-67,1598425013344
0,24,D0:F0:18:43:F8:33,-76,1598425013847
1,25,D0:F0:18:43:F8:2F,-68,1598425013850
0,26,D0:F0:18:43:F8:33,-77,1598425014354
1,27,D0:F0:18:43:F8:2F,-67,1598425014357
0,28,D0:F0:18:43:F8:33,-76,1598425014863
1,29,D0:F0:18:43:F8:2F,-67,1598425014866
0,30,D0:F0:18:43:F8:33,-74,1598425015371
1,31,D0:F0:18:43:F8:2F,-66,1598425015375
0,32,D0:F0:18:43:F8:33,-77,1598425015876
1,33,D0:F0:18:43:F8:2F,-67,1598425015880
0,34,D0:F0:18:43:F8:2F,-68,1598425016382
0,35,D0:F0:18:43:F8:33,-76,1598425016888
1,36,D0:F0:18:43:F8:2F,-67,1598425016893
0,37,D0:F0:18:43:F8:33,-76,1598425017394
0,38,D0:F0:18:43:F8:33,-77,1598425017900
1,39,D0:F0:18:43:F8:2F,-68,1598425017903
0,40,D0:F0:18:43:F8:33,-76,1598425018407
1,41,D0:F0:18:43:F8:2F,-68,1598425018410
0,42,D0:F0:18:43:F8:33,-74,1598425018913
1,43,D0:F0:18:43:F8:2F,-67,1598425018917
0,44,D0:F0:18:43:F8:33,-76,1598425019420
0,45,D0:F0:18:43:F8:33,-76,1598425020431
1,46,D0:F0:18:43:F8:2F,-67,1598425020434
0,47,D0:F0:18:43:F8:33,-76,1598425020936
0,48,D0:F0:18:43:F8:33,-74,1598425021441
0,49,D0:F0:18:43:F8:33,-77,1598425021948
1,50,D0:F0:18:43:F8:2F,-67,1598425021951
0,51,D0:F0:18:43:F8:33,-76,1598425022456
1,52,D0:F0:18:43:F8:2F,-68,1598425022459
0,53,D0:F0:18:43:F8:33,-74,1598425022960
1,54,D0:F0:18:43:F8:2F,-67,1598425022963
0,55,D0:F0:18:43:F8:33,-74,1598425023468
1,56,D0:F0:18:43:F8:2F,-67,1598425023473
0,57,D0:F0:18:43:F8:33,-74,1598425023974
0,58,D0:F0:18:43:F8:33,-76,1598425024481
1,59,D0:F0:18:43:F8:2F,-67,1598425024486
0,60,D0:F0:18:43:F8:33,-74,1598425024987
1,61,D0:F0:18:43:F8:2F,-67,1598425024990
0,62,D0:F0:18:43:F8:33,-77,1598425025493
1,63,D0:F0:18:43:F8:2F,-68,1598425025496
0,64,D0:F0:18:43:F8:33,-76,1598425025999
1,65,D0:F0:18:43:F8:2F,-65,1598425026002
0,66,D0:F0:18:43:F8:33,-74,1598425026506
1,67,D0:F0:18:43:F8:2F,-68,1598425026511
0,68,D0:F0:18:43:F8:33,-76,1598425027012
1,69,D0:F0:18:43:F8:2F,-67,1598425027015
0,70,D0:F0:18:43:F8:33,-76,1598425027518
1,71,D0:F0:18:43:F8:2F,-67,1598425027522
0,72,D0:F0:18:43:F8:33,-77,1598425028027
1,73,D0:F0:18:43:F8:2F,-68,1598425028032
0,74,D0:F0:18:43:F8:33,-76,1598425028532
1,75,D0:F0:18:43:F8:2F,-67,1598425028537
0,76,D0:F0:18:43:F8:33,-74,1598425029038
1,77,D0:F0:18:43:F8:2F,-68,1598425029043
0,78,D0:F0:18:43:F8:33,-78,1598425029548
1,79,D0:F0:18:43:F8:2F,-67,1598425029552
0,0,D0:F0:18:43:F8:33,-78,1598425042717
1,1,D0:F0:18:43:F8:2F,-66,1598425042721
0,2,D0:F0:18:43:F8:2F,-67,1598425043223
0,3,D0:F0:18:43:F8:2F,-65,1598425043728
0,4,D0:F0:18:43:F8:2F,-64,1598425044234
0,5,D0:F0:18:43:F8:2F,-66,1598425044740
0,6,D0:F0:18:43:F8:2F,-65,1598425045245
0,7,D0:F0:18:43:F8:2F,-67,1598425045752
0,8,D0:F0:18:43:F8:2F,-65,1598425046257
0,9,D0:F0:18:43:F8:2F,-66,1598425046766
0,10,D0:F0:18:43:F8:2F,-64,1598425047275
0,11,D0:F0:18:43:F8:33,-83,1598425047781
1,12,D0:F0:18:43:F8:2F,-67,1598425047784
0,13,D0:F0:18:43:F8:2F,-68,1598425048286
0,14,D0:F0:18:43:F8:2F,-64,1598425048791
0,15,D0:F0:18:43:F8:2F,-65,1598425049296
0,16,D0:F0:18:43:F8:2F,-69,1598425049802
0,17,D0:F0:18:43:F8:2F,-65,1598425050308
0,18,D0:F0:18:43:F8:2F,-64,1598425050814
0,19,D0:F0:18:43:F8:2F,-65,1598425051319
0,20,D0:F0:18:43:F8:33,-79,1598425052330
1,21,D0:F0:18:43:F8:2F,-65,1598425052334
0,22,D0:F0:18:43:F8:2F,-65,1598425052836
0,23,D0:F0:18:43:F8:2F,-67,1598425053341
0,24,D0:F0:18:43:F8:33,-80,1598425053847
1,25,D0:F0:18:43:F8:2F,-66,1598425053850
0,26,D0:F0:18:43:F8:2F,-66,1598425054352
0,27,D0:F0:18:43:F8:33,-80,1598425054855
1,28,D0:F0:18:43:F8:2F,-65,1598425054858
0,29,D0:F0:18:43:F8:2F,-68,1598425055866
0,30,D0:F0:18:43:F8:2F,-66,1598425056372
0,31,D0:F0:18:43:F8:2F,-68,1598425056878
0,32,D0:F0:18:43:F8:2F,-65,1598425057383
0,33,D0:F0:18:43:F8:2F,-68,1598425057889
0,34,D0:F0:18:43:F8:33,-80,1598425058394
1,35,D0:F0:18:43:F8:2F,-68,1598425058397
0,36,D0:F0:18:43:F8:33,-80,1598425058899
1,37,D0:F0:18:43:F8:2F,-64,1598425058902
0,38,D0:F0:18:43:F8:33,-81,1598425059405
1,39,D0:F0:18:43:F8:2F,-64,1598425059408
0,40,D0:F0:18:43:F8:2F,-65,1598425059911
0,41,D0:F0:18:43:F8:33,-80,1598425060416
1,42,D0:F0:18:43:F8:2F,-64,1598425060419
0,43,D0:F0:18:43:F8:33,-80,1598425060921
1,44,D0:F0:18:43:F8:2F,-64,1598425060925
0,45,D0:F0:18:43:F8:2F,-64,1598425061430
0,46,D0:F0:18:43:F8:33,-80,1598425061936
1,47,D0:F0:18:43:F8:2F,-65,1598425061939
0,48,D0:F0:18:43:F8:33,-80,1598425062442
1,49,D0:F0:18:43:F8:2F,-68,1598425062445
0,50,D0:F0:18:43:F8:2F,-64,1598425062947
0,51,D0:F0:18:43:F8:2F,-64,1598425063453
0,52,D0:F0:18:43:F8:33,-80,1598425063964
0,53,D0:F0:18:43:F8:2F,-65,1598425064469
0,54,D0:F0:18:43:F8:2F,-65,1598425064974
0,55,D0:F0:18:43:F8:33,-80,1598425065481
1,56,D0:F0:18:43:F8:2F,-68,1598425065483
0,57,D0:F0:18:43:F8:33,-80,1598425065986
1,58,D0:F0:18:43:F8:2F,-64,1598425065989
0,59,D0:F0:18:43:F8:33,-81,1598425066996
1,60,D0:F0:18:43:F8:2F,-68,1598425067000
0,61,D0:F0:18:43:F8:2F,-64,1598425067502
0,62,D0:F0:18:43:F8:2F,-68,1598425068515
0,63,D0:F0:18:43:F8:2F,-64,1598425069021
0,64,D0:F0:18:43:F8:2F,-64,1598425069526
0,65,D0:F0:18:43:F8:33,-80,1598425070033
1,66,D0:F0:18:43:F8:2F,-65,1598425070035
0,67,D0:F0:18:43:F8:2F,-65,1598425070538
0,68,D0:F0:18:43:F8:2F,-68,1598425071043
0,69,D0:F0:18:43:F8:33,-84,1598425071548
1,70,D0:F0:18:43:F8:2F,-65,1598425071551
0,71,D0:F0:18:43:F8:2F,-68,1598425072053
0,72,D0:F0:18:43:F8:33,-80,1598425072558
1,73,D0:F0:18:43:F8:2F,-64,1598425072561
0,74,D0:F0:18:43:F8:2F,-65,1598425073063
0,75,D0:F0:18:43:F8:2F,-68,1598425073568
0,76,D0:F0:18:43:F8:33,-80,1598425074073
0,77,D0:F0:18:43:F8:2F,-69,1598425075084
0,78,D0:F0:18:43:F8:2F,-65,1598425076095
0,79,D0:F0:18:43:F8:2F,-65,1598425076602
0,0,D0:F0:18:43:F8:33,-75,1598425082158
1,1,D0:F0:18:43:F8:2F,-71,1598425082161
0,2,D0:F0:18:43:F8:33,-77,1598425082665
1,3,D0:F0:18:43:F8:2F,-74,1598425082667
0,4,D0:F0:18:43:F8:33,-76,1598425083170
1,5,D0:F0:18:43:F8:2F,-73,1598425083173
0,6,D0:F0:18:43:F8:2F,-74,1598425083675
0,7,D0:F0:18:43:F8:33,-77,1598425084686
1,8,D0:F0:18:43:F8:2F,-72,1598425084689
0,9,D0:F0:18:43:F8:33,-75,1598425085697
1,10,D0:F0:18:43:F8:2F,-73,1598425085698
0,11,D0:F0:18:43:F8:33,-77,1598425086204
1,12,D0:F0:18:43:F8:2F,-72,1598425086207
0,13,D0:F0:18:43:F8:2F,-76,1598425086710
0,14,D0:F0:18:43:F8:33,-77,1598425087215
1,15,D0:F0:18:43:F8:2F,-73,1598425087217
0,16,D0:F0:18:43:F8:33,-77,1598425087721
1,17,D0:F0:18:43:F8:2F,-74,1598425087724
0,18,D0:F0:18:43:F8:33,-76,1598425088227
1,19,D0:F0:18:43:F8:2F,-74,1598425088229
0,20,D0:F0:18:43:F8:33,-78,1598425089237
1,21,D0:F0:18:43:F8:2F,-73,1598425089241
0,22,D0:F0:18:43:F8:33,-75,1598425089743
1,23,D0:F0:18:43:F8:2F,-73,1598425089745
0,24,D0:F0:18:43:F8:33,-78,1598425090248
1,25,D0:F0:18:43:F8:2F,-74,1598425090250
0,26,D0:F0:18:43:F8:33,-75,1598425090753
1,27,D0:F0:18:43:F8:2F,-73,1598425090756
0,28,D0:F0:18:43:F8:33,-77,1598425091259
1,29,D0:F0:18:43:F8:2F,-74,1598425091262
0,30,D0:F0:18:43:F8:33,-77,1598425091761
1,31,D0:F0:18:43:F8:2F,-76,1598425091762
0,32,D0:F0:18:43:F8:33,-80,1598425092771
1,33,D0:F0:18:43:F8:2F,-73,1598425092775
0,34,D0:F0:18:43:F8:33,-77,1598425093782
1,35,D0:F0:18:43:F8:2F,-74,1598425093785
0,36,D0:F0:18:43:F8:33,-78,1598425094288
0,37,D0:F0:18:43:F8:33,-75,1598425094794
0,38,D0:F0:18:43:F8:2F,-74,1598425095301
0,39,D0:F0:18:43:F8:33,-77,1598425095806
0,40,D0:F0:18:43:F8:33,-75,1598425096816
0,41,D0:F0:18:43:F8:33,-77,1598425097321
1,42,D0:F0:18:43:F8:2F,-74,1598425097324
0,43,D0:F0:18:43:F8:2F,-76,1598425098331
0,44,D0:F0:18:43:F8:33,-78,1598425098836
1,45,D0:F0:18:43:F8:2F,-74,1598425098837
0,46,D0:F0:18:43:F8:2F,-74,1598425099342
0,47,D0:F0:18:43:F8:33,-75,1598425099848
1,48,D0:F0:18:43:F8:2F,-76,1598425099852
0,49,D0:F0:18:43:F8:33,-77,1598425100354
1,50,D0:F0:18:43:F8:2F,-74,1598425100356
0,51,D0:F0:18:43:F8:33,-82,1598425100859
0,52,D0:F0:18:43:F8:33,-74,1598425101366
1,53,D0:F0:18:43:F8:2F,-73,1598425101369
0,54,D0:F0:18:43:F8:2F,-73,1598425101872
0,55,D0:F0:18:43:F8:33,-78,1598425102377
1,56,D0:F0:18:43:F8:2F,-74,1598425102379
0,57,D0:F0:18:43:F8:2F,-73,1598425102884
0,58,D0:F0:18:43:F8:33,-75,1598425103389
1,59,D0:F0:18:43:F8:2F,-76,1598425103391
0,60,D0:F0:18:43:F8:33,-81,1598425103894
1,61,D0:F0:18:43:F8:2F,-73,1598425103898
0,62,D0:F0:18:43:F8:33,-81,1598425104396
1,63,D0:F0:18:43:F8:2F,-73,1598425104398
0,64,D0:F0:18:43:F8:33,-78,1598425104902
1,65,D0:F0:18:43:F8:2F,-73,1598425104907
0,66,D0:F0:18:43:F8:2F,-73,1598425105408
0,67,D0:F0:18:43:F8:2F,-73,1598425105913
0,68,D0:F0:18:43:F8:33,-75,1598425106928
1,69,D0:F0:18:43:F8:2F,-73,1598425106929
0,70,D0:F0:18:43:F8:33,-78,1598425107432
1,71,D0:F0:18:43:F8:2F,-76,1598425107434
0,72,D0:F0:18:43:F8:33,-78,1598425107938
1,73,D0:F0:18:43:F8:2F,-76,1598425107940
0,74,D0:F0:18:43:F8:33,-74,1598425108442
1,75,D0:F0:18:43:F8:2F,-73,1598425108444
0,76,D0:F0:18:43:F8:33,-77,1598425108948
1,77,D0:F0:18:43:F8:2F,-76,1598425108950
0,78,D0:F0:18:43:F8:33,-77,1598425109453
1,79,D0:F0:18:43:F8:2F,-74,1598425109455
0,0,D0:F0:18:43:F8:33,-76,1598425122593
1,1,D0:F0:18:43:F8:2F,-72,1598425122594
0,2,D0:F0:18:43:F8:33,-74,1598425123101
1,3,D0:F0:18:43:F8:2F,-80,1598425123103
0,4,D0:F0:18:43:F8:33,-78,1598425123606
1,5,D0:F0:18:43:F8:2F,-71,1598425123608
0,6,D0:F0:18:43:F8:2F,-72,1598425124113
0,7,D0:F0:18:43:F8:33,-77,1598425124619
1,8,D0:F0:18:43:F8:2F,-72,1598425124622
0,9,D0:F0:18:43:F8:33,-77,1598425125125
1,10,D0:F0:18:43:F8:2F,-71,1598425125127
0,11,D0:F0:18:43:F8:33,-78,1598425126136
1,12,D0:F0:18:43:F8:2F,-81,1598425126139
0,13,D0:F0:18:43:F8:2F,-71,1598425126642
0,14,D0:F0:18:43:F8:33,-77,1598425127146
1,15,D0:F0:18:43:F8:2F,-71,1598425127148
0,16,D0:F0:18:43:F8:33,-77,1598425127652
0,17,D0:F0:18:43:F8:33,-77,1598425128158
1,18,D0:F0:18:43:F8:2F,-71,1598425128160
0,19,D0:F0:18:43:F8:33,-78,1598425128664
0,20,D0:F0:18:43:F8:33,-78,1598425129169
1,21,D0:F0:18:43:F8:2F,-78,1598425129172
0,22,D0:F0:18:43:F8:2F,-71,1598425129675
0,23,D0:F0:18:43:F8:33,-79,1598425130180
0,24,D0:F0:18:43:F8:33,-79,1598425130685
1,25,D0:F0:18:43:F8:2F,-71,1598425130687
0,26,D0:F0:18:43:F8:2F,-71,1598425131191
0,27,D0:F0:18:43:F8:33,-78,1598425131696
1,28,D0:F0:18:43:F8:2F,-72,1598425131698
0,29,D0:F0:18:43:F8:33,-78,1598425132203
1,30,D0:F0:18:43:F8:2F,-71,1598425132205
0,31,D0:F0:18:43:F8:33,-78,1598425132708
1,32,D0:F0:18:43:F8:2F,-71,1598425132710
0,33,D0:F0:18:43:F8:33,-77,1598425133214
1,34,D0:F0:18:43:F8:2F,-80,1598425133216
0,35,D0:F0:18:43:F8:33,-78,1598425133719
1,36,D0:F0:18:43:F8:2F,-71,1598425133721
0,37,D0:F0:18:43:F8:33,-79,1598425134224
1,38,D0:F0:18:43:F8:2F,-71,1598425134226
0,39,D0:F0:18:43:F8:2F,-71,1598425134729
0,40,D0:F0:18:43:F8:33,-78,1598425135234
1,41,D0:F0:18:43:F8:2F,-71,1598425135236
0,42,D0:F0:18:43:F8:33,-78,1598425135740
0,43,D0:F0:18:43:F8:33,-79,1598425136245
1,44,D0:F0:18:43:F8:2F,-72,1598425136247
0,45,D0:F0:18:43:F8:2F,-71,1598425136751
0,46,D0:F0:18:43:F8:33,-78,1598425137256
1,47,D0:F0:18:43:F8:2F,-72,1598425137258
0,48,D0:F0:18:43:F8:33,-79,1598425137764
1,49,D0:F0:18:43:F8:2F,-72,1598425137765
0,50,D0:F0:18:43:F8:33,-77,1598425138269
1,51,D0:F0:18:43:F8:2F,-71,1598425138272
0,52,D0:F0:18:43:F8:33,-79,1598425138776
1,53,D0:F0:18:43:F8:2F,-71,1598425138778
0,54,D0:F0:18:43:F8:33,-78,1598425139282
0,55,D0:F0:18:43:F8:33,-80,1598425139787
1,56,D0:F0:18:43:F8:2F,-72,1598425139789
0,57,D0:F0:18:43:F8:33,-79,1598425140293
1,58,D0:F0:18:43:F8:2F,-71,1598425140295
0,59,D0:F0:18:43:F8:2F,-71,1598425140799
0,60,D0:F0:18:43:F8:33,-79,1598425141305
1,61,D0:F0:18:43:F8:2F,-71,1598425141307
0,62,D0:F0:18:43:F8:33,-80,1598425141811
0,63,D0:F0:18:43:F8:33,-79,1598425142317
0,64,D0:F0:18:43:F8:33,-79,1598425142823
1,65,D0:F0:18:43:F8:2F,-71,1598425142824
0,66,D0:F0:18:43:F8:33,-80,1598425143327
0,67,D0:F0:18:43:F8:33,-77,1598425143833
1,68,D0:F0:18:43:F8:2F,-71,1598425143835
0,69,D0:F0:18:43:F8:33,-80,1598425144341
1,70,D0:F0:18:43:F8:2F,-71,1598425144343
0,71,D0:F0:18:43:F8:33,-80,1598425144847
1,72,D0:F0:18:43:F8:2F,-71,1598425144849
0,73,D0:F0:18:43:F8:2F,-71,1598425145353
0,74,D0:F0:18:43:F8:33,-79,1598425145858
1,75,D0:F0:18:43:F8:2F,-71,1598425145859
0,76,D0:F0:18:43:F8:33,-80,1598425146364
1,77,D0:F0:18:43:F8:2F,-80,1598425146366
0,78,D0:F0:18:43:F8:2F,-72,1598425146868
0,79,D0:F0:18:43:F8:2F,-71,1598425147374
0,0,D0:F0:18:43:F8:2F,-67,1598425152932
0,1,D0:F0:18:43:F8:2F,-65,1598425153438
0,2,D0:F0:18:43:F8:33,-83,1598425153944
1,3,D0:F0:18:43:F8:2F,-66,1598425153946
0,4,D0:F0:18:43:F8:33,-82,1598425154952
1,5,D0:F0:18:43:F8:2F,-69,1598425154954
0,6,D0:F0:18:43:F8:33,-77,1598425155964
1,7,D0:F0:18:43:F8:2F,-67,1598425155965
0,8,D0:F0:18:43:F8:2F,-68,1598425156469
0,9,D0:F0:18:43:F8:2F,-63,1598425156974
0,10,D0:F0:18:43:F8:2F,-68,1598425157481
0,11,D0:F0:18:43:F8:2F,-63,1598425157986
0,12,D0:F0:18:43:F8:33,-80,1598425158493
1,13,D0:F0:18:43:F8:2F,-68,1598425158496
0,14,D0:F0:18:43:F8:2F,-63,1598425158998
0,15,D0:F0:18:43:F8:2F,-66,1598425159502
0,16,D0:F0:18:43:F8:33,-77,1598425160008
1,17,D0:F0:18:43:F8:2F,-68,1598425160010
0,18,D0:F0:18:43:F8:2F,-63,1598425160514
0,19,D0:F0:18:43:F8:2F,-66,1598425161019
0,20,D0:F0:18:43:F8:33,-77,1598425161526
1,21,D0:F0:18:43:F8:2F,-66,1598425161528
0,22,D0:F0:18:43:F8:33,-77,1598425162536
1,23,D0:F0:18:43:F8:2F,-63,1598425162538
0,24,D0:F0:18:43:F8:2F,-66,1598425163045
0,25,D0:F0:18:43:F8:2F,-66,1598425163499
0,26,D0:F0:18:43:F8:2F,-66,1598425164834
0,27,D0:F0:18:43:F8:33,-77,1598425165341
0,28,D0:F0:18:43:F8:2F,-67,1598425165844
0,29,D0:F0:18:43:F8:33,-79,1598425166348
1,30,D0:F0:18:43:F8:2F,-63,1598425166350
0,31,D0:F0:18:43:F8:2F,-67,1598425166853
0,32,D0:F0:18:43:F8:2F,-68,1598425167357
0,33,D0:F0:18:43:F8:2F,-63,1598425167860
0,34,D0:F0:18:43:F8:2F,-67,1598425168366
0,35,D0:F0:18:43:F8:33,-79,1598425168871
1,36,D0:F0:18:43:F8:2F,-68,1598425168872
0,37,D0:F0:18:43:F8:2F,-67,1598425169375
0,38,D0:F0:18:43:F8:2F,-63,1598425169880
0,39,D0:F0:18:43:F8:33,-79,1598425170385
1,40,D0:F0:18:43:F8:2F,-68,1598425170386
0,41,D0:F0:18:43:F8:33,-79,1598425171395
1,42,D0:F0:18:43:F8:2F,-68,1598425171396
0,43,D0:F0:18:43:F8:2F,-63,1598425172907
0,44,D0:F0:18:43:F8:2F,-63,1598425173412
0,45,D0:F0:18:43:F8:33,-79,1598425174421
1,46,D0:F0:18:43:F8:2F,-67,1598425174423
0,47,D0:F0:18:43:F8:33,-79,1598425174926
1,48,D0:F0:18:43:F8:2F,-68,1598425174928
0,49,D0:F0:18:43:F8:33,-79,1598425175936
1,50,D0:F0:18:43:F8:2F,-67,1598425175938
0,51,D0:F0:18:43:F8:33,-79,1598425176946
1,52,D0:F0:18:43:F8:2F,-67,1598425176947
0,53,D0:F0:18:43:F8:33,-79,1598425177452
1,54,D0:F0:18:43:F8:2F,-68,1598425177453
0,55,D0:F0:18:43:F8:2F,-63,1598425177957
0,56,D0:F0:18:43:F8:33,-79,1598425178463
1,57,D0:F0:18:43:F8:2F,-67,1598425178464
0,58,D0:F0:18:43:F8:2F,-68,1598425178967
0,59,D0:F0:18:43:F8:2F,-67,1598425179472
0,60,D0:F0:18:43:F8:2F,-67,1598425179977
0,61,D0:F0:18:43:F8:33,-79,1598425180482
0,62,D0:F0:18:43:F8:2F,-68,1598425180986
0,63,D0:F0:18:43:F8:33,-79,1598425181996
1,64,D0:F0:18:43:F8:2F,-67,1598425181998
0,65,D0:F0:18:43:F8:2F,-68,1598425182502
0,66,D0:F0:18:43:F8:2F,-67,1598425183006
0,67,D0:F0:18:43:F8:2F,-68,1598425183511
0,68,D0:F0:18:43:F8:2F,-63,1598425184016
0,69,D0:F0:18:43:F8:2F,-67,1598425184521
0,70,D0:F0:18:43:F8:2F,-68,1598425185026
0,71,D0:F0:18:43:F8:33,-79,1598425185530
0,72,D0:F0:18:43:F8:2F,-68,1598425186034
0,73,D0:F0:18:43:F8:2F,-63,1598425186539
0,74,D0:F0:18:43:F8:33,-79,1598425187045
1,75,D0:F0:18:43:F8:2F,-67,1598425187046
0,76,D0:F0:18:43:F8:33,-79,1598425188055
1,77,D0:F0:18:43:F8:2F,-67,1598425188057
0,78,D0:F0:18:43:F8:2F,-68,1598425188561
0,79,D0:F0:18:43:F8:2F,-63,1598425189067
0,0,D0:F0:18:43:F8:33,-75,1598425196131
1,1,D0:F0:18:43:F8:2F,-68,1598425196134
0,2,D0:F0:18:43:F8:33,-74,1598425196637
1,3,D0:F0:18:43:F8:2F,-72,1598425196639
0,4,D0:F0:18:43:F8:33,-76,1598425197142
1,5,D0:F0:18:43:F8:2F,-68,1598425197144
0,6,D0:F0:18:43:F8:33,-77,1598425197647
1,7,D0:F0:18:43:F8:2F,-68,1598425197649
0,8,D0:F0:18:43:F8:33,-77,1598425198153
1,9,D0:F0:18:43:F8:2F,-69,1598425198154
0,10,D0:F0:18:43:F8:33,-74,1598425198658
1,11,D0:F0:18:43:F8:2F,-71,1598425198660
0,12,D0:F0:18:43:F8:33,-77,1598425199164
1,13,D0:F0:18:43:F8:2F,-68,1598425199166
0,14,D0:F0:18:43:F8:33,-77,1598425199670
1,15,D0:F0:18:43:F8:2F,-68,1598425199672
0,16,D0:F0:18:43:F8:33,-80,1598425200175
1,17,D0:F0:18:43:F8:2F,-68,1598425200177
0,18,D0:F0:18:43:F8:33,-75,1598425200681
1,19,D0:F0:18:43:F8:2F,-71,1598425200684
0,20,D0:F0:18:43:F8:33,-74,1598425201187
1,21,D0:F0:18:43:F8:2F,-68,1598425201189
0,22,D0:F0:18:43:F8:33,-74,1598425201693
1,23,D0:F0:18:43:F8:2F,-71,1598425201694
0,24,D0:F0:18:43:F8:2F,-68,1598425202199
0,25,D0:F0:18:43:F8:33,-75,1598425202705
1,26,D0:F0:18:43:F8:2F,-68,1598425202707
0,27,D0:F0:18:43:F8:33,-79,1598425203211
1,28,D0:F0:18:43:F8:2F,-72,1598425203213
0,29,D0:F0:18:43:F8:33,-76,1598425203718
1,30,D0:F0:18:43:F8:2F,-72,1598425203719
0,31,D0:F0:18:43:F8:33,-76,1598425204223
0,32,D0:F0:18:43:F8:33,-76,1598425204728
1,33,D0:F0:18:43:F8:2F,-68,1598425204729
0,34,D0:F0:18:43:F8:33,-79,1598425205234
0,35,D0:F0:18:43:F8:33,-73,1598425205738
1,36,D0:F0:18:43:F8:2F,-67,1598425205740
0,37,D0:F0:18:43:F8:33,-76,1598425206244
1,38,D0:F0:18:43:F8:2F,-68,1598425206246
0,39,D0:F0:18:43:F8:33,-79,1598425206751
1,40,D0:F0:18:43:F8:2F,-72,1598425206752
0,41,D0:F0:18:43:F8:33,-76,1598425207256
1,42,D0:F0:18:43:F8:2F,-68,1598425207257
0,43,D0:F0:18:43:F8:2F,-72,1598425207761
0,44,D0:F0:18:43:F8:33,-82,1598425208267
1,45,D0:F0:18:43:F8:2F,-72,1598425208268
0,46,D0:F0:18:43:F8:2F,-67,1598425208771
0,47,D0:F0:18:43:F8:33,-77,1598425209276
1,48,D0:F0:18:43:F8:2F,-73,1598425209278
0,49,D0:F0:18:43:F8:33,-77,1598425210286
1,50,D0:F0:18:43:F8:2F,-73,1598425210287
0,51,D0:F0:18:43:F8:2F,-73,1598425210792
0,52,D0:F0:18:43:F8:33,-75,1598425211295
1,53,D0:F0:18:43:F8:2F,-69,1598425211297
0,54,D0:F0:18:43:F8:33,-77,1598425212305
1,55,D0:F0:18:43:F8:2F,-68,1598425212306
0,56,D0:F0:18:43:F8:33,-76,1598425212811
0,57,D0:F0:18:43:F8:33,-77,1598425213820
1,58,D0:F0:18:43:F8:2F,-68,1598425213822
0,59,D0:F0:18:43:F8:33,-77,1598425214325
0,60,D0:F0:18:43:F8:33,-77,1598425214831
1,61,D0:F0:18:43:F8:2F,-71,1598425214833
0,62,D0:F0:18:43:F8:33,-78,1598425215337
1,63,D0:F0:18:43:F8:2F,-67,1598425215339
0,64,D0:F0:18:43:F8:33,-74,1598425215841
1,65,D0:F0:18:43:F8:2F,-68,1598425215843
0,66,D0:F0:18:43:F8:33,-76,1598425216347
1,67,D0:F0:18:43:F8:2F,-73,1598425216349
0,68,D0:F0:18:43:F8:33,-77,1598425216853
1,69,D0:F0:18:43:F8:2F,-68,1598425216855
0,70,D0:F0:18:43:F8:33,-74,1598425217358
0,71,D0:F0:18:43:F8:33,-77,1598425217864
1,72,D0:F0:18:43:F8:2F,-68,1598425217866
0,73,D0:F0:18:43:F8:33,-77,1598425218370
1,74,D0:F0:18:43:F8:2F,-68,1598425218373
0,75,D0:F0:18:43:F8:33,-77,1598425218876
1,76,D0:F0:18:43:F8:2F,-68,1598425218878
0,77,D0:F0:18:43:F8:33,-79,1598425219382
1,78,D0:F0:18:43:F8:2F,-68,1598425219384
0,79,D0:F0:18:43:F8:33,-74,1598425219888
0,0,D0:F0:18:43:F8:33,-77,1598425233533
1,1,D0:F0:18:43:F8:2F,-71,1598425233535
0,2,D0:F0:18:43:F8:33,-84,1598425234039
1,3,D0:F0:18:43:F8:2F,-66,1598425234041
0,4,D0:F0:18:43:F8:33,-74,1598425234544
1,5,D0:F0:18:43:F8:2F,-70,1598425234545
0,6,D0:F0:18:43:F8:33,-73,1598425235051
1,7,D0:F0:18:43:F8:2F,-69,1598425235052
0,8,D0:F0:18:43:F8:33,-77,1598425235556
1,9,D0:F0:18:43:F8:2F,-65,1598425235557
0,10,D0:F0:18:43:F8:33,-73,1598425236061
1,11,D0:F0:18:43:F8:2F,-65,1598425236062
0,12,D0:F0:18:43:F8:33,-76,1598425236566
1,13,D0:F0:18:43:F8:2F,-68,1598425236568
0,14,D0:F0:18:43:F8:33,-74,1598425237073
1,15,D0:F0:18:43:F8:2F,-67,1598425237075
0,16,D0:F0:18:43:F8:33,-73,1598425237578
1,17,D0:F0:18:43:F8:2F,-64,1598425237580
0,18,D0:F0:18:43:F8:33,-78,1598425238084
1,19,D0:F0:18:43:F8:2F,-67,1598425238085
0,20,D0:F0:18:43:F8:33,-74,1598425238588
0,21,D0:F0:18:43:F8:33,-78,1598425239094
0,22,D0:F0:18:43:F8:33,-79,1598425239599
0,23,D0:F0:18:43:F8:33,-74,1598425240105
1,24,D0:F0:18:43:F8:2F,-68,1598425240106
0,25,D0:F0:18:43:F8:33,-79,1598425240610
0,26,D0:F0:18:43:F8:2F,-64,1598425241115
0,27,D0:F0:18:43:F8:33,-78,1598425241621
1,28,D0:F0:18:43:F8:2F,-67,1598425241623
0,29,D0:F0:18:43:F8:33,-72,1598425242127
1,30,D0:F0:18:43:F8:2F,-64,1598425242129
0,31,D0:F0:18:43:F8:33,-72,1598425242633
1,32,D0:F0:18:43:F8:2F,-67,1598425242635
0,33,D0:F0:18:43:F8:33,-78,1598425243138
1,34,D0:F0:18:43:F8:2F,-68,1598425243140
0,35,D0:F0:18:43:F8:33,-78,1598425243644
1,36,D0:F0:18:43:F8:2F,-68,1598425243646
0,37,D0:F0:18:43:F8:33,-77,1598425244149
1,38,D0:F0:18:43:F8:2F,-64,1598425244151
0,39,D0:F0:18:43:F8:33,-72,1598425244654
0,40,D0:F0:18:43:F8:33,-72,1598425245160
1,41,D0:F0:18:43:F8:2F,-67,1598425245162
0,42,D0:F0:18:43:F8:33,-79,1598425245666
1,43,D0:F0:18:43:F8:2F,-67,1598425245668
0,44,D0:F0:18:43:F8:33,-73,1598425246170
0,45,D0:F0:18:43:F8:33,-78,1598425246675
0,46,D0:F0:18:43:F8:33,-73,1598425247181
1,47,D0:F0:18:43:F8:2F,-68,1598425247183
0,48,D0:F0:18:43:F8:2F,-64,1598425247686
0,49,D0:F0:18:43:F8:2F,-67,1598425248191
0,50,D0:F0:18:43:F8:2F,-65,1598425248696
0,51,D0:F0:18:43:F8:33,-77,1598425249202
1,52,D0:F0:18:43:F8:2F,-65,1598425249204
0,53,D0:F0:18:43:F8:2F,-67,1598425249707
0,54,D0:F0:18:43:F8:33,-79,1598425250213
1,55,D0:F0:18:43:F8:2F,-64,1598425250215
0,56,D0:F0:18:43:F8:33,-77,1598425251224
1,57,D0:F0:18:43:F8:2F,-67,1598425251225
0,58,D0:F0:18:43:F8:33,-77,1598425251728
0,59,D0:F0:18:43:F8:33,-73,1598425252233
1,60,D0:F0:18:43:F8:2F,-64,1598425252235
0,61,D0:F0:18:43:F8:33,-77,1598425252738
1,62,D0:F0:18:43:F8:2F,-68,1598425252740
0,63,D0:F0:18:43:F8:2F,-68,1598425253243
0,64,D0:F0:18:43:F8:33,-78,1598425253749
1,65,D0:F0:18:43:F8:2F,-67,1598425253751
0,66,D0:F0:18:43:F8:33,-73,1598425254254
1,67,D0:F0:18:43:F8:2F,-67,1598425254256
0,68,D0:F0:18:43:F8:2F,-67,1598425254756
0,69,D0:F0:18:43:F8:33,-78,1598425255768
1,70,D0:F0:18:43:F8:2F,-65,1598425255769
0,71,D0:F0:18:43:F8:33,-73,1598425256273
1,72,D0:F0:18:43:F8:2F,-68,1598425256275
0,73,D0:F0:18:43:F8:33,-77,1598425256778
1,74,D0:F0:18:43:F8:2F,-67,1598425256780
0,75,D0:F0:18:43:F8:2F,-65,1598425257283
0,76,D0:F0:18:43:F8:33,-72,1598425257789
1,77,D0:F0:18:43:F8:2F,-68,1598425257790
0,78,D0:F0:18:43:F8:33,-76,1598425258294
0,79,D0:F0:18:43:F8:33,-72,1598425258799
0,0,D0:F0:18:43:F8:33,-74,1598425271428
1,1,D0:F0:18:43:F8:2F,-65,1598425271430
0,2,D0:F0:18:43:F8:2F,-65,1598425271933
0,3,D0:F0:18:43:F8:33,-71,1598425272438
1,4,D0:F0:18:43:F8:2F,-66,1598425272440
0,5,D0:F0:18:43:F8:33,-71,1598425272943
0,6,D0:F0:18:43:F8:33,-70,1598425273449
1,7,D0:F0:18:43:F8:2F,-65,1598425273451
0,8,D0:F0:18:43:F8:2F,-65,1598425273954
0,9,D0:F0:18:43:F8:33,-68,1598425274460
1,10,D0:F0:18:43:F8:2F,-67,1598425274462
0,11,D0:F0:18:43:F8:33,-71,1598425274966
1,12,D0:F0:18:43:F8:2F,-65,1598425274968
0,13,D0:F0:18:43:F8:33,-69,1598425275472
1,14,D0:F0:18:43:F8:2F,-66,1598425275474
0,15,D0:F0:18:43:F8:33,-69,1598425275977
1,16,D0:F0:18:43:F8:2F,-66,1598425275979
0,17,D0:F0:18:43:F8:33,-73,1598425276483
1,18,D0:F0:18:43:F8:2F,-64,1598425276485
0,19,D0:F0:18:43:F8:33,-69,1598425276989
1,20,D0:F0:18:43:F8:2F,-67,1598425276992
0,21,D0:F0:18:43:F8:33,-70,1598425277494
1,22,D0:F0:18:43:F8:2F,-64,1598425277496
0,23,D0:F0:18:43:F8:33,-70,1598425278000
1,24,D0:F0:18:43:F8:2F,-65,1598425278001
0,25,D0:F0:18:43:F8:33,-70,1598425278505
1,26,D0:F0:18:43:F8:2F,-65,1598425278507
0,27,D0:F0:18:43:F8:33,-71,1598425279010
1,28,D0:F0:18:43:F8:2F,-67,1598425279012
0,29,D0:F0:18:43:F8:33,-69,1598425279515
0,30,D0:F0:18:43:F8:33,-70,1598425280021
1,31,D0:F0:18:43:F8:2F,-65,1598425280023
0,32,D0:F0:18:43:F8:33,-71,1598425280527
1,33,D0:F0:18:43:F8:2F,-65,1598425280529
0,34,D0:F0:18:43:F8:33,-68,1598425281032
1,35,D0:F0:18:43:F8:2F,-64,1598425281033
0,36,D0:F0:18:43:F8:33,-69,1598425281538
1,37,D0:F0:18:43:F8:2F,-66,1598425281539
0,38,D0:F0:18:43:F8:2F,-65,1598425282043
0,39,D0:F0:18:43:F8:33,-71,1598425282549
0,40,D0:F0:18:43:F8:33,-68,1598425283055
1,41,D0:F0:18:43:F8:2F,-65,1598425283056
0,42,D0:F0:18:43:F8:33,-70,1598425283560
1,43,D0:F0:18:43:F8:2F,-65,1598425283562
0,44,D0:F0:18:43:F8:33,-71,1598425284066
1,45,D0:F0:18:43:F8:2F,-67,1598425284067
0,46,D0:F0:18:43:F8:33,-68,1598425284569
1,47,D0:F0:18:43:F8:2F,-65,1598425284570
0,48,D0:F0:18:43:F8:33,-70,1598425285075
1,49,D0:F0:18:43:F8:2F,-64,1598425285076
0,50,D0:F0:18:43:F8:33,-68,1598425285580
1,51,D0:F0:18:43:F8:2F,-66,1598425285582
0,52,D0:F0:18:43:F8:33,-71,1598425286590
0,53,D0:F0:18:43:F8:33,-73,1598425287095
1,54,D0:F0:18:43:F8:2F,-65,1598425287097
0,55,D0:F0:18:43:F8:33,-70,1598425287602
1,56,D0:F0:18:43:F8:2F,-65,1598425287604
0,57,D0:F0:18:43:F8:33,-73,1598425288107
1,58,D0:F0:18:43:F8:2F,-66,1598425288109
0,59,D0:F0:18:43:F8:33,-73,1598425288612
1,60,D0:F0:18:43:F8:2F,-65,1598425288614
0,61,D0:F0:18:43:F8:33,-70,1598425289119
1,62,D0:F0:18:43:F8:2F,-64,1598425289121
0,63,D0:F0:18:43:F8:2F,-65,1598425289623
0,64,D0:F0:18:43:F8:33,-70,1598425290128
1,65,D0:F0:18:43:F8:2F,-64,1598425290130
0,66,D0:F0:18:43:F8:33,-70,1598425290634
1,67,D0:F0:18:43:F8:2F,-66,1598425290636
0,68,D0:F0:18:43:F8:33,-73,1598425291140
1,69,D0:F0:18:43:F8:2F,-65,1598425291141
0,70,D0:F0:18:43:F8:33,-70,1598425291645
1,71,D0:F0:18:43:F8:2F,-64,1598425291647
0,72,D0:F0:18:43:F8:33,-73,1598425292151
1,73,D0:F0:18:43:F8:2F,-65,1598425292153
0,74,D0:F0:18:43:F8:33,-70,1598425292656
0,75,D0:F0:18:43:F8:33,-73,1598425293162
1,76,D0:F0:18:43:F8:2F,-67,1598425293164
0,77,D0:F0:18:43:F8:33,-70,1598425293667
0,78,D0:F0:18:43:F8:33,-70,1598425294173
1,79,D0:F0:18:43:F8:2F,-65,1598425294175
0,0,D0:F0:18:43:F8:33,-71,1598425302262
1,1,D0:F0:18:43:F8:2F,-73,1598425302264
0,2,D0:F0:18:43:F8:33,-70,1598425302768
1,3,D0:F0:18:43:F8:2F,-68,1598425302770
0,4,D0:F0:18:43:F8:33,-69,1598425303277
1,5,D0:F0:18:43:F8:2F,-68,1598425303280
0,6,D0:F0:18:43:F8:33,-69,1598425303782
0,7,D0:F0:18:43:F8:33,-72,1598425304288
1,8,D0:F0:18:43:F8:2F,-70,1598425304290
0,9,D0:F0:18:43:F8:33,-68,1598425304794
1,10,D0:F0:18:43:F8:2F,-68,1598425304796
0,11,D0:F0:18:43:F8:33,-67,1598425305300
1,12,D0:F0:18:43:F8:2F,-79,1598425305302
0,13,D0:F0:18:43:F8:33,-71,1598425305808
1,14,D0:F0:18:43:F8:2F,-71,1598425305810
0,15,D0:F0:18:43:F8:2F,-68,1598425306314
0,16,D0:F0:18:43:F8:33,-68,1598425306819
1,17,D0:F0:18:43:F8:2F,-78,1598425306820
0,18,D0:F0:18:43:F8:33,-70,1598425307323
1,19,D0:F0:18:43:F8:2F,-70,1598425307325
0,20,D0:F0:18:43:F8:33,-70,1598425307828
1,21,D0:F0:18:43:F8:2F,-68,1598425307830
0,22,D0:F0:18:43:F8:2F,-77,1598425308334
0,23,D0:F0:18:43:F8:33,-70,1598425308838
1,24,D0:F0:18:43:F8:2F,-69,1598425308840
0,25,D0:F0:18:43:F8:33,-70,1598425309344
1,26,D0:F0:18:43:F8:2F,-69,1598425309345
0,27,D0:F0:18:43:F8:33,-70,1598425309849
0,28,D0:F0:18:43:F8:2F,-70,1598425310858
0,29,D0:F0:18:43:F8:33,-67,1598425311364
0,30,D0:F0:18:43:F8:33,-72,1598425311868
1,31,D0:F0:18:43:F8:2F,-82,1598425311870
0,32,D0:F0:18:43:F8:33,-71,1598425312374
1,33,D0:F0:18:43:F8:2F,-68,1598425312375
0,34,D0:F0:18:43:F8:33,-71,1598425312879
1,35,D0:F0:18:43:F8:2F,-77,1598425312881
0,36,D0:F0:18:43:F8:33,-67,1598425313385
1,37,D0:F0:18:43:F8:2F,-68,1598425313386
0,38,D0:F0:18:43:F8:33,-71,1598425314396
1,39,D0:F0:18:43:F8:2F,-70,1598425314397
0,40,D0:F0:18:43:F8:33,-68,1598425314899
1,41,D0:F0:18:43:F8:2F,-68,1598425314900
0,42,D0:F0:18:43:F8:33,-71,1598425315404
0,43,D0:F0:18:43:F8:33,-68,1598425315909
1,44,D0:F0:18:43:F8:2F,-70,1598425315911
0,45,D0:F0:18:43:F8:33,-71,1598425316415
1,46,D0:F0:18:43:F8:2F,-80,1598425316416
0,47,D0:F0:18:43:F8:33,-71,1598425316919
0,48,D0:F0:18:43:F8:33,-68,1598425317425
1,49,D0:F0:18:43:F8:2F,-68,1598425317427
0,50,D0:F0:18:43:F8:33,-68,1598425317932
1,51,D0:F0:18:43:F8:2F,-68,1598425317933
0,52,D0:F0:18:43:F8:2F,-70,1598425318437
0,53,D0:F0:18:43:F8:2F,-68,1598425318942
0,54,D0:F0:18:43:F8:33,-71,1598425319952
1,55,D0:F0:18:43:F8:2F,-70,1598425319954
0,56,D0:F0:18:43:F8:2F,-70,1598425320458
0,57,D0:F0:18:43:F8:33,-68,1598425320964
1,58,D0:F0:18:43:F8:2F,-68,1598425320966
0,59,D0:F0:18:43:F8:33,-70,1598425321470
1,60,D0:F0:18:43:F8:2F,-68,1598425321471
0,61,D0:F0:18:43:F8:33,-68,1598425322481
1,62,D0:F0:18:43:F8:2F,-70,1598425322482
0,63,D0:F0:18:43:F8:33,-71,1598425322986
1,64,D0:F0:18:43:F8:2F,-68,1598425322987
0,65,D0:F0:18:43:F8:33,-70,1598425323491
0,66,D0:F0:18:43:F8:33,-68,1598425323996
1,67,D0:F0:18:43:F8:2F,-68,1598425323997
0,68,D0:F0:18:43:F8:33,-68,1598425324501
1,69,D0:F0:18:43:F8:2F,-68,1598425324502
0,70,D0:F0:18:43:F8:33,-71,1598425325006
1,71,D0:F0:18:43:F8:2F,-70,1598425325007
0,72,D0:F0:18:43:F8:33,-71,1598425325511
1,73,D0:F0:18:43:F8:2F,-68,1598425325513
0,74,D0:F0:18:43:F8:33,-68,1598425326017
1,75,D0:F0:18:43:F8:2F,-82,1598425326019
0,76,D0:F0:18:43:F8:33,-71,1598425326523
1,77,D0:F0:18:43:F8:2F,-68,1598425326524
0,78,D0:F0:18:43:F8:33,-70,1598425327025
0,79,D0:F0:18:43:F8:33,-71,1598425327532
0,0,D0:F0:18:43:F8:33,-59,1598425335110
1,1,D0:F0:18:43:F8:2F,-73,1598425335111
0,2,D0:F0:18:43:F8:33,-63,1598425335615
0,3,D0:F0:18:43:F8:2F,-71,1598425336117
0,4,D0:F0:18:43:F8:33,-63,1598425336622
1,5,D0:F0:18:43:F8:2F,-72,1598425336624
0,6,D0:F0:18:43:F8:2F,-74,1598425337128
0,7,D0:F0:18:43:F8:33,-61,1598425337633
1,8,D0:F0:18:43:F8:2F,-75,1598425337635
0,9,D0:F0:18:43:F8:33,-62,1598425338139
1,10,D0:F0:18:43:F8:2F,-71,1598425338141
0,11,D0:F0:18:43:F8:33,-61,1598425338645
1,12,D0:F0:18:43:F8:2F,-76,1598425338647
0,13,D0:F0:18:43:F8:33,-61,1598425339151
0,14,D0:F0:18:43:F8:33,-61,1598425339657
1,15,D0:F0:18:43:F8:2F,-73,1598425339659
0,16,D0:F0:18:43:F8:33,-61,1598425340163
1,17,D0:F0:18:43:F8:2F,-77,1598425340165
0,18,D0:F0:18:43:F8:33,-62,1598425340670
1,19,D0:F0:18:43:F8:2F,-71,1598425340671
0,20,D0:F0:18:43:F8:33,-61,1598425341175
0,21,D0:F0:18:43:F8:33,-61,1598425341682
1,22,D0:F0:18:43:F8:2F,-76,1598425341683
0,23,D0:F0:18:43:F8:33,-62,1598425342186
0,24,D0:F0:18:43:F8:33,-62,1598425342692
1,25,D0:F0:18:43:F8:2F,-71,1598425342694
0,26,D0:F0:18:43:F8:33,-62,1598425343198
1,27,D0:F0:18:43:F8:2F,-80,1598425343199
0,28,D0:F0:18:43:F8:2F,-80,1598425343703
0,29,D0:F0:18:43:F8:33,-61,1598425344208
1,30,D0:F0:18:43:F8:2F,-71,1598425344210
0,31,D0:F0:18:43:F8:33,-62,1598425344713
0,32,D0:F0:18:43:F8:33,-63,1598425345219
1,33,D0:F0:18:43:F8:2F,-71,1598425345221
0,34,D0:F0:18:43:F8:33,-62,1598425345724
1,35,D0:F0:18:43:F8:2F,-76,1598425345726
0,36,D0:F0:18:43:F8:33,-62,1598425346230
1,37,D0:F0:18:43:F8:2F,-80,1598425346231
0,38,D0:F0:18:43:F8:33,-61,1598425346735
1,39,D0:F0:18:43:F8:2F,-71,1598425346737
0,40,D0:F0:18:43:F8:33,-62,1598425347240
0,41,D0:F0:18:43:F8:33,-63,1598425347746
1,42,D0:F0:18:43:F8:2F,-76,1598425347748
0,43,D0:F0:18:43:F8:33,-60,1598425348252
1,44,D0:F0:18:43:F8:2F,-79,1598425348254
0,45,D0:F0:18:43:F8:33,-62,1598425348758
1,46,D0:F0:18:43:F8:2F,-71,1598425348759
0,47,D0:F0:18:43:F8:2F,-75,1598425349262
0,48,D0:F0:18:43:F8:33,-62,1598425349767
1,49,D0:F0:18:43:F8:2F,-71,1598425349769
0,50,D0:F0:18:43:F8:33,-60,1598425350273
1,51,D0:F0:18:43:F8:2F,-71,1598425350275
0,52,D0:F0:18:43:F8:33,-62,1598425350779
1,53,D0:F0:18:43:F8:2F,-79,1598425350781
0,54,D0:F0:18:43:F8:33,-62,1598425351286
1,55,D0:F0:18:43:F8:2F,-79,1598425351287
0,56,D0:F0:18:43:F8:33,-63,1598425351791
1,57,D0:F0:18:43:F8:2F,-71,1598425351793
0,58,D0:F0:18:43:F8:33,-60,1598425352298
1,59,D0:F0:18:43:F8:2F,-76,1598425352299
0,60,D0:F0:18:43:F8:33,-62,1598425352803
1,61,D0:F0:18:43:F8:2F,-80,1598425352805
0,62,D0:F0:18:43:F8:33,-61,1598425353309
1,63,D0:F0:18:43:F8:2F,-75,1598425353311
0,64,D0:F0:18:43:F8:33,-62,1598425353814
0,65,D0:F0:18:43:F8:33,-62,1598425354318
1,66,D0:F0:18:43:F8:2F,-79,1598425354319
0,67,D0:F0:18:43:F8:33,-60,1598425354823
0,68,D0:F0:18:43:F8:33,-62,1598425355329
1,69,D0:F0:18:43:F8:2F,-71,1598425355331
0,70,D0:F0:18:43:F8:2F,-71,1598425355834
0,71,D0:F0:18:43:F8:33,-62,1598425356340
1,72,D0:F0:18:43:F8:2F,-71,1598425356342
0,73,D0:F0:18:43:F8:33,-61,1598425356846
1,74,D0:F0:18:43:F8:2F,-75,1598425356847
0,75,D0:F0:18:43:F8:33,-62,1598425357352
1,76,D0:F0:18:43:F8:2F,-71,1598425357354
0,77,D0:F0:18:43:F8:33,-62,1598425357857
1,78,D0:F0:18:43:F8:2F,-71,1598425357859
0,79,D0:F0:18:43:F8:33,-60,1598425358363
0,0,D0:F0:18:43:F8:33,-21,1598425369990
0,1,D0:F0:18:43:F8:33,-21,1598425370495
0,2,D0:F0:18:43:F8:33,-21,1598425371001
1,3,D0:F0:18:43:F8:2F,-78,1598425371003
0,4,D0:F0:18:43:F8:33,-21,1598425371507
1,5,D0:F0:18:43:F8:2F,-76,1598425371508
0,6,D0:F0:18:43:F8:33,-21,1598425372013
1,7,D0:F0:18:43:F8:2F,-77,1598425372014
0,8,D0:F0:18:43:F8:33,-21,1598425372518
0,9,D0:F0:18:43:F8:33,-21,1598425373530
1,10,D0:F0:18:43:F8:2F,-77,1598425373533
0,11,D0:F0:18:43:F8:33,-21,1598425374541
1,12,D0:F0:18:43:F8:2F,-77,1598425374542
0,13,D0:F0:18:43:F8:33,-21,1598425375042
1,14,D0:F0:18:43:F8:2F,-79,1598425375043
0,15,D0:F0:18:43:F8:33,-21,1598425375548
1,16,D0:F0:18:43:F8:2F,-77,1598425375549
0,17,D0:F0:18:43:F8:33,-21,1598425376053
1,18,D0:F0:18:43:F8:2F,-77,1598425376055
0,19,D0:F0:18:43:F8:33,-21,1598425376558
1,20,D0:F0:18:43:F8:2F,-77,1598425376560
0,21,D0:F0:18:43:F8:33,-21,1598425377060
1,22,D0:F0:18:43:F8:2F,-77,1598425377060
0,23,D0:F0:18:43:F8:2F,-78,1598425377565
0,24,D0:F0:18:43:F8:33,-21,1598425378070
1,25,D0:F0:18:43:F8:2F,-77,1598425378072
0,26,D0:F0:18:43:F8:2F,-77,1598425378576
0,27,D0:F0:18:43:F8:33,-21,1598425379081
0,28,D0:F0:18:43:F8:2F,-78,1598425379586
0,29,D0:F0:18:43:F8:33,-21,1598425380090
1,30,D0:F0:18:43:F8:2F,-78,1598425380091
0,31,D0:F0:18:43:F8:33,-21,1598425380595
0,32,D0:F0:18:43:F8:33,-21,1598425381101
0,33,D0:F0:18:43:F8:33,-21,1598425381606
1,34,D0:F0:18:43:F8:2F,-78,1598425381607
0,35,D0:F0:18:43:F8:33,-21,1598425382111
1,36,D0:F0:18:43:F8:2F,-77,1598425382112
0,37,D0:F0:18:43:F8:33,-21,1598425382615
0,38,D0:F0:18:43:F8:33,-21,1598425383120
1,39,D0:F0:18:43:F8:2F,-78,1598425383122
0,40,D0:F0:18:43:F8:33,-21,1598425383626
1,41,D0:F0:18:43:F8:2F,-77,1598425383627
0,42,D0:F0:18:43:F8:33,-21,1598425384132
1,43,D0:F0:18:43:F8:2F,-77,1598425384133
0,44,D0:F0:18:43:F8:33,-21,1598425384638
1,45,D0:F0:18:43:F8:2F,-77,1598425384640
0,46,D0:F0:18:43:F8:2F,-77,1598425385142
0,47,D0:F0:18:43:F8:33,-21,1598425385647
1,48,D0:F0:18:43:F8:2F,-77,1598425385649
0,49,D0:F0:18:43:F8:33,-21,1598425386153
1,50,D0:F0:18:43:F8:2F,-76,1598425386155
0,51,D0:F0:18:43:F8:33,-21,1598425386658
0,52,D0:F0:18:43:F8:2F,-77,1598425387164
0,53,D0:F0:18:43:F8:33,-21,1598425387671
0,54,D0:F0:18:43:F8:33,-21,1598425388177
1,55,D0:F0:18:43:F8:2F,-77,1598425388178
0,56,D0:F0:18:43:F8:33,-21,1598425388682
1,57,D0:F0:18:43:F8:2F,-77,1598425388683
0,58,D0:F0:18:43:F8:33,-21,1598425389186
1,59,D0:F0:18:43:F8:2F,-77,1598425389187
0,60,D0:F0:18:43:F8:33,-21,1598425389692
1,61,D0:F0:18:43:F8:2F,-77,1598425389693
0,62,D0:F0:18:43:F8:33,-21,1598425390196
0,63,D0:F0:18:43:F8:33,-21,1598425390702
1,64,D0:F0:18:43:F8:2F,-76,1598425390704
0,65,D0:F0:18:43:F8:33,-21,1598425391207
1,66,D0:F0:18:43:F8:2F,-76,1598425391209
0,67,D0:F0:18:43:F8:33,-21,1598425391712
1,68,D0:F0:18:43:F8:2F,-77,1598425391714
0,69,D0:F0:18:43:F8:33,-21,1598425392217
1,70,D0:F0:18:43:F8:2F,-77,1598425392219
0,71,D0:F0:18:43:F8:33,-21,1598425392723
0,72,D0:F0:18:43:F8:33,-21,1598425393228
1,73,D0:F0:18:43:F8:2F,-76,1598425393230
0,74,D0:F0:18:43:F8:33,-21,1598425393734
1,75,D0:F0:18:43:F8:2F,-75,1598425393736
0,76,D0:F0:18:43:F8:33,-21,1598425394239
0,77,D0:F0:18:43:F8:33,-21,1598425394745
1,78,D0:F0:18:43:F8:2F,-76,1598425394747
0,79,D0:F0:18:43:F8:33,-21,1598425395250
0,0,D0:F0:18:43:F8:33,-21,1598425401315
0,1,D0:F0:18:43:F8:2F,-74,1598425401819
0,2,D0:F0:18:43:F8:33,-21,1598425402324
0,3,D0:F0:18:43:F8:33,-21,1598425402830
0,4,D0:F0:18:43:F8:33,-21,1598425403335
1,5,D0:F0:18:43:F8:2F,-78,1598425403336
0,6,D0:F0:18:43:F8:2F,-75,1598425403841
0,7,D0:F0:18:43:F8:33,-21,1598425404346
0,8,D0:F0:18:43:F8:33,-21,1598425404848
0,9,D0:F0:18:43:F8:33,-21,1598425405354
1,10,D0:F0:18:43:F8:2F,-79,1598425405356
0,11,D0:F0:18:43:F8:33,-21,1598425405858
0,12,D0:F0:18:43:F8:33,-21,1598425406363
1,13,D0:F0:18:43:F8:2F,-74,1598425406365
0,14,D0:F0:18:43:F8:33,-21,1598425406868
0,15,D0:F0:18:43:F8:33,-21,1598425407374
0,16,D0:F0:18:43:F8:33,-21,1598425407880
1,17,D0:F0:18:43:F8:2F,-76,1598425407881
0,18,D0:F0:18:43:F8:33,-21,1598425408385
1,19,D0:F0:18:43:F8:2F,-79,1598425408386
0,20,D0:F0:18:43:F8:33,-21,1598425408891
1,21,D0:F0:18:43:F8:2F,-75,1598425408892
0,22,D0:F0:18:43:F8:33,-21,1598425409396
1,23,D0:F0:18:43:F8:2F,-75,1598425409397
0,24,D0:F0:18:43:F8:33,-21,1598425409902
0,25,D0:F0:18:43:F8:33,-21,1598425410407
0,26,D0:F0:18:43:F8:33,-21,1598425410913
1,27,D0:F0:18:43:F8:2F,-75,1598425410915
0,28,D0:F0:18:43:F8:33,-21,1598425411418
0,29,D0:F0:18:43:F8:33,-21,1598425411924
1,30,D0:F0:18:43:F8:2F,-76,1598425411926
0,31,D0:F0:18:43:F8:33,-21,1598425412429
0,32,D0:F0:18:43:F8:33,-21,1598425412935
0,33,D0:F0:18:43:F8:33,-21,1598425413439
1,34,D0:F0:18:43:F8:2F,-75,1598425413441
0,35,D0:F0:18:43:F8:33,-21,1598425413945
0,36,D0:F0:18:43:F8:33,-21,1598425414451
0,37,D0:F0:18:43:F8:33,-21,1598425414956
1,38,D0:F0:18:43:F8:2F,-76,1598425414958
0,39,D0:F0:18:43:F8:33,-21,1598425415462
0,40,D0:F0:18:43:F8:33,-21,1598425415967
1,41,D0:F0:18:43:F8:2F,-75,1598425415969
0,42,D0:F0:18:43:F8:33,-21,1598425417482
1,43,D0:F0:18:43:F8:2F,-76,1598425417483
0,44,D0:F0:18:43:F8:33,-21,1598425417986
0,45,D0:F0:18:43:F8:33,-21,1598425418492
1,46,D0:F0:18:43:F8:2F,-74,1598425418494
0,47,D0:F0:18:43:F8:33,-21,1598425418997
0,48,D0:F0:18:43:F8:33,-21,1598425419503
1,49,D0:F0:18:43:F8:2F,-76,1598425419504
0,50,D0:F0:18:43:F8:33,-21,1598425420512
1,51,D0:F0:18:43:F8:2F,-78,1598425420513
0,52,D0:F0:18:43:F8:33,-21,1598425421016
0,53,D0:F0:18:43:F8:33,-21,1598425421521
1,54,D0:F0:18:43:F8:2F,-74,1598425421523
0,55,D0:F0:18:43:F8:33,-21,1598425422026
1,56,D0:F0:18:43:F8:2F,-75,1598425422028
0,57,D0:F0:18:43:F8:33,-21,1598425422532
1,58,D0:F0:18:43:F8:2F,-79,1598425422533
0,59,D0:F0:18:43:F8:33,-21,1598425423037
1,60,D0:F0:18:43:F8:2F,-74,1598425423038
0,61,D0:F0:18:43:F8:33,-21,1598425423542
0,62,D0:F0:18:43:F8:33,-21,1598425424047
0,63,D0:F0:18:43:F8:33,-21,1598425424552
1,64,D0:F0:18:43:F8:2F,-76,1598425424553
0,65,D0:F0:18:43:F8:33,-21,1598425425057
0,66,D0:F0:18:43:F8:33,-21,1598425425563
0,67,D0:F0:18:43:F8:33,-21,1598425426068
0,68,D0:F0:18:43:F8:33,-21,1598425427080
1,69,D0:F0:18:43:F8:2F,-76,1598425427081
0,70,D0:F0:18:43:F8:33,-21,1598425428091
1,71,D0:F0:18:43:F8:2F,-76,1598425428092
0,72,D0:F0:18:43:F8:33,-21,1598425428596
0,73,D0:F0:18:43:F8:33,-21,1598425429099
0,74,D0:F0:18:43:F8:33,-21,1598425429605
1,75,D0:F0:18:43:F8:2F,-76,1598425429607
0,76,D0:F0:18:43:F8:33,-21,1598425430111
1,77,D0:F0:18:43:F8:2F,-77,1598425430112
0,78,D0:F0:18:43:F8:33,-21,1598425430615
1,79,D0:F0:18:43:F8:2F,-77,1598425430617
0,0,D0:F0:18:43:F8:33,-61,1598425437180
0,1,D0:F0:18:43:F8:33,-60,1598425437685
0,2,D0:F0:18:43:F8:33,-61,1598425438191
1,3,D0:F0:18:43:F8:2F,-72,1598425438193
0,4,D0:F0:18:43:F8:33,-62,1598425438696
0,5,D0:F0:18:43:F8:2F,-73,1598425439202
0,6,D0:F0:18:43:F8:33,-60,1598425439708
0,7,D0:F0:18:43:F8:33,-60,1598425440213
1,8,D0:F0:18:43:F8:2F,-73,1598425440214
0,9,D0:F0:18:43:F8:33,-61,1598425441222
0,10,D0:F0:18:43:F8:33,-62,1598425441728
1,11,D0:F0:18:43:F8:2F,-73,1598425441730
0,12,D0:F0:18:43:F8:33,-60,1598425442233
0,13,D0:F0:18:43:F8:33,-60,1598425442738
0,14,D0:F0:18:43:F8:33,-60,1598425443243
0,15,D0:F0:18:43:F8:33,-60,1598425443748
0,16,D0:F0:18:43:F8:33,-63,1598425444254
0,17,D0:F0:18:43:F8:33,-59,1598425444758
0,18,D0:F0:18:43:F8:2F,-72,1598425445263
0,19,D0:F0:18:43:F8:33,-60,1598425446778
0,20,D0:F0:18:43:F8:33,-59,1598425447789
0,21,D0:F0:18:43:F8:33,-60,1598425449303
1,22,D0:F0:18:43:F8:2F,-73,1598425449305
0,23,D0:F0:18:43:F8:33,-60,1598425449808
0,24,D0:F0:18:43:F8:33,-61,1598425450819
1,25,D0:F0:18:43:F8:2F,-72,1598425450820
0,26,D0:F0:18:43:F8:33,-61,1598425451325
0,27,D0:F0:18:43:F8:33,-60,1598425451830
1,28,D0:F0:18:43:F8:2F,-72,1598425451831
0,29,D0:F0:18:43:F8:33,-61,1598425452334
0,30,D0:F0:18:43:F8:33,-60,1598425452839
0,31,D0:F0:18:43:F8:33,-60,1598425453345
1,32,D0:F0:18:43:F8:2F,-73,1598425453347
0,33,D0:F0:18:43:F8:33,-60,1598425453850
1,34,D0:F0:18:43:F8:2F,-73,1598425453852
0,35,D0:F0:18:43:F8:33,-60,1598425454355
0,36,D0:F0:18:43:F8:2F,-73,1598425454860
0,37,D0:F0:18:43:F8:33,-60,1598425455870
0,38,D0:F0:18:43:F8:33,-60,1598425456375
1,39,D0:F0:18:43:F8:2F,-72,1598425456376
0,40,D0:F0:18:43:F8:33,-60,1598425457387
1,41,D0:F0:18:43:F8:2F,-73,1598425457389
0,42,D0:F0:18:43:F8:33,-60,1598425457893
0,43,D0:F0:18:43:F8:33,-60,1598425458398
0,44,D0:F0:18:43:F8:33,-60,1598425458902
0,45,D0:F0:18:43:F8:33,-60,1598425459407
0,46,D0:F0:18:43:F8:33,-60,1598425459912
1,47,D0:F0:18:43:F8:2F,-73,1598425459914
0,48,D0:F0:18:43:F8:33,-60,1598425460417
0,49,D0:F0:18:43:F8:33,-60,1598425460923
0,50,D0:F0:18:43:F8:2F,-72,1598425461427
0,51,D0:F0:18:43:F8:33,-60,1598425461931
0,52,D0:F0:18:43:F8:33,-60,1598425462436
0,53,D0:F0:18:43:F8:33,-61,1598425462941
1,54,D0:F0:18:43:F8:2F,-73,1598425462943
0,55,D0:F0:18:43:F8:33,-60,1598425463446
0,56,D0:F0:18:43:F8:33,-60,1598425464023
1,57,D0:F0:18:43:F8:2F,-73,1598425464024
0,58,D0:F0:18:43:F8:33,-60,1598425465343
1,59,D0:F0:18:43:F8:2F,-73,1598425465344
0,60,D0:F0:18:43:F8:33,-60,1598425465846
0,61,D0:F0:18:43:F8:33,-60,1598425466351
1,62,D0:F0:18:43:F8:2F,-73,1598425466353
0,63,D0:F0:18:43:F8:33,-61,1598425466856
1,64,D0:F0:18:43:F8:2F,-73,1598425466858
0,65,D0:F0:18:43:F8:33,-60,1598425467361
0,66,D0:F0:18:43:F8:33,-60,1598425467865
1,67,D0:F0:18:43:F8:2F,-73,1598425467867
0,68,D0:F0:18:43:F8:33,-60,1598425468369
0,69,D0:F0:18:43:F8:33,-60,1598425468874
1,70,D0:F0:18:43:F8:2F,-73,1598425468875
0,71,D0:F0:18:43:F8:33,-60,1598425469377
1,72,D0:F0:18:43:F8:2F,-73,1598425469379
0,73,D0:F0:18:43:F8:33,-60,1598425469882
0,74,D0:F0:18:43:F8:33,-60,1598425470387
0,75,D0:F0:18:43:F8:33,-60,1598425470892
1,76,D0:F0:18:43:F8:2F,-73,1598425470894
0,77,D0:F0:18:43:F8:33,-61,1598425471397
1,78,D0:F0:18:43:F8:2F,-80,1598425471398
0,79,D0:F0:18:43:F8:33,-60,1598425471901
0,0,D0:F0:18:43:F8:33,-70,1598425479474
1,1,D0:F0:18:43:F8:2F,-71,1598425479476
0,2,D0:F0:18:43:F8:33,-72,1598425479980
1,3,D0:F0:18:43:F8:2F,-68,1598425479981
0,4,D0:F0:18:43:F8:33,-68,1598425480482
1,5,D0:F0:18:43:F8:2F,-71,1598425480483
0,6,D0:F0:18:43:F8:33,-70,1598425480987
1,7,D0:F0:18:43:F8:2F,-70,1598425480988
0,8,D0:F0:18:43:F8:33,-69,1598425481492
1,9,D0:F0:18:43:F8:2F,-70,1598425481493
0,10,D0:F0:18:43:F8:33,-69,1598425481996
0,11,D0:F0:18:43:F8:33,-70,1598425482502
1,12,D0:F0:18:43:F8:2F,-70,1598425482504
0,13,D0:F0:18:43:F8:33,-67,1598425483008
1,14,D0:F0:18:43:F8:2F,-74,1598425483010
0,15,D0:F0:18:43:F8:33,-70,1598425483514
1,16,D0:F0:18:43:F8:2F,-71,1598425483515
0,17,D0:F0:18:43:F8:33,-70,1598425484018
1,18,D0:F0:18:43:F8:2F,-69,1598425484020
0,19,D0:F0:18:43:F8:33,-68,1598425484524
1,20,D0:F0:18:43:F8:2F,-74,1598425484525
0,21,D0:F0:18:43:F8:33,-69,1598425485029
1,22,D0:F0:18:43:F8:2F,-70,1598425485032
0,23,D0:F0:18:43:F8:33,-70,1598425485536
1,24,D0:F0:18:43:F8:2F,-68,1598425485538
0,25,D0:F0:18:43:F8:33,-69,1598425486042
1,26,D0:F0:18:43:F8:2F,-73,1598425486043
0,27,D0:F0:18:43:F8:33,-69,1598425486546
1,28,D0:F0:18:43:F8:2F,-68,1598425486548
0,29,D0:F0:18:43:F8:33,-70,1598425487052
0,30,D0:F0:18:43:F8:33,-70,1598425487557
1,31,D0:F0:18:43:F8:2F,-70,1598425487558
0,32,D0:F0:18:43:F8:33,-69,1598425488063
1,33,D0:F0:18:43:F8:2F,-69,1598425488065
0,34,D0:F0:18:43:F8:33,-70,1598425488569
0,35,D0:F0:18:43:F8:33,-70,1598425489075
1,36,D0:F0:18:43:F8:2F,-68,1598425489076
0,37,D0:F0:18:43:F8:2F,-68,1598425489581
0,38,D0:F0:18:43:F8:33,-70,1598425490085
1,39,D0:F0:18:43:F8:2F,-70,1598425490087
0,40,D0:F0:18:43:F8:33,-68,1598425490591
1,41,D0:F0:18:43:F8:2F,-68,1598425490593
0,42,D0:F0:18:43:F8:33,-67,1598425491097
1,43,D0:F0:18:43:F8:2F,-74,1598425491098
0,44,D0:F0:18:43:F8:2F,-69,1598425491602
0,45,D0:F0:18:43:F8:2F,-68,1598425492106
0,46,D0:F0:18:43:F8:33,-69,1598425492612
1,47,D0:F0:18:43:F8:2F,-75,1598425492613
0,48,D0:F0:18:43:F8:33,-68,1598425493118
1,49,D0:F0:18:43:F8:2F,-68,1598425493121
0,50,D0:F0:18:43:F8:33,-68,1598425493623
1,51,D0:F0:18:43:F8:2F,-74,1598425493625
0,52,D0:F0:18:43:F8:33,-70,1598425494128
1,53,D0:F0:18:43:F8:2F,-70,1598425494130
0,54,D0:F0:18:43:F8:2F,-68,1598425494643
0,55,D0:F0:18:43:F8:33,-70,1598425495149
1,56,D0:F0:18:43:F8:2F,-74,1598425495151
0,57,D0:F0:18:43:F8:33,-70,1598425495655
1,58,D0:F0:18:43:F8:2F,-67,1598425495657
0,59,D0:F0:18:43:F8:33,-69,1598425496161
1,60,D0:F0:18:43:F8:2F,-68,1598425496162
0,61,D0:F0:18:43:F8:33,-70,1598425496666
1,62,D0:F0:18:43:F8:2F,-70,1598425496668
0,63,D0:F0:18:43:F8:33,-69,1598425497168
0,64,D0:F0:18:43:F8:33,-68,1598425497674
1,65,D0:F0:18:43:F8:2F,-73,1598425497675
0,66,D0:F0:18:43:F8:33,-69,1598425498179
1,67,D0:F0:18:43:F8:2F,-70,1598425498180
0,68,D0:F0:18:43:F8:2F,-67,1598425498685
0,69,D0:F0:18:43:F8:33,-69,1598425499191
1,70,D0:F0:18:43:F8:2F,-73,1598425499193
0,71,D0:F0:18:43:F8:33,-71,1598425499698
1,72,D0:F0:18:43:F8:2F,-70,1598425499699
0,73,D0:F0:18:43:F8:33,-71,1598425500204
1,74,D0:F0:18:43:F8:2F,-75,1598425500205
0,75,D0:F0:18:43:F8:33,-69,1598425500709
0,76,D0:F0:18:43:F8:33,-70,1598425501215
1,77,D0:F0:18:43:F8:2F,-68,1598425501217
0,78,D0:F0:18:43:F8:2F,-77,1598425501721
0,79,D0:F0:18:43:F8:33,-68,1598425502226
0,0,D0:F0:18:43:F8:2F,-67,1598425513077
0,1,D0:F0:18:43:F8:33,-68,1598425513581
1,2,D0:F0:18:43:F8:2F,-66,1598425513583
0,3,D0:F0:18:43:F8:33,-71,1598425514084
0,4,D0:F0:18:43:F8:33,-71,1598425515095
0,5,D0:F0:18:43:F8:2F,-66,1598425515602
0,6,D0:F0:18:43:F8:33,-68,1598425516107
0,7,D0:F0:18:43:F8:33,-75,1598425516608
1,8,D0:F0:18:43:F8:2F,-66,1598425516609
0,9,D0:F0:18:43:F8:33,-72,1598425517115
1,10,D0:F0:18:43:F8:2F,-65,1598425517116
0,11,D0:F0:18:43:F8:33,-70,1598425517619
1,12,D0:F0:18:43:F8:2F,-63,1598425517621
0,13,D0:F0:18:43:F8:33,-72,1598425518125
1,14,D0:F0:18:43:F8:2F,-67,1598425518126
0,15,D0:F0:18:43:F8:33,-69,1598425518631
1,16,D0:F0:18:43:F8:2F,-65,1598425518633
0,17,D0:F0:18:43:F8:33,-71,1598425519136
0,18,D0:F0:18:43:F8:33,-71,1598425519641
0,19,D0:F0:18:43:F8:33,-69,1598425520147
1,20,D0:F0:18:43:F8:2F,-64,1598425520148
0,21,D0:F0:18:43:F8:2F,-67,1598425520651
0,22,D0:F0:18:43:F8:33,-69,1598425521157
1,23,D0:F0:18:43:F8:2F,-67,1598425521158
0,24,D0:F0:18:43:F8:33,-71,1598425521663
1,25,D0:F0:18:43:F8:2F,-64,1598425521665
0,26,D0:F0:18:43:F8:33,-68,1598425522168
1,27,D0:F0:18:43:F8:2F,-64,1598425522170
0,28,D0:F0:18:43:F8:33,-71,1598425522673
0,29,D0:F0:18:43:F8:33,-71,1598425523179
1,30,D0:F0:18:43:F8:2F,-65,1598425523181
0,31,D0:F0:18:43:F8:33,-71,1598425523684
1,32,D0:F0:18:43:F8:2F,-64,1598425523686
0,33,D0:F0:18:43:F8:33,-71,1598425524190
1,34,D0:F0:18:43:F8:2F,-67,1598425524191
0,35,D0:F0:18:43:F8:33,-69,1598425524695
0,36,D0:F0:18:43:F8:33,-71,1598425525200
1,37,D0:F0:18:43:F8:2F,-65,1598425525202
0,38,D0:F0:18:43:F8:33,-71,1598425525705
1,39,D0:F0:18:43:F8:2F,-64,1598425525707
0,40,D0:F0:18:43:F8:33,-69,1598425526211
1,41,D0:F0:18:43:F8:2F,-67,1598425526211
0,42,D0:F0:18:43:F8:33,-71,1598425526716
1,43,D0:F0:18:43:F8:2F,-65,1598425526718
0,44,D0:F0:18:43:F8:33,-71,1598425527222
1,45,D0:F0:18:43:F8:2F,-64,1598425527223
0,46,D0:F0:18:43:F8:33,-71,1598425527727
1,47,D0:F0:18:43:F8:2F,-65,1598425527729
0,48,D0:F0:18:43:F8:33,-71,1598425528233
1,49,D0:F0:18:43:F8:2F,-65,1598425528235
0,50,D0:F0:18:43:F8:33,-71,1598425528739
1,51,D0:F0:18:43:F8:2F,-67,1598425528740
0,52,D0:F0:18:43:F8:33,-71,1598425529243
0,53,D0:F0:18:43:F8:33,-69,1598425529746
1,54,D0:F0:18:43:F8:2F,-64,1598425529747
0,55,D0:F0:18:43:F8:33,-71,1598425530252
1,56,D0:F0:18:43:F8:2F,-64,1598425530253
0,57,D0:F0:18:43:F8:2F,-64,1598425530757
0,58,D0:F0:18:43:F8:33,-68,1598425531263
1,59,D0:F0:18:43:F8:2F,-67,1598425531264
0,60,D0:F0:18:43:F8:2F,-67,1598425531767
0,61,D0:F0:18:43:F8:33,-68,1598425532273
1,62,D0:F0:18:43:F8:2F,-64,1598425532275
0,63,D0:F0:18:43:F8:2F,-67,1598425532778
0,64,D0:F0:18:43:F8:33,-71,1598425533283
1,65,D0:F0:18:43:F8:2F,-65,1598425533285
0,66,D0:F0:18:43:F8:33,-68,1598425533788
0,67,D0:F0:18:43:F8:33,-71,1598425534294
1,68,D0:F0:18:43:F8:2F,-67,1598425534296
0,69,D0:F0:18:43:F8:33,-72,1598425534797
0,70,D0:F0:18:43:F8:33,-71,1598425535303
1,71,D0:F0:18:43:F8:2F,-67,1598425535304
0,72,D0:F0:18:43:F8:2F,-67,1598425535809
0,73,D0:F0:18:43:F8:2F,-64,1598425536315
0,74,D0:F0:18:43:F8:33,-69,1598425536821
1,75,D0:F0:18:43:F8:2F,-65,1598425536823
0,76,D0:F0:18:43:F8:33,-71,1598425537326
1,77,D0:F0:18:43:F8:2F,-65,1598425537327
0,78,D0:F0:18:43:F8:33,-70,1598425537833
1,79,D0:F0:18:43:F8:2F,-64,1598425537834
0,0,D0:F0:18:43:F8:33,-85,1598425543387
1,1,D0:F0:18:43:F8:2F,-65,1598425543388
0,2,D0:F0:18:43:F8:33,-71,1598425543894
0,3,D0:F0:18:43:F8:33,-77,1598425544399
1,4,D0:F0:18:43:F8:2F,-68,1598425544400
0,5,D0:F0:18:43:F8:2F,-63,1598425544904
0,6,D0:F0:18:43:F8:33,-74,1598425545406
1,7,D0:F0:18:43:F8:2F,-67,1598425545407
0,8,D0:F0:18:43:F8:33,-74,1598425546415
1,9,D0:F0:18:43:F8:2F,-67,1598425546416
0,10,D0:F0:18:43:F8:33,-71,1598425546921
1,11,D0:F0:18:43:F8:2F,-64,1598425546923
0,12,D0:F0:18:43:F8:33,-77,1598425547427
1,13,D0:F0:18:43:F8:2F,-67,1598425547429
0,14,D0:F0:18:43:F8:33,-76,1598425547934
1,15,D0:F0:18:43:F8:2F,-67,1598425547935
0,16,D0:F0:18:43:F8:33,-77,1598425548440
1,17,D0:F0:18:43:F8:2F,-64,1598425548442
0,18,D0:F0:18:43:F8:33,-72,1598425548942
1,19,D0:F0:18:43:F8:2F,-68,1598425548942
0,20,D0:F0:18:43:F8:33,-76,1598425549448
0,21,D0:F0:18:43:F8:33,-76,1598425549953
1,22,D0:F0:18:43:F8:2F,-64,1598425549955
0,23,D0:F0:18:43:F8:33,-77,1598425550458
0,24,D0:F0:18:43:F8:33,-73,1598425550964
1,25,D0:F0:18:43:F8:2F,-68,1598425550965
0,26,D0:F0:18:43:F8:33,-76,1598425551471
1,27,D0:F0:18:43:F8:2F,-64,1598425551472
0,28,D0:F0:18:43:F8:33,-73,1598425551976
1,29,D0:F0:18:43:F8:2F,-68,1598425551977
0,30,D0:F0:18:43:F8:33,-73,1598425552483
1,31,D0:F0:18:43:F8:2F,-68,1598425552484
0,32,D0:F0:18:43:F8:33,-76,1598425552988
1,33,D0:F0:18:43:F8:2F,-68,1598425552989
0,34,D0:F0:18:43:F8:33,-73,1598425553493
1,35,D0:F0:18:43:F8:2F,-64,1598425553494
0,36,D0:F0:18:43:F8:33,-76,1598425553998
1,37,D0:F0:18:43:F8:2F,-68,1598425553999
0,38,D0:F0:18:43:F8:33,-73,1598425554503
1,39,D0:F0:18:43:F8:2F,-68,1598425554504
0,40,D0:F0:18:43:F8:33,-77,1598425555008
1,41,D0:F0:18:43:F8:2F,-64,1598425555009
0,42,D0:F0:18:43:F8:33,-73,1598425555513
1,43,D0:F0:18:43:F8:2F,-68,1598425555514
0,44,D0:F0:18:43:F8:33,-77,1598425556018
1,45,D0:F0:18:43:F8:2F,-64,1598425556020
0,46,D0:F0:18:43:F8:33,-77,1598425556524
1,47,D0:F0:18:43:F8:2F,-67,1598425556525
0,48,D0:F0:18:43:F8:33,-77,1598425557030
1,49,D0:F0:18:43:F8:2F,-67,1598425557031
0,50,D0:F0:18:43:F8:2F,-64,1598425557534
0,51,D0:F0:18:43:F8:2F,-67,1598425558040
0,52,D0:F0:18:43:F8:33,-77,1598425558546
1,53,D0:F0:18:43:F8:2F,-68,1598425558548
0,54,D0:F0:18:43:F8:33,-77,1598425559052
1,55,D0:F0:18:43:F8:2F,-64,1598425559054
0,56,D0:F0:18:43:F8:33,-72,1598425559558
1,57,D0:F0:18:43:F8:2F,-68,1598425559559
0,58,D0:F0:18:43:F8:33,-72,1598425560064
0,59,D0:F0:18:43:F8:2F,-68,1598425560569
0,60,D0:F0:18:43:F8:33,-73,1598425561075
1,61,D0:F0:18:43:F8:2F,-67,1598425561076
0,62,D0:F0:18:43:F8:33,-77,1598425561580
1,63,D0:F0:18:43:F8:2F,-68,1598425561582
0,64,D0:F0:18:43:F8:33,-72,1598425562086
1,65,D0:F0:18:43:F8:2F,-67,1598425562088
0,66,D0:F0:18:43:F8:33,-72,1598425562592
0,67,D0:F0:18:43:F8:33,-77,1598425563098
1,68,D0:F0:18:43:F8:2F,-64,1598425563099
0,69,D0:F0:18:43:F8:33,-72,1598425563604
1,70,D0:F0:18:43:F8:2F,-67,1598425563606
0,71,D0:F0:18:43:F8:33,-76,1598425564110
1,72,D0:F0:18:43:F8:2F,-67,1598425564111
0,73,D0:F0:18:43:F8:33,-71,1598425564615
1,74,D0:F0:18:43:F8:2F,-64,1598425564617
0,75,D0:F0:18:43:F8:33,-71,1598425565121
1,76,D0:F0:18:43:F8:2F,-67,1598425565122
0,77,D0:F0:18:43:F8:33,-77,1598425565626
1,78,D0:F0:18:43:F8:2F,-67,1598425565627
0,79,D0:F0:18:43:F8:33,-71,1598425566131
0,0,D0:F0:18:43:F8:33,-74,1598425572698
0,1,D0:F0:18:43:F8:33,-76,1598425573204
0,2,D0:F0:18:43:F8:2F,-69,1598425573708
0,3,D0:F0:18:43:F8:33,-74,1598425574214
1,4,D0:F0:18:43:F8:2F,-66,1598425574215
0,5,D0:F0:18:43:F8:2F,-71,1598425574720
0,6,D0:F0:18:43:F8:2F,-68,1598425575225
0,7,D0:F0:18:43:F8:2F,-67,1598425575731
0,8,D0:F0:18:43:F8:2F,-67,1598425576235
0,9,D0:F0:18:43:F8:33,-74,1598425576742
1,10,D0:F0:18:43:F8:2F,-67,1598425576744
0,11,D0:F0:18:43:F8:2F,-66,1598425577247
0,12,D0:F0:18:43:F8:2F,-67,1598425577751
0,13,D0:F0:18:43:F8:2F,-66,1598425578256
0,14,D0:F0:18:43:F8:33,-75,1598425578762
0,15,D0:F0:18:43:F8:2F,-66,1598425579267
0,16,D0:F0:18:43:F8:33,-75,1598425579773
1,17,D0:F0:18:43:F8:2F,-69,1598425579775
0,18,D0:F0:18:43:F8:33,-75,1598425580278
1,19,D0:F0:18:43:F8:2F,-69,1598425580280
0,20,D0:F0:18:43:F8:2F,-71,1598425580783
0,21,D0:F0:18:43:F8:2F,-68,1598425581288
0,22,D0:F0:18:43:F8:2F,-66,1598425581792
0,23,D0:F0:18:43:F8:33,-76,1598425582297
0,24,D0:F0:18:43:F8:2F,-71,1598425582802
0,25,D0:F0:18:43:F8:2F,-71,1598425583308
0,26,D0:F0:18:43:F8:33,-77,1598425583813
1,27,D0:F0:18:43:F8:2F,-66,1598425583815
0,28,D0:F0:18:43:F8:2F,-71,1598425584318
0,29,D0:F0:18:43:F8:33,-74,1598425584821
1,30,D0:F0:18:43:F8:2F,-68,1598425584822
0,31,D0:F0:18:43:F8:33,-77,1598425585327
1,32,D0:F0:18:43:F8:2F,-66,1598425585329
0,33,D0:F0:18:43:F8:2F,-71,1598425585833
0,34,D0:F0:18:43:F8:33,-76,1598425586339
1,35,D0:F0:18:43:F8:2F,-66,1598425586341
0,36,D0:F0:18:43:F8:33,-74,1598425587350
1,37,D0:F0:18:43:F8:2F,-68,1598425587352
0,38,D0:F0:18:43:F8:33,-77,1598425587856
1,39,D0:F0:18:43:F8:2F,-66,1598425587857
0,40,D0:F0:18:43:F8:2F,-71,1598425588360
0,41,D0:F0:18:43:F8:2F,-66,1598425589370
0,42,D0:F0:18:43:F8:33,-76,1598425589876
1,43,D0:F0:18:43:F8:2F,-67,1598425589877
0,44,D0:F0:18:43:F8:2F,-66,1598425590381
0,45,D0:F0:18:43:F8:33,-74,1598425590885
1,46,D0:F0:18:43:F8:2F,-71,1598425590887
0,47,D0:F0:18:43:F8:33,-76,1598425591392
1,48,D0:F0:18:43:F8:2F,-68,1598425591393
0,49,D0:F0:18:43:F8:33,-75,1598425591897
1,50,D0:F0:18:43:F8:2F,-68,1598425591898
0,51,D0:F0:18:43:F8:33,-74,1598425592403
1,52,D0:F0:18:43:F8:2F,-71,1598425592404
0,53,D0:F0:18:43:F8:33,-76,1598425592908
1,54,D0:F0:18:43:F8:2F,-65,1598425592910
0,55,D0:F0:18:43:F8:33,-76,1598425593412
0,56,D0:F0:18:43:F8:2F,-71,1598425593917
0,57,D0:F0:18:43:F8:33,-77,1598425594422
0,58,D0:F0:18:43:F8:2F,-71,1598425594928
0,59,D0:F0:18:43:F8:33,-76,1598425595938
1,60,D0:F0:18:43:F8:2F,-71,1598425595939
0,61,D0:F0:18:43:F8:33,-77,1598425596443
1,62,D0:F0:18:43:F8:2F,-66,1598425596445
0,63,D0:F0:18:43:F8:33,-74,1598425596949
1,64,D0:F0:18:43:F8:2F,-71,1598425596951
0,65,D0:F0:18:43:F8:33,-77,1598425597451
1,66,D0:F0:18:43:F8:2F,-71,1598425597452
0,67,D0:F0:18:43:F8:2F,-66,1598425597958
0,68,D0:F0:18:43:F8:33,-74,1598425598464
1,69,D0:F0:18:43:F8:2F,-65,1598425598465
0,70,D0:F0:18:43:F8:33,-77,1598425598969
1,71,D0:F0:18:43:F8:2F,-71,1598425598971
0,72,D0:F0:18:43:F8:33,-75,1598425599474
1,73,D0:F0:18:43:F8:2F,-65,1598425599476
0,74,D0:F0:18:43:F8:33,-79,1598425599980
1,75,D0:F0:18:43:F8:2F,-71,1598425599982
0,76,D0:F0:18:43:F8:2F,-67,1598425600485
0,77,D0:F0:18:43:F8:33,-75,1598425600991
1,78,D0:F0:18:43:F8:2F,-65,1598425600993
0,79,D0:F0:18:43:F8:33,-79,1598425601497
0,0,D0:F0:18:43:F8:33,-76,1598425607558
1,1,D0:F0:18:43:F8:2F,-71,1598425607560
0,2,D0:F0:18:43:F8:33,-77,1598425608569
1,3,D0:F0:18:43:F8:2F,-64,1598425608571
0,4,D0:F0:18:43:F8:2F,-68,1598425609075
0,5,D0:F0:18:43:F8:33,-76,1598425609579
0,6,D0:F0:18:43:F8:33,-76,1598425610084
1,7,D0:F0:18:43:F8:2F,-69,1598425610086
0,8,D0:F0:18:43:F8:2F,-66,1598425610589
0,9,D0:F0:18:43:F8:33,-75,1598425611095
1,10,D0:F0:18:43:F8:2F,-65,1598425611096
0,11,D0:F0:18:43:F8:2F,-66,1598425611599
0,12,D0:F0:18:43:F8:33,-75,1598425612609
1,13,D0:F0:18:43:F8:2F,-65,1598425612611
0,14,D0:F0:18:43:F8:2F,-66,1598425613115
0,15,D0:F0:18:43:F8:2F,-66,1598425613620
0,16,D0:F0:18:43:F8:33,-76,1598425614125
1,17,D0:F0:18:43:F8:2F,-65,1598425614127
0,18,D0:F0:18:43:F8:2F,-69,1598425614631
0,19,D0:F0:18:43:F8:2F,-66,1598425615136
0,20,D0:F0:18:43:F8:33,-76,1598425615640
1,21,D0:F0:18:43:F8:2F,-69,1598425615642
0,22,D0:F0:18:43:F8:2F,-66,1598425616145
0,23,D0:F0:18:43:F8:2F,-69,1598425616651
0,24,D0:F0:18:43:F8:33,-74,1598425617155
1,25,D0:F0:18:43:F8:2F,-69,1598425617157
0,26,D0:F0:18:43:F8:2F,-66,1598425617661
0,27,D0:F0:18:43:F8:2F,-65,1598425618166
0,28,D0:F0:18:43:F8:33,-74,1598425618672
1,29,D0:F0:18:43:F8:2F,-68,1598425618674
0,30,D0:F0:18:43:F8:2F,-67,1598425619177
0,31,D0:F0:18:43:F8:33,-74,1598425619686
1,32,D0:F0:18:43:F8:2F,-68,1598425619687
0,33,D0:F0:18:43:F8:33,-83,1598425620192
1,34,D0:F0:18:43:F8:2F,-65,1598425620193
0,35,D0:F0:18:43:F8:2F,-69,1598425620696
0,36,D0:F0:18:43:F8:2F,-67,1598425621201
0,37,D0:F0:18:43:F8:33,-75,1598425621705
0,38,D0:F0:18:43:F8:2F,-67,1598425622211
0,39,D0:F0:18:43:F8:33,-79,1598425622715
1,40,D0:F0:18:43:F8:2F,-67,1598425622717
0,41,D0:F0:18:43:F8:33,-75,1598425623221
1,42,D0:F0:18:43:F8:2F,-69,1598425623223
0,43,D0:F0:18:43:F8:2F,-67,1598425623726
0,44,D0:F0:18:43:F8:33,-75,1598425624232
1,45,D0:F0:18:43:F8:2F,-65,1598425624233
0,46,D0:F0:18:43:F8:33,-83,1598425624737
0,47,D0:F0:18:43:F8:33,-75,1598425625242
1,48,D0:F0:18:43:F8:2F,-67,1598425625243
0,49,D0:F0:18:43:F8:33,-75,1598425625747
1,50,D0:F0:18:43:F8:2F,-69,1598425625749
0,51,D0:F0:18:43:F8:33,-75,1598425626252
1,52,D0:F0:18:43:F8:2F,-65,1598425626254
0,53,D0:F0:18:43:F8:2F,-65,1598425626758
0,54,D0:F0:18:43:F8:2F,-67,1598425627263
0,55,D0:F0:18:43:F8:33,-74,1598425627769
1,56,D0:F0:18:43:F8:2F,-65,1598425627770
0,57,D0:F0:18:43:F8:2F,-69,1598425628274
0,58,D0:F0:18:43:F8:2F,-65,1598425628779
0,59,D0:F0:18:43:F8:33,-75,1598425629285
1,60,D0:F0:18:43:F8:2F,-65,1598425629287
0,61,D0:F0:18:43:F8:2F,-69,1598425629791
0,62,D0:F0:18:43:F8:33,-75,1598425630295
0,63,D0:F0:18:43:F8:33,-75,1598425630801
1,64,D0:F0:18:43:F8:2F,-64,1598425630802
0,65,D0:F0:18:43:F8:33,-80,1598425631306
1,66,D0:F0:18:43:F8:2F,-64,1598425631308
0,67,D0:F0:18:43:F8:33,-76,1598425631811
1,68,D0:F0:18:43:F8:2F,-69,1598425631813
0,69,D0:F0:18:43:F8:33,-76,1598425632316
1,70,D0:F0:18:43:F8:2F,-67,1598425632319
0,71,D0:F0:18:43:F8:2F,-64,1598425632821
0,72,D0:F0:18:43:F8:33,-76,1598425633326
1,73,D0:F0:18:43:F8:2F,-67,1598425633327
0,74,D0:F0:18:43:F8:2F,-64,1598425633832
0,75,D0:F0:18:43:F8:2F,-69,1598425634338
0,76,D0:F0:18:43:F8:2F,-66,1598425634843
0,77,D0:F0:18:43:F8:33,-75,1598425635348
1,78,D0:F0:18:43:F8:2F,-65,1598425635349
0,79,D0:F0:18:43:F8:2F,-69,1598425635854
0,0,D0:F0:18:43:F8:2F,-76,1598425644938
0,1,D0:F0:18:43:F8:33,-78,1598425645448
1,2,D0:F0:18:43:F8:2F,-71,1598425645449
0,3,D0:F0:18:43:F8:33,-83,1598425646453
0,4,D0:F0:18:43:F8:33,-78,1598425647463
1,5,D0:F0:18:43:F8:2F,-71,1598425647464
0,6,D0:F0:18:43:F8:2F,-71,1598425647969
0,7,D0:F0:18:43:F8:2F,-72,1598425648474
0,8,D0:F0:18:43:F8:2F,-71,1598425648978
0,9,D0:F0:18:43:F8:33,-81,1598425649483
0,10,D0:F0:18:43:F8:2F,-71,1598425649989
0,11,D0:F0:18:43:F8:2F,-71,1598425650493
0,12,D0:F0:18:43:F8:33,-80,1598425650998
1,13,D0:F0:18:43:F8:2F,-71,1598425651000
0,14,D0:F0:18:43:F8:2F,-71,1598425651503
0,15,D0:F0:18:43:F8:2F,-71,1598425652008
0,16,D0:F0:18:43:F8:33,-80,1598425653017
1,17,D0:F0:18:43:F8:2F,-71,1598425653019
0,18,D0:F0:18:43:F8:33,-80,1598425653523
1,19,D0:F0:18:43:F8:2F,-71,1598425653525
0,20,D0:F0:18:43:F8:33,-79,1598425654028
0,21,D0:F0:18:43:F8:33,-80,1598425654533
1,22,D0:F0:18:43:F8:2F,-71,1598425654534
0,23,D0:F0:18:43:F8:33,-80,1598425655038
0,24,D0:F0:18:43:F8:33,-79,1598425655545
1,25,D0:F0:18:43:F8:2F,-71,1598425655546
0,26,D0:F0:18:43:F8:33,-80,1598425656051
1,27,D0:F0:18:43:F8:2F,-71,1598425656053
0,28,D0:F0:18:43:F8:33,-79,1598425656556
1,29,D0:F0:18:43:F8:2F,-71,1598425656558
0,30,D0:F0:18:43:F8:33,-80,1598425657062
0,31,D0:F0:18:43:F8:33,-79,1598425657566
1,32,D0:F0:18:43:F8:2F,-71,1598425657567
0,33,D0:F0:18:43:F8:2F,-71,1598425658071
0,34,D0:F0:18:43:F8:33,-80,1598425658577
1,35,D0:F0:18:43:F8:2F,-71,1598425658578
0,36,D0:F0:18:43:F8:33,-80,1598425659081
0,37,D0:F0:18:43:F8:33,-80,1598425659586
1,38,D0:F0:18:43:F8:2F,-71,1598425659588
0,39,D0:F0:18:43:F8:2F,-72,1598425660596
0,40,D0:F0:18:43:F8:33,-79,1598425661606
1,41,D0:F0:18:43:F8:2F,-71,1598425661607
0,42,D0:F0:18:43:F8:33,-81,1598425662112
0,43,D0:F0:18:43:F8:2F,-71,1598425662617
0,44,D0:F0:18:43:F8:33,-82,1598425663123
1,45,D0:F0:18:43:F8:2F,-80,1598425663124
0,46,D0:F0:18:43:F8:33,-79,1598425664134
1,47,D0:F0:18:43:F8:2F,-72,1598425664136
0,48,D0:F0:18:43:F8:33,-79,1598425665144
0,49,D0:F0:18:43:F8:2F,-71,1598425665648
0,50,D0:F0:18:43:F8:33,-79,1598425667163
1,51,D0:F0:18:43:F8:2F,-71,1598425667165
0,52,D0:F0:18:43:F8:33,-80,1598425667668
1,53,D0:F0:18:43:F8:2F,-71,1598425667670
0,54,D0:F0:18:43:F8:33,-79,1598425668176
1,55,D0:F0:18:43:F8:2F,-71,1598425668177
0,56,D0:F0:18:43:F8:33,-79,1598425668678
1,57,D0:F0:18:43:F8:2F,-71,1598425668680
0,58,D0:F0:18:43:F8:33,-79,1598425669183
1,59,D0:F0:18:43:F8:2F,-71,1598425669185
0,60,D0:F0:18:43:F8:33,-79,1598425669688
0,61,D0:F0:18:43:F8:33,-79,1598425670699
1,62,D0:F0:18:43:F8:2F,-71,1598425670700
0,63,D0:F0:18:43:F8:2F,-71,1598425671205
0,64,D0:F0:18:43:F8:33,-80,1598425671709
1,65,D0:F0:18:43:F8:2F,-71,1598425671712
0,66,D0:F0:18:43:F8:33,-80,1598425672215
0,67,D0:F0:18:43:F8:33,-79,1598425672720
1,68,D0:F0:18:43:F8:2F,-71,1598425672722
0,69,D0:F0:18:43:F8:33,-79,1598425673225
0,70,D0:F0:18:43:F8:2F,-72,1598425673730
0,71,D0:F0:18:43:F8:2F,-71,1598425674740
0,72,D0:F0:18:43:F8:33,-79,1598425675246
1,73,D0:F0:18:43:F8:2F,-71,1598425675247
0,74,D0:F0:18:43:F8:33,-80,1598425675751
1,75,D0:F0:18:43:F8:2F,-71,1598425675753
0,76,D0:F0:18:43:F8:33,-79,1598425676256
0,77,D0:F0:18:43:F8:33,-79,1598425677265
1,78,D0:F0:18:43:F8:2F,-71,1598425677266
0,79,D0:F0:18:43:F8:33,-79,1598425678275
0,0,D0:F0:18:43:F8:33,-79,1598425684338
1,1,D0:F0:18:43:F8:2F,-74,1598425684339
0,2,D0:F0:18:43:F8:33,-77,1598425684843
1,3,D0:F0:18:43:F8:2F,-71,1598425684845
0,4,D0:F0:18:43:F8:33,-78,1598425685349
1,5,D0:F0:18:43:F8:2F,-72,1598425685351
0,6,D0:F0:18:43:F8:33,-77,1598425685855
1,7,D0:F0:18:43:F8:2F,-71,1598425685857
0,8,D0:F0:18:43:F8:2F,-73,1598425686360
0,9,D0:F0:18:43:F8:33,-80,1598425686866
1,10,D0:F0:18:43:F8:2F,-74,1598425686868
0,11,D0:F0:18:43:F8:33,-79,1598425687372
1,12,D0:F0:18:43:F8:2F,-77,1598425687374
0,13,D0:F0:18:43:F8:33,-77,1598425687878
1,14,D0:F0:18:43:F8:2F,-75,1598425687879
0,15,D0:F0:18:43:F8:33,-76,1598425688383
1,16,D0:F0:18:43:F8:2F,-71,1598425688385
0,17,D0:F0:18:43:F8:2F,-77,1598425688888
0,18,D0:F0:18:43:F8:33,-77,1598425689394
1,19,D0:F0:18:43:F8:2F,-71,1598425689396
0,20,D0:F0:18:43:F8:2F,-77,1598425689900
0,21,D0:F0:18:43:F8:2F,-76,1598425690405
0,22,D0:F0:18:43:F8:33,-77,1598425691416
1,23,D0:F0:18:43:F8:2F,-77,1598425691418
0,24,D0:F0:18:43:F8:33,-77,1598425691921
0,25,D0:F0:18:43:F8:33,-77,1598425692426
1,26,D0:F0:18:43:F8:2F,-75,1598425692428
0,27,D0:F0:18:43:F8:33,-77,1598425692931
1,28,D0:F0:18:43:F8:2F,-76,1598425692933
0,29,D0:F0:18:43:F8:33,-77,1598425693437
1,30,D0:F0:18:43:F8:2F,-77,1598425693438
0,31,D0:F0:18:43:F8:33,-76,1598425693941
1,32,D0:F0:18:43:F8:2F,-76,1598425693942
0,33,D0:F0:18:43:F8:33,-76,1598425694447
1,34,D0:F0:18:43:F8:2F,-77,1598425694448
0,35,D0:F0:18:43:F8:33,-76,1598425694952
1,36,D0:F0:18:43:F8:2F,-76,1598425694954
0,37,D0:F0:18:43:F8:33,-77,1598425695461
0,38,D0:F0:18:43:F8:33,-80,1598425695964
1,39,D0:F0:18:43:F8:2F,-69,1598425695965
0,40,D0:F0:18:43:F8:33,-78,1598425696469
1,41,D0:F0:18:43:F8:2F,-76,1598425696471
0,42,D0:F0:18:43:F8:33,-78,1598425696974
0,43,D0:F0:18:43:F8:33,-77,1598425697479
1,44,D0:F0:18:43:F8:2F,-78,1598425697481
0,45,D0:F0:18:43:F8:33,-79,1598425697983
1,46,D0:F0:18:43:F8:2F,-76,1598425697984
0,47,D0:F0:18:43:F8:33,-75,1598425698491
1,48,D0:F0:18:43:F8:2F,-76,1598425698493
0,49,D0:F0:18:43:F8:2F,-79,1598425698995
0,50,D0:F0:18:43:F8:33,-80,1598425699500
1,51,D0:F0:18:43:F8:2F,-74,1598425699502
0,52,D0:F0:18:43:F8:33,-75,1598425700006
1,53,D0:F0:18:43:F8:2F,-69,1598425700007
0,54,D0:F0:18:43:F8:33,-80,1598425700512
1,55,D0:F0:18:43:F8:2F,-70,1598425700513
0,56,D0:F0:18:43:F8:33,-80,1598425701017
1,57,D0:F0:18:43:F8:2F,-74,1598425701018
0,58,D0:F0:18:43:F8:33,-80,1598425702027
1,59,D0:F0:18:43:F8:2F,-74,1598425702028
0,60,D0:F0:18:43:F8:33,-75,1598425702533
1,61,D0:F0:18:43:F8:2F,-70,1598425702534
0,62,D0:F0:18:43:F8:33,-77,1598425703039
1,63,D0:F0:18:43:F8:2F,-76,1598425703042
0,64,D0:F0:18:43:F8:33,-80,1598425703545
1,65,D0:F0:18:43:F8:2F,-76,1598425703547
0,66,D0:F0:18:43:F8:33,-76,1598425704051
1,67,D0:F0:18:43:F8:2F,-77,1598425704053
0,68,D0:F0:18:43:F8:33,-80,1598425704557
1,69,D0:F0:18:43:F8:2F,-69,1598425704558
0,70,D0:F0:18:43:F8:33,-76,1598425705063
1,71,D0:F0:18:43:F8:2F,-69,1598425705065
0,72,D0:F0:18:43:F8:33,-75,1598425705568
0,73,D0:F0:18:43:F8:2F,-69,1598425706073
0,74,D0:F0:18:43:F8:33,-76,1598425706579
1,75,D0:F0:18:43:F8:2F,-77,1598425706580
0,76,D0:F0:18:43:F8:33,-79,1598425707588
1,77,D0:F0:18:43:F8:2F,-70,1598425707590
0,78,D0:F0:18:43:F8:33,-76,1598425708093
0,79,D0:F0:18:43:F8:2F,-76,1598425708598
0,0,D0:F0:18:43:F8:2F,-69,1598425714655
0,1,D0:F0:18:43:F8:33,-82,1598425715161
1,2,D0:F0:18:43:F8:2F,-68,1598425715163
0,3,D0:F0:18:43:F8:2F,-71,1598425715666
0,4,D0:F0:18:43:F8:2F,-66,1598425716171
0,5,D0:F0:18:43:F8:2F,-68,1598425716676
0,6,D0:F0:18:43:F8:2F,-67,1598425717181
0,7,D0:F0:18:43:F8:2F,-66,1598425717688
0,8,D0:F0:18:43:F8:33,-82,1598425718193
1,9,D0:F0:18:43:F8:2F,-68,1598425718194
0,10,D0:F0:18:43:F8:2F,-70,1598425718697
0,11,D0:F0:18:43:F8:33,-81,1598425719707
0,12,D0:F0:18:43:F8:2F,-70,1598425720213
0,13,D0:F0:18:43:F8:33,-81,1598425720719
1,14,D0:F0:18:43:F8:2F,-67,1598425720720
0,15,D0:F0:18:43:F8:2F,-70,1598425721729
0,16,D0:F0:18:43:F8:2F,-66,1598425723242
0,17,D0:F0:18:43:F8:2F,-68,1598425723744
0,18,D0:F0:18:43:F8:2F,-68,1598425725255
0,19,D0:F0:18:43:F8:2F,-66,1598425725762
0,20,D0:F0:18:43:F8:2F,-66,1598425726267
0,21,D0:F0:18:43:F8:33,-81,1598425727278
1,22,D0:F0:18:43:F8:2F,-68,1598425727279
0,23,D0:F0:18:43:F8:2F,-70,1598425727784
0,24,D0:F0:18:43:F8:33,-82,1598425728290
1,25,D0:F0:18:43:F8:2F,-68,1598425728291
0,26,D0:F0:18:43:F8:2F,-70,1598425729300
0,27,D0:F0:18:43:F8:2F,-70,1598425729805
0,28,D0:F0:18:43:F8:2F,-70,1598425730311
0,29,D0:F0:18:43:F8:33,-81,1598425730815
0,30,D0:F0:18:43:F8:2F,-66,1598425731320
0,31,D0:F0:18:43:F8:2F,-68,1598425731824
0,32,D0:F0:18:43:F8:33,-80,1598425732329
1,33,D0:F0:18:43:F8:2F,-70,1598425732331
0,34,D0:F0:18:43:F8:2F,-66,1598425732835
0,35,D0:F0:18:43:F8:2F,-68,1598425733341
0,36,D0:F0:18:43:F8:33,-80,1598425733845
1,37,D0:F0:18:43:F8:2F,-66,1598425733847
0,38,D0:F0:18:43:F8:33,-81,1598425734855
1,39,D0:F0:18:43:F8:2F,-70,1598425734857
0,40,D0:F0:18:43:F8:2F,-66,1598425735359
0,41,D0:F0:18:43:F8:2F,-68,1598425735863
0,42,D0:F0:18:43:F8:33,-80,1598425736368
0,43,D0:F0:18:43:F8:2F,-66,1598425736874
0,44,D0:F0:18:43:F8:33,-80,1598425737376
1,45,D0:F0:18:43:F8:2F,-70,1598425737377
0,46,D0:F0:18:43:F8:2F,-68,1598425738386
0,47,D0:F0:18:43:F8:33,-81,1598425738887
1,48,D0:F0:18:43:F8:2F,-70,1598425738888
0,49,D0:F0:18:43:F8:33,-81,1598425739390
1,50,D0:F0:18:43:F8:2F,-70,1598425739391
0,51,D0:F0:18:43:F8:2F,-68,1598425739892
0,52,D0:F0:18:43:F8:33,-81,1598425740394
1,53,D0:F0:18:43:F8:2F,-68,1598425740394
0,54,D0:F0:18:43:F8:2F,-70,1598425740896
0,55,D0:F0:18:43:F8:2F,-68,1598425741398
0,56,D0:F0:18:43:F8:33,-82,1598425741899
1,57,D0:F0:18:43:F8:2F,-70,1598425741900
0,58,D0:F0:18:43:F8:2F,-68,1598425742405
0,59,D0:F0:18:43:F8:2F,-68,1598425742910
0,60,D0:F0:18:43:F8:2F,-70,1598425743921
0,61,D0:F0:18:43:F8:2F,-70,1598425744425
0,62,D0:F0:18:43:F8:2F,-68,1598425744931
0,63,D0:F0:18:43:F8:2F,-68,1598425745941
0,64,D0:F0:18:43:F8:2F,-66,1598425746445
0,65,D0:F0:18:43:F8:2F,-67,1598425746951
0,66,D0:F0:18:43:F8:2F,-66,1598425747455
0,67,D0:F0:18:43:F8:2F,-70,1598425747960
0,68,D0:F0:18:43:F8:2F,-70,1598425748465
0,69,D0:F0:18:43:F8:2F,-67,1598425748971
0,70,D0:F0:18:43:F8:2F,-71,1598425749475
0,71,D0:F0:18:43:F8:2F,-66,1598425749980
0,72,D0:F0:18:43:F8:2F,-68,1598425750486
0,73,D0:F0:18:43:F8:2F,-68,1598425750992
0,74,D0:F0:18:43:F8:33,-82,1598425751496
1,75,D0:F0:18:43:F8:2F,-70,1598425751498
0,76,D0:F0:18:43:F8:2F,-71,1598425752001
0,77,D0:F0:18:43:F8:2F,-66,1598425752507
0,78,D0:F0:18:43:F8:2F,-70,1598425753012
0,79,D0:F0:18:43:F8:2F,-66,1598425753518
0,0,D0:F0:18:43:F8:33,-74,1598425758564
0,1,D0:F0:18:43:F8:2F,-82,1598425759069
0,2,D0:F0:18:43:F8:33,-90,1598425759574
0,3,D0:F0:18:43:F8:33,-74,1598425760079
1,4,D0:F0:18:43:F8:2F,-67,1598425760081
0,5,D0:F0:18:43:F8:2F,-68,1598425760585
0,6,D0:F0:18:43:F8:33,-74,1598425761090
1,7,D0:F0:18:43:F8:2F,-67,1598425761092
0,8,D0:F0:18:43:F8:33,-79,1598425761596
1,9,D0:F0:18:43:F8:2F,-68,1598425761597
0,10,D0:F0:18:43:F8:33,-74,1598425762101
1,11,D0:F0:18:43:F8:2F,-67,1598425762102
0,12,D0:F0:18:43:F8:33,-73,1598425762606
1,13,D0:F0:18:43:F8:2F,-67,1598425762607
0,14,D0:F0:18:43:F8:33,-79,1598425763112
1,15,D0:F0:18:43:F8:2F,-68,1598425763114
0,16,D0:F0:18:43:F8:33,-74,1598425763618
1,17,D0:F0:18:43:F8:2F,-67,1598425763619
0,18,D0:F0:18:43:F8:33,-79,1598425764123
1,19,D0:F0:18:43:F8:2F,-67,1598425764125
0,20,D0:F0:18:43:F8:2F,-68,1598425764511
0,21,D0:F0:18:43:F8:2F,-68,1598425765298
0,22,D0:F0:18:43:F8:33,-74,1598425765803
1,23,D0:F0:18:43:F8:2F,-67,1598425765804
0,24,D0:F0:18:43:F8:33,-74,1598425766306
1,25,D0:F0:18:43:F8:2F,-67,1598425766308
0,26,D0:F0:18:43:F8:33,-73,1598425766812
0,27,D0:F0:18:43:F8:33,-74,1598425767821
1,28,D0:F0:18:43:F8:2F,-68,1598425767823
0,29,D0:F0:18:43:F8:33,-80,1598425768326
0,30,D0:F0:18:43:F8:33,-74,1598425768831
1,31,D0:F0:18:43:F8:2F,-66,1598425768833
0,32,D0:F0:18:43:F8:2F,-67,1598425769336
0,33,D0:F0:18:43:F8:33,-80,1598425769840
1,34,D0:F0:18:43:F8:2F,-67,1598425769842
0,35,D0:F0:18:43:F8:33,-74,1598425770345
1,36,D0:F0:18:43:F8:2F,-66,1598425770347
0,37,D0:F0:18:43:F8:33,-80,1598425770849
1,38,D0:F0:18:43:F8:2F,-67,1598425770852
0,39,D0:F0:18:43:F8:33,-79,1598425771354
1,40,D0:F0:18:43:F8:2F,-67,1598425771355
0,41,D0:F0:18:43:F8:33,-74,1598425771858
0,42,D0:F0:18:43:F8:33,-74,1598425772363
0,43,D0:F0:18:43:F8:33,-78,1598425772868
0,44,D0:F0:18:43:F8:33,-74,1598425773373
1,45,D0:F0:18:43:F8:2F,-67,1598425773375
0,46,D0:F0:18:43:F8:33,-74,1598425773878
1,47,D0:F0:18:43:F8:2F,-67,1598425773880
0,48,D0:F0:18:43:F8:33,-74,1598425774383
1,49,D0:F0:18:43:F8:2F,-67,1598425774384
0,50,D0:F0:18:43:F8:33,-74,1598425775393
1,51,D0:F0:18:43:F8:2F,-66,1598425775395
0,52,D0:F0:18:43:F8:33,-78,1598425775898
1,53,D0:F0:18:43:F8:2F,-68,1598425775900
0,54,D0:F0:18:43:F8:33,-79,1598425776403
1,55,D0:F0:18:43:F8:2F,-67,1598425776405
0,56,D0:F0:18:43:F8:33,-74,1598425776908
1,57,D0:F0:18:43:F8:2F,-66,1598425776910
0,58,D0:F0:18:43:F8:33,-74,1598425777413
1,59,D0:F0:18:43:F8:2F,-67,1598425777415
0,60,D0:F0:18:43:F8:33,-79,1598425777918
1,61,D0:F0:18:43:F8:2F,-68,1598425777920
0,62,D0:F0:18:43:F8:33,-74,1598425778424
1,63,D0:F0:18:43:F8:2F,-68,1598425778426
0,64,D0:F0:18:43:F8:33,-73,1598425778929
1,65,D0:F0:18:43:F8:2F,-66,1598425778931
0,66,D0:F0:18:43:F8:33,-73,1598425779435
1,67,D0:F0:18:43:F8:2F,-68,1598425779436
0,68,D0:F0:18:43:F8:33,-80,1598425779940
0,69,D0:F0:18:43:F8:33,-78,1598425780446
1,70,D0:F0:18:43:F8:2F,-67,1598425780447
0,71,D0:F0:18:43:F8:33,-74,1598425780952
1,72,D0:F0:18:43:F8:2F,-67,1598425780954
0,73,D0:F0:18:43:F8:33,-74,1598425781963
1,74,D0:F0:18:43:F8:2F,-66,1598425781964
0,75,D0:F0:18:43:F8:33,-74,1598425782469
1,76,D0:F0:18:43:F8:2F,-67,1598425782471
0,77,D0:F0:18:43:F8:33,-80,1598425782975
1,78,D0:F0:18:43:F8:2F,-67,1598425782977
0,79,D0:F0:18:43:F8:33,-74,1598425783481
0,0,D0:F0:18:43:F8:33,-77,1598425790046
1,1,D0:F0:18:43:F8:2F,-58,1598425790048
0,2,D0:F0:18:43:F8:33,-77,1598425790553
1,3,D0:F0:18:43:F8:2F,-54,1598425790554
0,4,D0:F0:18:43:F8:33,-75,1598425791058
0,5,D0:F0:18:43:F8:33,-82,1598425791564
1,6,D0:F0:18:43:F8:2F,-56,1598425791565
0,7,D0:F0:18:43:F8:33,-77,1598425792070
1,8,D0:F0:18:43:F8:2F,-54,1598425792072
0,9,D0:F0:18:43:F8:33,-80,1598425792575
1,10,D0:F0:18:43:F8:2F,-54,1598425792577
0,11,D0:F0:18:43:F8:2F,-56,1598425793080
0,12,D0:F0:18:43:F8:2F,-57,1598425793585
0,13,D0:F0:18:43:F8:2F,-52,1598425794091
0,14,D0:F0:18:43:F8:33,-78,1598425795101
1,15,D0:F0:18:43:F8:2F,-57,1598425795102
0,16,D0:F0:18:43:F8:33,-77,1598425795606
1,17,D0:F0:18:43:F8:2F,-52,1598425795607
0,18,D0:F0:18:43:F8:2F,-56,1598425796111
0,19,D0:F0:18:43:F8:2F,-57,1598425796615
0,20,D0:F0:18:43:F8:2F,-52,1598425797121
0,21,D0:F0:18:43:F8:2F,-57,1598425797626
0,22,D0:F0:18:43:F8:2F,-56,1598425798131
0,23,D0:F0:18:43:F8:33,-77,1598425798636
1,24,D0:F0:18:43:F8:2F,-56,1598425798639
0,25,D0:F0:18:43:F8:33,-75,1598425799141
1,26,D0:F0:18:43:F8:2F,-57,1598425799143
0,27,D0:F0:18:43:F8:2F,-54,1598425799646
0,28,D0:F0:18:43:F8:33,-77,1598425800152
1,29,D0:F0:18:43:F8:2F,-56,1598425800154
0,30,D0:F0:18:43:F8:33,-77,1598425800658
1,31,D0:F0:18:43:F8:2F,-56,1598425800660
0,32,D0:F0:18:43:F8:33,-77,1598425801163
0,33,D0:F0:18:43:F8:2F,-52,1598425801668
0,34,D0:F0:18:43:F8:33,-77,1598425802172
1,35,D0:F0:18:43:F8:2F,-56,1598425802174
0,36,D0:F0:18:43:F8:2F,-57,1598425802678
0,37,D0:F0:18:43:F8:2F,-52,1598425803182
0,38,D0:F0:18:43:F8:33,-77,1598425803687
1,39,D0:F0:18:43:F8:2F,-56,1598425803689
0,40,D0:F0:18:43:F8:2F,-57,1598425804192
0,41,D0:F0:18:43:F8:33,-83,1598425804697
1,42,D0:F0:18:43:F8:2F,-57,1598425804698
0,43,D0:F0:18:43:F8:33,-76,1598425805202
1,44,D0:F0:18:43:F8:2F,-56,1598425805204
0,45,D0:F0:18:43:F8:33,-80,1598425805708
1,46,D0:F0:18:43:F8:2F,-57,1598425805710
0,47,D0:F0:18:43:F8:33,-83,1598425806214
1,48,D0:F0:18:43:F8:2F,-57,1598425806215
0,49,D0:F0:18:43:F8:33,-80,1598425806719
1,50,D0:F0:18:43:F8:2F,-57,1598425806721
0,51,D0:F0:18:43:F8:33,-80,1598425807225
1,52,D0:F0:18:43:F8:2F,-52,1598425807226
0,53,D0:F0:18:43:F8:2F,-57,1598425807731
0,54,D0:F0:18:43:F8:33,-80,1598425808235
0,55,D0:F0:18:43:F8:33,-82,1598425808741
1,56,D0:F0:18:43:F8:2F,-56,1598425808742
0,57,D0:F0:18:43:F8:33,-80,1598425809246
1,58,D0:F0:18:43:F8:2F,-57,1598425809247
0,59,D0:F0:18:43:F8:33,-80,1598425809750
1,60,D0:F0:18:43:F8:2F,-54,1598425809752
0,61,D0:F0:18:43:F8:2F,-56,1598425810256
0,62,D0:F0:18:43:F8:2F,-57,1598425810761
0,63,D0:F0:18:43:F8:33,-78,1598425811267
1,64,D0:F0:18:43:F8:2F,-54,1598425811268
0,65,D0:F0:18:43:F8:33,-78,1598425811773
1,66,D0:F0:18:43:F8:2F,-57,1598425811775
0,67,D0:F0:18:43:F8:33,-82,1598425812278
1,68,D0:F0:18:43:F8:2F,-57,1598425812280
0,69,D0:F0:18:43:F8:33,-76,1598425812784
0,70,D0:F0:18:43:F8:33,-77,1598425813288
1,71,D0:F0:18:43:F8:2F,-57,1598425813290
0,72,D0:F0:18:43:F8:33,-82,1598425813794
1,73,D0:F0:18:43:F8:2F,-54,1598425813795
0,74,D0:F0:18:43:F8:33,-78,1598425814300
1,75,D0:F0:18:43:F8:2F,-57,1598425814301
0,76,D0:F0:18:43:F8:33,-76,1598425814806
1,77,D0:F0:18:43:F8:2F,-56,1598425814807
0,78,D0:F0:18:43:F8:33,-78,1598425815311
1,79,D0:F0:18:43:F8:2F,-54,1598425815313
0,0,D0:F0:18:43:F8:33,-71,1598425820369
0,1,D0:F0:18:43:F8:2F,-62,1598425820874
0,2,D0:F0:18:43:F8:33,-73,1598425821380
1,3,D0:F0:18:43:F8:2F,-60,1598425821382
0,4,D0:F0:18:43:F8:33,-71,1598425821886
1,5,D0:F0:18:43:F8:2F,-61,1598425821888
0,6,D0:F0:18:43:F8:33,-75,1598425822897
1,7,D0:F0:18:43:F8:2F,-59,1598425822898
0,8,D0:F0:18:43:F8:33,-71,1598425823402
0,9,D0:F0:18:43:F8:2F,-63,1598425823908
0,10,D0:F0:18:43:F8:33,-73,1598425824413
1,11,D0:F0:18:43:F8:2F,-59,1598425824414
0,12,D0:F0:18:43:F8:33,-72,1598425824919
1,13,D0:F0:18:43:F8:2F,-59,1598425824921
0,14,D0:F0:18:43:F8:2F,-60,1598425825424
0,15,D0:F0:18:43:F8:33,-72,1598425825929
1,16,D0:F0:18:43:F8:2F,-59,1598425825931
0,17,D0:F0:18:43:F8:2F,-63,1598425826435
0,18,D0:F0:18:43:F8:33,-72,1598425826941
1,19,D0:F0:18:43:F8:2F,-60,1598425826942
0,20,D0:F0:18:43:F8:2F,-59,1598425827445
0,21,D0:F0:18:43:F8:33,-73,1598425827951
1,22,D0:F0:18:43:F8:2F,-63,1598425827952
0,23,D0:F0:18:43:F8:33,-71,1598425828456
1,24,D0:F0:18:43:F8:2F,-63,1598425828457
0,25,D0:F0:18:43:F8:33,-71,1598425828962
0,26,D0:F0:18:43:F8:33,-73,1598425829468
1,27,D0:F0:18:43:F8:2F,-59,1598425829469
0,28,D0:F0:18:43:F8:33,-72,1598425829974
1,29,D0:F0:18:43:F8:2F,-64,1598425829976
0,30,D0:F0:18:43:F8:2F,-59,1598425830480
0,31,D0:F0:18:43:F8:33,-71,1598425830986
1,32,D0:F0:18:43:F8:2F,-64,1598425830987
0,33,D0:F0:18:43:F8:2F,-64,1598425831491
0,34,D0:F0:18:43:F8:33,-74,1598425831996
1,35,D0:F0:18:43:F8:2F,-59,1598425831998
0,36,D0:F0:18:43:F8:33,-74,1598425832501
1,37,D0:F0:18:43:F8:2F,-64,1598425832503
0,38,D0:F0:18:43:F8:2F,-64,1598425833006
0,39,D0:F0:18:43:F8:33,-74,1598425833512
1,40,D0:F0:18:43:F8:2F,-59,1598425833514
0,41,D0:F0:18:43:F8:33,-74,1598425834018
1,42,D0:F0:18:43:F8:2F,-59,1598425834019
0,43,D0:F0:18:43:F8:33,-71,1598425834523
0,44,D0:F0:18:43:F8:33,-74,1598425835029
1,45,D0:F0:18:43:F8:2F,-59,1598425835031
0,46,D0:F0:18:43:F8:33,-71,1598425835535
1,47,D0:F0:18:43:F8:2F,-64,1598425835537
0,48,D0:F0:18:43:F8:33,-73,1598425836546
1,49,D0:F0:18:43:F8:2F,-64,1598425836547
0,50,D0:F0:18:43:F8:33,-73,1598425837052
1,51,D0:F0:18:43:F8:2F,-60,1598425837053
0,52,D0:F0:18:43:F8:33,-71,1598425837557
1,53,D0:F0:18:43:F8:2F,-60,1598425837558
0,54,D0:F0:18:43:F8:33,-84,1598425838063
1,55,D0:F0:18:43:F8:2F,-65,1598425838064
0,56,D0:F0:18:43:F8:33,-73,1598425838568
1,57,D0:F0:18:43:F8:2F,-60,1598425838569
0,58,D0:F0:18:43:F8:33,-71,1598425839073
1,59,D0:F0:18:43:F8:2F,-60,1598425839075
0,60,D0:F0:18:43:F8:33,-81,1598425839579
1,61,D0:F0:18:43:F8:2F,-61,1598425839580
0,62,D0:F0:18:43:F8:33,-71,1598425840085
1,63,D0:F0:18:43:F8:2F,-60,1598425840087
0,64,D0:F0:18:43:F8:33,-71,1598425840591
1,65,D0:F0:18:43:F8:2F,-64,1598425840592
0,66,D0:F0:18:43:F8:33,-72,1598425841096
1,67,D0:F0:18:43:F8:2F,-64,1598425841098
0,68,D0:F0:18:43:F8:2F,-59,1598425841601
0,69,D0:F0:18:43:F8:33,-71,1598425842107
1,70,D0:F0:18:43:F8:2F,-59,1598425842108
0,71,D0:F0:18:43:F8:33,-73,1598425842612
0,72,D0:F0:18:43:F8:33,-71,1598425843118
1,73,D0:F0:18:43:F8:2F,-60,1598425843119
0,74,D0:F0:18:43:F8:33,-71,1598425843624
1,75,D0:F0:18:43:F8:2F,-59,1598425843625
0,76,D0:F0:18:43:F8:33,-71,1598425844129
1,77,D0:F0:18:43:F8:2F,-64,1598425844132
0,78,D0:F0:18:43:F8:33,-73,1598425844635
1,79,D0:F0:18:43:F8:2F,-60,1598425844636
0,0,D0:F0:18:43:F8:33,-74,1598425852217
1,1,D0:F0:18:43:F8:2F,-45,1598425852219
0,2,D0:F0:18:43:F8:2F,-46,1598425852724
0,3,D0:F0:18:43:F8:33,-80,1598425853226
1,4,D0:F0:18:43:F8:2F,-47,1598425853227
0,5,D0:F0:18:43:F8:33,-78,1598425853732
1,6,D0:F0:18:43:F8:2F,-45,1598425853734
0,7,D0:F0:18:43:F8:2F,-46,1598425854238
0,8,D0:F0:18:43:F8:33,-71,1598425854743
1,9,D0:F0:18:43:F8:2F,-47,1598425854745
0,10,D0:F0:18:43:F8:33,-79,1598425855249
1,11,D0:F0:18:43:F8:2F,-47,1598425855251
0,12,D0:F0:18:43:F8:33,-79,1598425855754
0,13,D0:F0:18:43:F8:33,-80,1598425856261
1,14,D0:F0:18:43:F8:2F,-45,1598425856262
0,15,D0:F0:18:43:F8:33,-71,1598425856766
1,16,D0:F0:18:43:F8:2F,-47,1598425856768
0,17,D0:F0:18:43:F8:33,-80,1598425857272
1,18,D0:F0:18:43:F8:2F,-47,1598425857274
0,19,D0:F0:18:43:F8:33,-72,1598425857774
1,20,D0:F0:18:43:F8:2F,-45,1598425857775
0,21,D0:F0:18:43:F8:2F,-47,1598425858280
0,22,D0:F0:18:43:F8:33,-79,1598425858785
1,23,D0:F0:18:43:F8:2F,-45,1598425858787
0,24,D0:F0:18:43:F8:33,-73,1598425859291
1,25,D0:F0:18:43:F8:2F,-47,1598425859293
0,26,D0:F0:18:43:F8:2F,-47,1598425859796
0,27,D0:F0:18:43:F8:33,-79,1598425860303
1,28,D0:F0:18:43:F8:2F,-45,1598425860304
0,29,D0:F0:18:43:F8:33,-80,1598425860807
0,30,D0:F0:18:43:F8:33,-79,1598425861313
0,31,D0:F0:18:43:F8:2F,-45,1598425861817
0,32,D0:F0:18:43:F8:33,-73,1598425862321
0,33,D0:F0:18:43:F8:33,-80,1598425862827
1,34,D0:F0:18:43:F8:2F,-47,1598425862828
0,35,D0:F0:18:43:F8:33,-82,1598425863331
0,36,D0:F0:18:43:F8:33,-72,1598425863837
0,37,D0:F0:18:43:F8:33,-72,1598425864342
1,38,D0:F0:18:43:F8:2F,-47,1598425864343
0,39,D0:F0:18:43:F8:33,-80,1598425865352
1,40,D0:F0:18:43:F8:2F,-46,1598425865354
0,41,D0:F0:18:43:F8:33,-95,1598425866362
1,42,D0:F0:18:43:F8:2F,-47,1598425866364
0,43,D0:F0:18:43:F8:33,-87,1598425866868
0,44,D0:F0:18:43:F8:2F,-45,1598425867372
0,45,D0:F0:18:43:F8:2F,-46,1598425867878
0,46,D0:F0:18:43:F8:2F,-46,1598425868383
0,47,D0:F0:18:43:F8:33,-71,1598425868886
0,48,D0:F0:18:43:F8:33,-81,1598425869391
1,49,D0:F0:18:43:F8:2F,-47,1598425869392
0,50,D0:F0:18:43:F8:33,-80,1598425869896
0,51,D0:F0:18:43:F8:33,-73,1598425870402
1,52,D0:F0:18:43:F8:2F,-47,1598425870403
0,53,D0:F0:18:43:F8:2F,-47,1598425870906
0,54,D0:F0:18:43:F8:33,-73,1598425871412
1,55,D0:F0:18:43:F8:2F,-45,1598425871413
0,56,D0:F0:18:43:F8:2F,-47,1598425871917
0,57,D0:F0:18:43:F8:33,-81,1598425872422
1,58,D0:F0:18:43:F8:2F,-47,1598425872423
0,59,D0:F0:18:43:F8:33,-72,1598425872926
1,60,D0:F0:18:43:F8:2F,-47,1598425872928
0,61,D0:F0:18:43:F8:2F,-47,1598425873431
0,62,D0:F0:18:43:F8:33,-81,1598425873936
1,63,D0:F0:18:43:F8:2F,-47,1598425873938
0,64,D0:F0:18:43:F8:33,-80,1598425874442
1,65,D0:F0:18:43:F8:2F,-47,1598425874443
0,66,D0:F0:18:43:F8:33,-80,1598425874946
1,67,D0:F0:18:43:F8:2F,-45,1598425874948
0,68,D0:F0:18:43:F8:33,-73,1598425875452
1,69,D0:F0:18:43:F8:2F,-45,1598425875454
0,70,D0:F0:18:43:F8:33,-80,1598425875958
1,71,D0:F0:18:43:F8:2F,-47,1598425875959
0,72,D0:F0:18:43:F8:33,-80,1598425876463
1,73,D0:F0:18:43:F8:2F,-45,1598425876465
0,74,D0:F0:18:43:F8:33,-80,1598425876985
1,75,D0:F0:18:43:F8:2F,-46,1598425876987
0,76,D0:F0:18:43:F8:2F,-47,1598425877491
0,77,D0:F0:18:43:F8:33,-80,1598425877995
0,78,D0:F0:18:43:F8:33,-73,1598425878500
0,79,D0:F0:18:43:F8:33,-80,1598425879006
0,0,D0:F0:18:43:F8:33,-79,1598425886079
0,1,D0:F0:18:43:F8:33,-71,1598425886583
0,2,D0:F0:18:43:F8:33,-68,1598425887088
1,3,D0:F0:18:43:F8:2F,-30,1598425887090
0,4,D0:F0:18:43:F8:2F,-29,1598425887593
0,5,D0:F0:18:43:F8:33,-66,1598425888099
0,6,D0:F0:18:43:F8:33,-68,1598425888601
1,7,D0:F0:18:43:F8:2F,-29,1598425888602
0,8,D0:F0:18:43:F8:33,-68,1598425889107
0,9,D0:F0:18:43:F8:33,-66,1598425889613
1,10,D0:F0:18:43:F8:2F,-30,1598425889614
0,11,D0:F0:18:43:F8:33,-69,1598425890118
1,12,D0:F0:18:43:F8:2F,-29,1598425890120
0,13,D0:F0:18:43:F8:2F,-29,1598425890624
0,14,D0:F0:18:43:F8:33,-66,1598425891129
1,15,D0:F0:18:43:F8:2F,-30,1598425891131
0,16,D0:F0:18:43:F8:33,-66,1598425891636
1,17,D0:F0:18:43:F8:2F,-30,1598425891637
0,18,D0:F0:18:43:F8:33,-66,1598425892141
1,19,D0:F0:18:43:F8:2F,-29,1598425892143
0,20,D0:F0:18:43:F8:33,-70,1598425892646
1,21,D0:F0:18:43:F8:2F,-29,1598425892648
0,22,D0:F0:18:43:F8:33,-70,1598425893151
0,23,D0:F0:18:43:F8:33,-68,1598425893656
1,24,D0:F0:18:43:F8:2F,-30,1598425893657
0,25,D0:F0:18:43:F8:33,-68,1598425894161
1,26,D0:F0:18:43:F8:2F,-29,1598425894163
0,27,D0:F0:18:43:F8:33,-66,1598425894667
0,28,D0:F0:18:43:F8:2F,-30,1598425895171
0,29,D0:F0:18:43:F8:33,-66,1598425895677
1,30,D0:F0:18:43:F8:2F,-29,1598425895679
0,31,D0:F0:18:43:F8:33,-68,1598425896183
1,32,D0:F0:18:43:F8:2F,-30,1598425896185
0,33,D0:F0:18:43:F8:33,-68,1598425896688
1,34,D0:F0:18:43:F8:2F,-29,1598425896690
0,35,D0:F0:18:43:F8:33,-66,1598425897194
1,36,D0:F0:18:43:F8:2F,-29,1598425897196
0,37,D0:F0:18:43:F8:33,-69,1598425897700
1,38,D0:F0:18:43:F8:2F,-30,1598425897701
0,39,D0:F0:18:43:F8:33,-68,1598425898205
1,40,D0:F0:18:43:F8:2F,-29,1598425898207
0,41,D0:F0:18:43:F8:33,-70,1598425899216
1,42,D0:F0:18:43:F8:2F,-30,1598425899218
0,43,D0:F0:18:43:F8:33,-66,1598425899721
1,44,D0:F0:18:43:F8:2F,-29,1598425899723
0,45,D0:F0:18:43:F8:2F,-29,1598425900226
0,46,D0:F0:18:43:F8:2F,-29,1598425900731
0,47,D0:F0:18:43:F8:33,-66,1598425901237
1,48,D0:F0:18:43:F8:2F,-30,1598425901239
0,49,D0:F0:18:43:F8:2F,-29,1598425901742
0,50,D0:F0:18:43:F8:33,-66,1598425902247
0,51,D0:F0:18:43:F8:33,-66,1598425902752
1,52,D0:F0:18:43:F8:2F,-30,1598425902754
0,53,D0:F0:18:43:F8:33,-69,1598425903258
1,54,D0:F0:18:43:F8:2F,-30,1598425903259
0,55,D0:F0:18:43:F8:33,-66,1598425903763
1,56,D0:F0:18:43:F8:2F,-29,1598425903764
0,57,D0:F0:18:43:F8:33,-66,1598425904269
1,58,D0:F0:18:43:F8:2F,-30,1598425904271
0,59,D0:F0:18:43:F8:33,-70,1598425904777
1,60,D0:F0:18:43:F8:2F,-29,1598425904779
0,61,D0:F0:18:43:F8:33,-66,1598425905282
1,62,D0:F0:18:43:F8:2F,-30,1598425905284
0,63,D0:F0:18:43:F8:33,-69,1598425905787
0,64,D0:F0:18:43:F8:33,-70,1598425906288
1,65,D0:F0:18:43:F8:2F,-30,1598425906289
0,66,D0:F0:18:43:F8:33,-66,1598425906793
0,67,D0:F0:18:43:F8:33,-66,1598425907804
0,68,D0:F0:18:43:F8:33,-70,1598425908309
1,69,D0:F0:18:43:F8:2F,-30,1598425908311
0,70,D0:F0:18:43:F8:33,-68,1598425908814
0,71,D0:F0:18:43:F8:33,-70,1598425909319
0,72,D0:F0:18:43:F8:33,-66,1598425909825
1,73,D0:F0:18:43:F8:2F,-30,1598425909826
0,74,D0:F0:18:43:F8:33,-69,1598425910836
1,75,D0:F0:18:43:F8:2F,-30,1598425910837
0,76,D0:F0:18:43:F8:33,-68,1598425911340
1,77,D0:F0:18:43:F8:2F,-29,1598425911342
0,78,D0:F0:18:43:F8:33,-69,1598425911846
1,79,D0:F0:18:43:F8:2F,-29,1598425911848
