0,0,D0:F0:18:43:F8:2F,-70,1597397985070
1,1,D0:F0:18:43:F8:49,-33,1597397985081
0,2,D0:F0:18:43:F8:2F,-70,1597397985605
1,3,D0:F0:18:43:F8:49,-33,1597397985614
0,4,D0:F0:18:43:F8:2F,-71,1597397986120
1,5,D0:F0:18:43:F8:49,-33,1597397986129
0,6,D0:F0:18:43:F8:2F,-71,1597397986645
1,7,D0:F0:18:43:F8:49,-33,1597397986652
0,8,D0:F0:18:43:F8:2F,-71,1597397987147
1,9,D0:F0:18:43:F8:49,-33,1597397987149
0,10,D0:F0:18:43:F8:2F,-70,1597397987656
1,11,D0:F0:18:43:F8:49,-33,1597397987659
0,12,D0:F0:18:43:F8:49,-33,1597397988175
0,13,D0:F0:18:43:F8:49,-33,1597397988701
0,14,D0:F0:18:43:F8:2F,-69,1597397989220
1,15,D0:F0:18:43:F8:49,-33,1597397989230
0,16,D0:F0:18:43:F8:2F,-67,1597397989738
0,17,D0:F0:18:43:F8:2F,-69,1597397990263
1,18,D0:F0:18:43:F8:49,-33,1597397990270
0,19,D0:F0:18:43:F8:2F,-70,1597397990785
1,20,D0:F0:18:43:F8:49,-33,1597397990793
0,21,D0:F0:18:43:F8:2F,-67,1597397991310
1,22,D0:F0:18:43:F8:49,-33,1597397991320
0,23,D0:F0:18:43:F8:2F,-69,1597397991827
1,24,D0:F0:18:43:F8:49,-33,1597397991835
0,25,D0:F0:18:43:F8:2F,-67,1597397992345
0,26,D0:F0:18:43:F8:2F,-69,1597397992863
1,27,D0:F0:18:43:F8:49,-33,1597397992871
0,28,D0:F0:18:43:F8:2F,-70,1597397993385
1,29,D0:F0:18:43:F8:49,-33,1597397993393
0,30,D0:F0:18:43:F8:49,-33,1597397993903
0,31,D0:F0:18:43:F8:2F,-70,1597397994421
1,32,D0:F0:18:43:F8:49,-33,1597397994429
0,33,D0:F0:18:43:F8:2F,-68,1597397994940
1,34,D0:F0:18:43:F8:49,-33,1597397994949
0,35,D0:F0:18:43:F8:2F,-70,1597397995456
1,36,D0:F0:18:43:F8:49,-34,1597397995464
0,37,D0:F0:18:43:F8:2F,-70,1597397995970
0,38,D0:F0:18:43:F8:2F,-67,1597397996489
0,39,D0:F0:18:43:F8:2F,-70,1597397997007
1,40,D0:F0:18:43:F8:49,-33,1597397997015
0,41,D0:F0:18:43:F8:2F,-70,1597397997525
1,42,D0:F0:18:43:F8:49,-33,1597397997533
0,43,D0:F0:18:43:F8:2F,-69,1597397998032
1,44,D0:F0:18:43:F8:49,-33,1597397998037
0,45,D0:F0:18:43:F8:2F,-70,1597397998553
1,46,D0:F0:18:43:F8:49,-33,1597397998560
0,47,D0:F0:18:43:F8:2F,-69,1597397999068
1,48,D0:F0:18:43:F8:49,-33,1597397999077
0,49,D0:F0:18:43:F8:2F,-70,1597397999586
1,50,D0:F0:18:43:F8:49,-33,1597397999593
0,51,D0:F0:18:43:F8:49,-33,1597398000094
0,52,D0:F0:18:43:F8:2F,-70,1597398000615
1,53,D0:F0:18:43:F8:49,-34,1597398000624
0,54,D0:F0:18:43:F8:2F,-69,1597398001131
1,55,D0:F0:18:43:F8:49,-33,1597398001139
0,56,D0:F0:18:43:F8:49,-34,1597398001646
0,57,D0:F0:18:43:F8:2F,-69,1597398002165
1,58,D0:F0:18:43:F8:49,-33,1597398002173
0,59,D0:F0:18:43:F8:2F,-68,1597398002683
1,60,D0:F0:18:43:F8:49,-33,1597398002691
0,61,D0:F0:18:43:F8:2F,-71,1597398003200
1,62,D0:F0:18:43:F8:49,-34,1597398003207
0,63,D0:F0:18:43:F8:49,-33,1597398003716
0,64,D0:F0:18:43:F8:2F,-67,1597398004236
1,65,D0:F0:18:43:F8:49,-33,1597398004244
0,66,D0:F0:18:43:F8:2F,-71,1597398004754
1,67,D0:F0:18:43:F8:49,-33,1597398004763
0,68,D0:F0:18:43:F8:49,-33,1597398005274
0,69,D0:F0:18:43:F8:2F,-71,1597398005788
1,70,D0:F0:18:43:F8:49,-33,1597398005796
0,71,D0:F0:18:43:F8:2F,-71,1597398006301
1,72,D0:F0:18:43:F8:49,-33,1597398006306
0,73,D0:F0:18:43:F8:49,-33,1597398006819
0,74,D0:F0:18:43:F8:2F,-71,1597398007335
1,75,D0:F0:18:43:F8:49,-33,1597398007343
0,76,D0:F0:18:43:F8:49,-33,1597398007848
0,77,D0:F0:18:43:F8:2F,-69,1597398008366
1,78,D0:F0:18:43:F8:49,-32,1597398008373
0,79,D0:F0:18:43:F8:2F,-70,1597398008885
0,0,D0:F0:18:43:F8:2F,-74,1597398013509
1,1,D0:F0:18:43:F8:49,-58,1597398013518
0,2,D0:F0:18:43:F8:2F,-78,1597398014011
1,3,D0:F0:18:43:F8:49,-59,1597398014013
0,4,D0:F0:18:43:F8:49,-54,1597398014526
0,5,D0:F0:18:43:F8:49,-58,1597398015037
0,6,D0:F0:18:43:F8:2F,-77,1597398015553
1,7,D0:F0:18:43:F8:49,-56,1597398015560
0,8,D0:F0:18:43:F8:49,-57,1597398016065
0,9,D0:F0:18:43:F8:2F,-78,1597398016576
1,10,D0:F0:18:43:F8:49,-57,1597398016584
0,11,D0:F0:18:43:F8:2F,-72,1597398017095
1,12,D0:F0:18:43:F8:49,-54,1597398017104
0,13,D0:F0:18:43:F8:2F,-86,1597398018115
1,14,D0:F0:18:43:F8:49,-58,1597398018124
0,15,D0:F0:18:43:F8:2F,-81,1597398018625
1,16,D0:F0:18:43:F8:49,-57,1597398018631
0,17,D0:F0:18:43:F8:2F,-80,1597398019139
1,18,D0:F0:18:43:F8:49,-58,1597398019147
0,19,D0:F0:18:43:F8:2F,-73,1597398019654
1,20,D0:F0:18:43:F8:49,-57,1597398019661
0,21,D0:F0:18:43:F8:2F,-82,1597398020165
1,22,D0:F0:18:43:F8:49,-58,1597398020172
0,23,D0:F0:18:43:F8:2F,-77,1597398020677
1,24,D0:F0:18:43:F8:49,-54,1597398020683
0,25,D0:F0:18:43:F8:2F,-82,1597398021189
1,26,D0:F0:18:43:F8:49,-58,1597398021195
0,27,D0:F0:18:43:F8:2F,-82,1597398021702
1,28,D0:F0:18:43:F8:49,-58,1597398021709
0,29,D0:F0:18:43:F8:2F,-73,1597398022214
1,30,D0:F0:18:43:F8:49,-54,1597398022223
0,31,D0:F0:18:43:F8:2F,-82,1597398022727
1,32,D0:F0:18:43:F8:49,-58,1597398022734
0,33,D0:F0:18:43:F8:2F,-76,1597398023238
1,34,D0:F0:18:43:F8:49,-58,1597398023246
0,35,D0:F0:18:43:F8:2F,-73,1597398023753
1,36,D0:F0:18:43:F8:49,-58,1597398023764
0,37,D0:F0:18:43:F8:2F,-84,1597398024269
1,38,D0:F0:18:43:F8:49,-52,1597398024272
0,39,D0:F0:18:43:F8:2F,-73,1597398024781
1,40,D0:F0:18:43:F8:49,-57,1597398024787
0,41,D0:F0:18:43:F8:49,-58,1597398025291
0,42,D0:F0:18:43:F8:2F,-79,1597398025809
1,43,D0:F0:18:43:F8:49,-54,1597398025818
0,44,D0:F0:18:43:F8:2F,-82,1597398026309
1,45,D0:F0:18:43:F8:49,-58,1597398026313
0,46,D0:F0:18:43:F8:2F,-83,1597398026821
1,47,D0:F0:18:43:F8:49,-58,1597398026828
0,48,D0:F0:18:43:F8:2F,-73,1597398027332
1,49,D0:F0:18:43:F8:49,-57,1597398027339
0,50,D0:F0:18:43:F8:49,-58,1597398027842
0,51,D0:F0:18:43:F8:2F,-80,1597398028353
1,52,D0:F0:18:43:F8:49,-54,1597398028360
0,53,D0:F0:18:43:F8:2F,-72,1597398028863
1,54,D0:F0:18:43:F8:49,-57,1597398028870
0,55,D0:F0:18:43:F8:2F,-71,1597398029375
1,56,D0:F0:18:43:F8:49,-58,1597398029381
0,57,D0:F0:18:43:F8:2F,-79,1597398029886
1,58,D0:F0:18:43:F8:49,-54,1597398029892
0,59,D0:F0:18:43:F8:2F,-72,1597398030393
1,60,D0:F0:18:43:F8:49,-58,1597398030398
0,61,D0:F0:18:43:F8:2F,-84,1597398030903
1,62,D0:F0:18:43:F8:49,-54,1597398030909
0,63,D0:F0:18:43:F8:2F,-78,1597398031415
1,64,D0:F0:18:43:F8:49,-58,1597398031422
0,65,D0:F0:18:43:F8:2F,-72,1597398031925
1,66,D0:F0:18:43:F8:49,-58,1597398031932
0,67,D0:F0:18:43:F8:49,-58,1597398032428
0,68,D0:F0:18:43:F8:49,-58,1597398032940
0,69,D0:F0:18:43:F8:2F,-84,1597398033450
1,70,D0:F0:18:43:F8:49,-54,1597398033456
0,71,D0:F0:18:43:F8:2F,-71,1597398033960
1,72,D0:F0:18:43:F8:49,-57,1597398033966
0,73,D0:F0:18:43:F8:2F,-85,1597398034470
1,74,D0:F0:18:43:F8:49,-57,1597398034476
0,75,D0:F0:18:43:F8:2F,-77,1597398034983
1,76,D0:F0:18:43:F8:49,-54,1597398034989
0,77,D0:F0:18:43:F8:2F,-72,1597398035493
1,78,D0:F0:18:43:F8:49,-57,1597398035501
0,79,D0:F0:18:43:F8:2F,-86,1597398036004
0,0,D0:F0:18:43:F8:2F,-80,1597398046707
0,1,D0:F0:18:43:F8:2F,-76,1597398047725
1,2,D0:F0:18:43:F8:49,-74,1597398047732
0,3,D0:F0:18:43:F8:49,-73,1597398048238
0,4,D0:F0:18:43:F8:2F,-79,1597398049260
1,5,D0:F0:18:43:F8:49,-75,1597398049266
0,6,D0:F0:18:43:F8:49,-76,1597398049762
0,7,D0:F0:18:43:F8:2F,-76,1597398050265
0,8,D0:F0:18:43:F8:2F,-74,1597398050769
1,9,D0:F0:18:43:F8:49,-74,1597398050771
0,10,D0:F0:18:43:F8:2F,-76,1597398051272
0,11,D0:F0:18:43:F8:2F,-78,1597398051784
1,12,D0:F0:18:43:F8:49,-71,1597398051790
0,13,D0:F0:18:43:F8:2F,-74,1597398052294
0,14,D0:F0:18:43:F8:2F,-74,1597398052806
1,15,D0:F0:18:43:F8:49,-71,1597398052812
0,16,D0:F0:18:43:F8:2F,-73,1597398053318
1,17,D0:F0:18:43:F8:49,-72,1597398053324
0,18,D0:F0:18:43:F8:2F,-77,1597398053830
1,19,D0:F0:18:43:F8:49,-72,1597398053836
0,20,D0:F0:18:43:F8:2F,-72,1597398054341
1,21,D0:F0:18:43:F8:49,-73,1597398054347
0,22,D0:F0:18:43:F8:2F,-77,1597398054851
0,23,D0:F0:18:43:F8:2F,-77,1597398055354
0,24,D0:F0:18:43:F8:2F,-77,1597398055867
1,25,D0:F0:18:43:F8:49,-74,1597398055873
0,26,D0:F0:18:43:F8:2F,-78,1597398056379
1,27,D0:F0:18:43:F8:49,-77,1597398056388
0,28,D0:F0:18:43:F8:2F,-72,1597398056891
1,29,D0:F0:18:43:F8:49,-71,1597398056898
0,30,D0:F0:18:43:F8:2F,-76,1597398057398
1,31,D0:F0:18:43:F8:49,-73,1597398057401
0,32,D0:F0:18:43:F8:2F,-77,1597398057910
1,33,D0:F0:18:43:F8:49,-78,1597398057919
0,34,D0:F0:18:43:F8:2F,-77,1597398058418
1,35,D0:F0:18:43:F8:49,-73,1597398058424
0,36,D0:F0:18:43:F8:49,-73,1597398058930
0,37,D0:F0:18:43:F8:2F,-73,1597398059436
0,38,D0:F0:18:43:F8:2F,-77,1597398059940
1,39,D0:F0:18:43:F8:49,-80,1597398059943
0,40,D0:F0:18:43:F8:49,-73,1597398060961
0,41,D0:F0:18:43:F8:2F,-81,1597398061470
0,42,D0:F0:18:43:F8:2F,-71,1597398061981
1,43,D0:F0:18:43:F8:49,-71,1597398061988
0,44,D0:F0:18:43:F8:49,-71,1597398062996
0,45,D0:F0:18:43:F8:2F,-80,1597398064017
1,46,D0:F0:18:43:F8:49,-85,1597398064023
0,47,D0:F0:18:43:F8:49,-71,1597398064531
0,48,D0:F0:18:43:F8:2F,-88,1597398065038
1,49,D0:F0:18:43:F8:49,-82,1597398065044
0,50,D0:F0:18:43:F8:2F,-79,1597398065545
0,51,D0:F0:18:43:F8:2F,-71,1597398066054
1,52,D0:F0:18:43:F8:49,-71,1597398066062
0,53,D0:F0:18:43:F8:2F,-79,1597398066564
0,54,D0:F0:18:43:F8:2F,-73,1597398067072
1,55,D0:F0:18:43:F8:49,-71,1597398067077
0,56,D0:F0:18:43:F8:2F,-82,1597398067580
0,57,D0:F0:18:43:F8:2F,-79,1597398068090
1,58,D0:F0:18:43:F8:49,-71,1597398068095
0,59,D0:F0:18:43:F8:49,-71,1597398069104
0,60,D0:F0:18:43:F8:2F,-72,1597398069614
0,61,D0:F0:18:43:F8:49,-82,1597398070122
0,62,D0:F0:18:43:F8:2F,-85,1597398070632
1,63,D0:F0:18:43:F8:49,-71,1597398070639
0,64,D0:F0:18:43:F8:2F,-72,1597398071141
1,65,D0:F0:18:43:F8:49,-81,1597398071148
0,66,D0:F0:18:43:F8:2F,-84,1597398071650
0,67,D0:F0:18:43:F8:2F,-72,1597398072157
1,68,D0:F0:18:43:F8:49,-71,1597398072162
0,69,D0:F0:18:43:F8:2F,-80,1597398073176
1,70,D0:F0:18:43:F8:49,-71,1597398073181
0,71,D0:F0:18:43:F8:49,-71,1597398074700
0,72,D0:F0:18:43:F8:2F,-71,1597398075207
0,73,D0:F0:18:43:F8:2F,-80,1597398075717
1,74,D0:F0:18:43:F8:49,-71,1597398075723
0,75,D0:F0:18:43:F8:2F,-72,1597398076223
1,76,D0:F0:18:43:F8:49,-71,1597398076230
0,77,D0:F0:18:43:F8:2F,-80,1597398076731
1,78,D0:F0:18:43:F8:49,-79,1597398076736
0,79,D0:F0:18:43:F8:2F,-83,1597398077238
0,0,D0:F0:18:43:F8:2F,-77,1597398083326
1,1,D0:F0:18:43:F8:49,-76,1597398083330
0,2,D0:F0:18:43:F8:2F,-83,1597398083833
1,3,D0:F0:18:43:F8:49,-73,1597398083838
0,4,D0:F0:18:43:F8:2F,-76,1597398084344
1,5,D0:F0:18:43:F8:49,-74,1597398084349
0,6,D0:F0:18:43:F8:49,-76,1597398084851
0,7,D0:F0:18:43:F8:2F,-75,1597398085357
0,8,D0:F0:18:43:F8:2F,-78,1597398085864
1,9,D0:F0:18:43:F8:49,-85,1597398085868
0,10,D0:F0:18:43:F8:2F,-75,1597398086372
1,11,D0:F0:18:43:F8:49,-76,1597398086377
0,12,D0:F0:18:43:F8:49,-71,1597398086880
0,13,D0:F0:18:43:F8:2F,-77,1597398087388
0,14,D0:F0:18:43:F8:49,-71,1597398087897
0,15,D0:F0:18:43:F8:2F,-78,1597398088909
1,16,D0:F0:18:43:F8:49,-71,1597398088917
0,17,D0:F0:18:43:F8:2F,-78,1597398089927
1,18,D0:F0:18:43:F8:49,-77,1597398089935
0,19,D0:F0:18:43:F8:2F,-74,1597398090432
0,20,D0:F0:18:43:F8:2F,-71,1597398091446
1,21,D0:F0:18:43:F8:49,-76,1597398091451
0,22,D0:F0:18:43:F8:2F,-74,1597398092458
1,23,D0:F0:18:43:F8:49,-74,1597398092466
0,24,D0:F0:18:43:F8:49,-71,1597398092967
0,25,D0:F0:18:43:F8:2F,-75,1597398093476
1,26,D0:F0:18:43:F8:49,-81,1597398093482
0,27,D0:F0:18:43:F8:2F,-74,1597398093983
1,28,D0:F0:18:43:F8:49,-74,1597398093988
0,29,D0:F0:18:43:F8:2F,-74,1597398094490
0,30,D0:F0:18:43:F8:2F,-72,1597398094998
1,31,D0:F0:18:43:F8:49,-78,1597398095002
0,32,D0:F0:18:43:F8:2F,-74,1597398095504
0,33,D0:F0:18:43:F8:2F,-74,1597398096011
1,34,D0:F0:18:43:F8:49,-79,1597398096018
0,35,D0:F0:18:43:F8:49,-79,1597398096517
0,36,D0:F0:18:43:F8:2F,-74,1597398097023
1,37,D0:F0:18:43:F8:49,-73,1597398097030
0,38,D0:F0:18:43:F8:49,-79,1597398097534
0,39,D0:F0:18:43:F8:2F,-79,1597398098041
1,40,D0:F0:18:43:F8:49,-73,1597398098045
0,41,D0:F0:18:43:F8:49,-79,1597398098549
0,42,D0:F0:18:43:F8:2F,-75,1597398099059
1,43,D0:F0:18:43:F8:49,-79,1597398099067
0,44,D0:F0:18:43:F8:2F,-80,1597398099569
1,45,D0:F0:18:43:F8:49,-72,1597398099575
0,46,D0:F0:18:43:F8:2F,-73,1597398100074
1,47,D0:F0:18:43:F8:49,-79,1597398100079
0,48,D0:F0:18:43:F8:2F,-75,1597398100580
0,49,D0:F0:18:43:F8:2F,-79,1597398101090
1,50,D0:F0:18:43:F8:49,-72,1597398101094
0,51,D0:F0:18:43:F8:2F,-75,1597398101595
1,52,D0:F0:18:43:F8:49,-72,1597398101601
0,53,D0:F0:18:43:F8:2F,-79,1597398102105
1,54,D0:F0:18:43:F8:49,-79,1597398102110
0,55,D0:F0:18:43:F8:2F,-79,1597398103119
1,56,D0:F0:18:43:F8:49,-72,1597398103124
0,57,D0:F0:18:43:F8:2F,-73,1597398103623
1,58,D0:F0:18:43:F8:49,-79,1597398103627
0,59,D0:F0:18:43:F8:2F,-74,1597398104130
1,60,D0:F0:18:43:F8:49,-73,1597398104135
0,61,D0:F0:18:43:F8:2F,-76,1597398104637
0,62,D0:F0:18:43:F8:2F,-74,1597398105145
1,63,D0:F0:18:43:F8:49,-82,1597398105151
0,64,D0:F0:18:43:F8:2F,-80,1597398105652
0,65,D0:F0:18:43:F8:2F,-72,1597398106159
1,66,D0:F0:18:43:F8:49,-81,1597398106164
0,67,D0:F0:18:43:F8:2F,-75,1597398106670
1,68,D0:F0:18:43:F8:49,-74,1597398106676
0,69,D0:F0:18:43:F8:49,-84,1597398107177
0,70,D0:F0:18:43:F8:2F,-72,1597398107681
0,71,D0:F0:18:43:F8:2F,-75,1597398108189
1,72,D0:F0:18:43:F8:49,-79,1597398108194
0,73,D0:F0:18:43:F8:2F,-80,1597398108699
0,74,D0:F0:18:43:F8:2F,-76,1597398109203
1,75,D0:F0:18:43:F8:49,-74,1597398109207
0,76,D0:F0:18:43:F8:2F,-72,1597398109711
1,77,D0:F0:18:43:F8:49,-82,1597398109716
0,78,D0:F0:18:43:F8:2F,-76,1597398110217
1,79,D0:F0:18:43:F8:49,-82,1597398110221
0,0,D0:F0:18:43:F8:2F,-79,1597398117818
0,1,D0:F0:18:43:F8:2F,-76,1597398118320
0,2,D0:F0:18:43:F8:49,-76,1597398118828
0,3,D0:F0:18:43:F8:2F,-73,1597398119336
1,4,D0:F0:18:43:F8:49,-71,1597398119340
0,5,D0:F0:18:43:F8:2F,-79,1597398119843
1,6,D0:F0:18:43:F8:49,-75,1597398119849
0,7,D0:F0:18:43:F8:49,-80,1597398120349
0,8,D0:F0:18:43:F8:2F,-74,1597398120857
1,9,D0:F0:18:43:F8:49,-76,1597398120861
0,10,D0:F0:18:43:F8:49,-78,1597398121358
0,11,D0:F0:18:43:F8:49,-74,1597398121865
0,12,D0:F0:18:43:F8:2F,-75,1597398122876
1,13,D0:F0:18:43:F8:49,-76,1597398122881
0,14,D0:F0:18:43:F8:2F,-76,1597398123379
0,15,D0:F0:18:43:F8:2F,-79,1597398123887
1,16,D0:F0:18:43:F8:49,-74,1597398123892
0,17,D0:F0:18:43:F8:49,-72,1597398124394
0,18,D0:F0:18:43:F8:2F,-81,1597398124902
1,19,D0:F0:18:43:F8:49,-77,1597398124905
0,20,D0:F0:18:43:F8:49,-72,1597398125403
0,21,D0:F0:18:43:F8:49,-77,1597398125910
0,22,D0:F0:18:43:F8:2F,-75,1597398126416
1,23,D0:F0:18:43:F8:49,-78,1597398126420
0,24,D0:F0:18:43:F8:49,-76,1597398126922
0,25,D0:F0:18:43:F8:49,-74,1597398127423
0,26,D0:F0:18:43:F8:49,-74,1597398127930
0,27,D0:F0:18:43:F8:2F,-78,1597398128437
1,28,D0:F0:18:43:F8:49,-76,1597398128443
0,29,D0:F0:18:43:F8:2F,-77,1597398128943
1,30,D0:F0:18:43:F8:49,-74,1597398128947
0,31,D0:F0:18:43:F8:2F,-75,1597398129449
1,32,D0:F0:18:43:F8:49,-73,1597398129452
0,33,D0:F0:18:43:F8:49,-76,1597398129955
0,34,D0:F0:18:43:F8:2F,-77,1597398130462
1,35,D0:F0:18:43:F8:49,-73,1597398130467
0,36,D0:F0:18:43:F8:2F,-75,1597398130968
1,37,D0:F0:18:43:F8:49,-76,1597398130971
0,38,D0:F0:18:43:F8:2F,-84,1597398131474
0,39,D0:F0:18:43:F8:2F,-78,1597398131984
1,40,D0:F0:18:43:F8:49,-76,1597398131988
0,41,D0:F0:18:43:F8:2F,-80,1597398132490
0,42,D0:F0:18:43:F8:2F,-79,1597398132996
1,43,D0:F0:18:43:F8:49,-73,1597398133000
0,44,D0:F0:18:43:F8:2F,-76,1597398133503
1,45,D0:F0:18:43:F8:49,-77,1597398133508
0,46,D0:F0:18:43:F8:2F,-77,1597398134011
1,47,D0:F0:18:43:F8:49,-78,1597398134016
0,48,D0:F0:18:43:F8:2F,-77,1597398134518
0,49,D0:F0:18:43:F8:2F,-78,1597398135024
1,50,D0:F0:18:43:F8:49,-77,1597398135027
0,51,D0:F0:18:43:F8:2F,-78,1597398135531
1,52,D0:F0:18:43:F8:49,-77,1597398135536
0,53,D0:F0:18:43:F8:2F,-76,1597398136040
1,54,D0:F0:18:43:F8:49,-77,1597398136044
0,55,D0:F0:18:43:F8:2F,-78,1597398136545
0,56,D0:F0:18:43:F8:2F,-79,1597398137052
1,57,D0:F0:18:43:F8:49,-73,1597398137055
0,58,D0:F0:18:43:F8:2F,-77,1597398137558
1,59,D0:F0:18:43:F8:49,-73,1597398137561
0,60,D0:F0:18:43:F8:2F,-81,1597398138063
0,61,D0:F0:18:43:F8:2F,-76,1597398138572
1,62,D0:F0:18:43:F8:49,-75,1597398138575
0,63,D0:F0:18:43:F8:2F,-75,1597398139077
1,64,D0:F0:18:43:F8:49,-74,1597398139080
0,65,D0:F0:18:43:F8:2F,-82,1597398139583
1,66,D0:F0:18:43:F8:49,-75,1597398139587
0,67,D0:F0:18:43:F8:2F,-75,1597398140090
1,68,D0:F0:18:43:F8:49,-75,1597398140095
0,69,D0:F0:18:43:F8:49,-74,1597398140596
0,70,D0:F0:18:43:F8:2F,-77,1597398141103
1,71,D0:F0:18:43:F8:49,-73,1597398141106
0,72,D0:F0:18:43:F8:2F,-75,1597398141606
1,73,D0:F0:18:43:F8:49,-74,1597398141608
0,74,D0:F0:18:43:F8:49,-73,1597398142111
0,75,D0:F0:18:43:F8:2F,-76,1597398142617
1,76,D0:F0:18:43:F8:49,-74,1597398142620
0,77,D0:F0:18:43:F8:49,-74,1597398143125
0,78,D0:F0:18:43:F8:2F,-77,1597398143630
0,79,D0:F0:18:43:F8:2F,-76,1597398144135
0,0,D0:F0:18:43:F8:2F,-68,1597398151216
1,1,D0:F0:18:43:F8:49,-71,1597398151219
0,2,D0:F0:18:43:F8:49,-92,1597398151720
0,3,D0:F0:18:43:F8:49,-71,1597398152225
0,4,D0:F0:18:43:F8:2F,-74,1597398152733
1,5,D0:F0:18:43:F8:49,-97,1597398152736
0,6,D0:F0:18:43:F8:2F,-67,1597398153239
1,7,D0:F0:18:43:F8:49,-71,1597398153243
0,8,D0:F0:18:43:F8:2F,-69,1597398153750
0,9,D0:F0:18:43:F8:49,-70,1597398154255
0,10,D0:F0:18:43:F8:2F,-68,1597398154761
1,11,D0:F0:18:43:F8:49,-70,1597398154764
0,12,D0:F0:18:43:F8:2F,-70,1597398155267
1,13,D0:F0:18:43:F8:49,-73,1597398155270
0,14,D0:F0:18:43:F8:2F,-68,1597398155773
1,15,D0:F0:18:43:F8:49,-70,1597398155777
0,16,D0:F0:18:43:F8:2F,-71,1597398156280
0,17,D0:F0:18:43:F8:2F,-72,1597398156787
1,18,D0:F0:18:43:F8:49,-74,1597398156791
0,19,D0:F0:18:43:F8:2F,-74,1597398157799
1,20,D0:F0:18:43:F8:49,-74,1597398157804
0,21,D0:F0:18:43:F8:2F,-70,1597398158307
1,22,D0:F0:18:43:F8:49,-71,1597398158312
0,23,D0:F0:18:43:F8:2F,-70,1597398158814
1,24,D0:F0:18:43:F8:49,-71,1597398158820
0,25,D0:F0:18:43:F8:49,-75,1597398159319
0,26,D0:F0:18:43:F8:2F,-69,1597398159823
0,27,D0:F0:18:43:F8:2F,-71,1597398160330
1,28,D0:F0:18:43:F8:49,-73,1597398160333
0,29,D0:F0:18:43:F8:2F,-72,1597398160836
1,30,D0:F0:18:43:F8:49,-88,1597398160839
0,31,D0:F0:18:43:F8:49,-70,1597398161846
0,32,D0:F0:18:43:F8:2F,-69,1597398162352
0,33,D0:F0:18:43:F8:2F,-72,1597398162859
1,34,D0:F0:18:43:F8:49,-73,1597398162862
0,35,D0:F0:18:43:F8:2F,-69,1597398163866
0,36,D0:F0:18:43:F8:2F,-71,1597398164375
1,37,D0:F0:18:43:F8:49,-71,1597398164377
0,38,D0:F0:18:43:F8:2F,-69,1597398164881
0,39,D0:F0:18:43:F8:2F,-71,1597398165387
1,40,D0:F0:18:43:F8:49,-70,1597398165390
0,41,D0:F0:18:43:F8:2F,-69,1597398165889
0,42,D0:F0:18:43:F8:49,-73,1597398166395
0,43,D0:F0:18:43:F8:2F,-68,1597398166901
1,44,D0:F0:18:43:F8:49,-70,1597398166903
0,45,D0:F0:18:43:F8:2F,-70,1597398167406
1,46,D0:F0:18:43:F8:49,-86,1597398167409
0,47,D0:F0:18:43:F8:2F,-72,1597398167914
0,48,D0:F0:18:43:F8:2F,-70,1597398168418
1,49,D0:F0:18:43:F8:49,-70,1597398168421
0,50,D0:F0:18:43:F8:2F,-71,1597398169429
1,51,D0:F0:18:43:F8:49,-73,1597398169432
0,52,D0:F0:18:43:F8:2F,-70,1597398169934
0,53,D0:F0:18:43:F8:2F,-73,1597398170441
1,54,D0:F0:18:43:F8:49,-73,1597398170444
0,55,D0:F0:18:43:F8:2F,-68,1597398170946
1,56,D0:F0:18:43:F8:49,-85,1597398170949
0,57,D0:F0:18:43:F8:2F,-70,1597398171451
0,58,D0:F0:18:43:F8:49,-70,1597398171958
0,59,D0:F0:18:43:F8:2F,-68,1597398172463
1,60,D0:F0:18:43:F8:49,-73,1597398172466
0,61,D0:F0:18:43:F8:2F,-68,1597398172968
0,62,D0:F0:18:43:F8:2F,-70,1597398173471
0,63,D0:F0:18:43:F8:49,-86,1597398173976
0,64,D0:F0:18:43:F8:2F,-72,1597398174481
1,65,D0:F0:18:43:F8:49,-73,1597398174484
0,66,D0:F0:18:43:F8:2F,-70,1597398175492
1,67,D0:F0:18:43:F8:49,-73,1597398175497
0,68,D0:F0:18:43:F8:2F,-68,1597398177006
1,69,D0:F0:18:43:F8:49,-69,1597398177010
0,70,D0:F0:18:43:F8:49,-73,1597398177512
0,71,D0:F0:18:43:F8:2F,-70,1597398178017
0,72,D0:F0:18:43:F8:2F,-71,1597398178522
0,73,D0:F0:18:43:F8:2F,-71,1597398179027
0,74,D0:F0:18:43:F8:2F,-71,1597398179534
0,75,D0:F0:18:43:F8:2F,-71,1597398180040
0,76,D0:F0:18:43:F8:2F,-71,1597398180545
0,77,D0:F0:18:43:F8:2F,-68,1597398181053
1,78,D0:F0:18:43:F8:49,-69,1597398181057
0,79,D0:F0:18:43:F8:2F,-71,1597398181557
0,0,D0:F0:18:43:F8:2F,-69,1597398190668
1,1,D0:F0:18:43:F8:49,-73,1597398190671
0,2,D0:F0:18:43:F8:2F,-67,1597398191173
0,3,D0:F0:18:43:F8:2F,-70,1597398191679
1,4,D0:F0:18:43:F8:49,-70,1597398191681
0,5,D0:F0:18:43:F8:2F,-71,1597398192184
1,6,D0:F0:18:43:F8:49,-70,1597398192187
0,7,D0:F0:18:43:F8:49,-69,1597398193194
0,8,D0:F0:18:43:F8:2F,-67,1597398193700
1,9,D0:F0:18:43:F8:49,-71,1597398193702
0,10,D0:F0:18:43:F8:2F,-71,1597398194205
1,11,D0:F0:18:43:F8:49,-71,1597398194209
0,12,D0:F0:18:43:F8:2F,-70,1597398194712
1,13,D0:F0:18:43:F8:49,-70,1597398194714
0,14,D0:F0:18:43:F8:2F,-66,1597398195217
1,15,D0:F0:18:43:F8:49,-71,1597398195220
0,16,D0:F0:18:43:F8:2F,-70,1597398195725
0,17,D0:F0:18:43:F8:2F,-71,1597398196231
1,18,D0:F0:18:43:F8:49,-71,1597398196233
0,19,D0:F0:18:43:F8:49,-71,1597398196736
0,20,D0:F0:18:43:F8:2F,-66,1597398197240
0,21,D0:F0:18:43:F8:2F,-71,1597398197745
1,22,D0:F0:18:43:F8:49,-71,1597398197748
0,23,D0:F0:18:43:F8:2F,-70,1597398198251
0,24,D0:F0:18:43:F8:2F,-66,1597398198757
1,25,D0:F0:18:43:F8:49,-72,1597398198759
0,26,D0:F0:18:43:F8:2F,-69,1597398199262
1,27,D0:F0:18:43:F8:49,-70,1597398199264
0,28,D0:F0:18:43:F8:2F,-69,1597398199768
1,29,D0:F0:18:43:F8:49,-72,1597398199771
0,30,D0:F0:18:43:F8:2F,-66,1597398200274
1,31,D0:F0:18:43:F8:49,-71,1597398200276
0,32,D0:F0:18:43:F8:2F,-70,1597398200781
1,33,D0:F0:18:43:F8:49,-70,1597398200784
0,34,D0:F0:18:43:F8:2F,-67,1597398201287
1,35,D0:F0:18:43:F8:49,-72,1597398201289
0,36,D0:F0:18:43:F8:49,-70,1597398201792
0,37,D0:F0:18:43:F8:2F,-68,1597398202297
1,38,D0:F0:18:43:F8:49,-72,1597398202299
0,39,D0:F0:18:43:F8:2F,-71,1597398202803
0,40,D0:F0:18:43:F8:49,-70,1597398203312
0,41,D0:F0:18:43:F8:2F,-71,1597398203815
1,42,D0:F0:18:43:F8:49,-72,1597398203817
0,43,D0:F0:18:43:F8:49,-71,1597398204321
0,44,D0:F0:18:43:F8:2F,-71,1597398204827
1,45,D0:F0:18:43:F8:49,-70,1597398204829
0,46,D0:F0:18:43:F8:2F,-70,1597398205332
0,47,D0:F0:18:43:F8:2F,-67,1597398205838
1,48,D0:F0:18:43:F8:49,-72,1597398205840
0,49,D0:F0:18:43:F8:2F,-71,1597398206345
1,50,D0:F0:18:43:F8:49,-71,1597398206348
0,51,D0:F0:18:43:F8:2F,-71,1597398206851
0,52,D0:F0:18:43:F8:49,-72,1597398207357
0,53,D0:F0:18:43:F8:2F,-71,1597398207862
1,54,D0:F0:18:43:F8:49,-69,1597398207864
0,55,D0:F0:18:43:F8:2F,-68,1597398208367
0,56,D0:F0:18:43:F8:49,-72,1597398208872
0,57,D0:F0:18:43:F8:2F,-68,1597398209378
1,58,D0:F0:18:43:F8:49,-69,1597398209380
0,59,D0:F0:18:43:F8:2F,-71,1597398209883
1,60,D0:F0:18:43:F8:49,-71,1597398209885
0,61,D0:F0:18:43:F8:2F,-69,1597398210389
1,62,D0:F0:18:43:F8:49,-71,1597398210391
0,63,D0:F0:18:43:F8:2F,-71,1597398210894
1,64,D0:F0:18:43:F8:49,-69,1597398210897
0,65,D0:F0:18:43:F8:2F,-71,1597398211400
0,66,D0:F0:18:43:F8:49,-69,1597398211905
0,67,D0:F0:18:43:F8:2F,-71,1597398212411
1,68,D0:F0:18:43:F8:49,-69,1597398212413
0,69,D0:F0:18:43:F8:2F,-71,1597398212917
1,70,D0:F0:18:43:F8:49,-69,1597398212919
0,71,D0:F0:18:43:F8:2F,-71,1597398213421
0,72,D0:F0:18:43:F8:2F,-71,1597398213927
1,73,D0:F0:18:43:F8:49,-71,1597398213929
0,74,D0:F0:18:43:F8:49,-69,1597398214431
0,75,D0:F0:18:43:F8:2F,-71,1597398215442
1,76,D0:F0:18:43:F8:49,-71,1597398215444
0,77,D0:F0:18:43:F8:2F,-70,1597398215946
0,78,D0:F0:18:43:F8:2F,-69,1597398216451
1,79,D0:F0:18:43:F8:49,-69,1597398216453
0,0,D0:F0:18:43:F8:2F,-79,1597398225545
1,1,D0:F0:18:43:F8:49,-71,1597398225547
0,2,D0:F0:18:43:F8:2F,-69,1597398226051
1,3,D0:F0:18:43:F8:49,-74,1597398226053
0,4,D0:F0:18:43:F8:2F,-73,1597398227061
1,5,D0:F0:18:43:F8:49,-72,1597398227063
0,6,D0:F0:18:43:F8:2F,-67,1597398227568
1,7,D0:F0:18:43:F8:49,-71,1597398227570
0,8,D0:F0:18:43:F8:2F,-71,1597398228073
0,9,D0:F0:18:43:F8:2F,-82,1597398228580
1,10,D0:F0:18:43:F8:49,-71,1597398228582
0,11,D0:F0:18:43:F8:2F,-71,1597398229084
0,12,D0:F0:18:43:F8:2F,-71,1597398229591
1,13,D0:F0:18:43:F8:49,-72,1597398229593
0,14,D0:F0:18:43:F8:2F,-78,1597398230096
0,15,D0:F0:18:43:F8:2F,-71,1597398230602
1,16,D0:F0:18:43:F8:49,-71,1597398230604
0,17,D0:F0:18:43:F8:2F,-71,1597398231108
1,18,D0:F0:18:43:F8:49,-73,1597398231110
0,19,D0:F0:18:43:F8:49,-73,1597398231613
0,20,D0:F0:18:43:F8:2F,-79,1597398232119
1,21,D0:F0:18:43:F8:49,-71,1597398232121
0,22,D0:F0:18:43:F8:2F,-69,1597398232625
1,23,D0:F0:18:43:F8:49,-71,1597398232630
0,24,D0:F0:18:43:F8:2F,-69,1597398233131
1,25,D0:F0:18:43:F8:49,-71,1597398233133
0,26,D0:F0:18:43:F8:2F,-79,1597398233635
1,27,D0:F0:18:43:F8:49,-72,1597398233636
0,28,D0:F0:18:43:F8:2F,-71,1597398234140
1,29,D0:F0:18:43:F8:49,-73,1597398234142
0,30,D0:F0:18:43:F8:2F,-77,1597398234644
0,31,D0:F0:18:43:F8:2F,-68,1597398235150
1,32,D0:F0:18:43:F8:49,-72,1597398235152
0,33,D0:F0:18:43:F8:49,-71,1597398235655
0,34,D0:F0:18:43:F8:49,-73,1597398236161
0,35,D0:F0:18:43:F8:2F,-69,1597398236667
0,36,D0:F0:18:43:F8:49,-71,1597398237172
0,37,D0:F0:18:43:F8:2F,-70,1597398237678
1,38,D0:F0:18:43:F8:49,-71,1597398237680
0,39,D0:F0:18:43:F8:2F,-68,1597398238688
1,40,D0:F0:18:43:F8:49,-72,1597398238690
0,41,D0:F0:18:43:F8:2F,-72,1597398239194
0,42,D0:F0:18:43:F8:2F,-74,1597398239700
1,43,D0:F0:18:43:F8:49,-71,1597398239702
0,44,D0:F0:18:43:F8:2F,-71,1597398240205
0,45,D0:F0:18:43:F8:49,-71,1597398240710
0,46,D0:F0:18:43:F8:49,-71,1597398241218
0,47,D0:F0:18:43:F8:49,-71,1597398241721
0,48,D0:F0:18:43:F8:2F,-76,1597398242227
1,49,D0:F0:18:43:F8:49,-71,1597398242229
0,50,D0:F0:18:43:F8:2F,-70,1597398242731
1,51,D0:F0:18:43:F8:49,-71,1597398242733
0,52,D0:F0:18:43:F8:2F,-75,1597398243237
1,53,D0:F0:18:43:F8:49,-71,1597398243239
0,54,D0:F0:18:43:F8:2F,-70,1597398243742
1,55,D0:F0:18:43:F8:49,-71,1597398243744
0,56,D0:F0:18:43:F8:2F,-70,1597398244248
1,57,D0:F0:18:43:F8:49,-71,1597398244250
0,58,D0:F0:18:43:F8:2F,-69,1597398244753
0,59,D0:F0:18:43:F8:2F,-70,1597398245259
1,60,D0:F0:18:43:F8:49,-71,1597398245261
0,61,D0:F0:18:43:F8:49,-71,1597398245764
0,62,D0:F0:18:43:F8:49,-71,1597398246269
0,63,D0:F0:18:43:F8:2F,-69,1597398246776
1,64,D0:F0:18:43:F8:49,-71,1597398246778
0,65,D0:F0:18:43:F8:49,-71,1597398247280
0,66,D0:F0:18:43:F8:2F,-68,1597398247785
0,67,D0:F0:18:43:F8:2F,-70,1597398248291
0,68,D0:F0:18:43:F8:2F,-68,1597398248797
0,69,D0:F0:18:43:F8:2F,-70,1597398249301
0,70,D0:F0:18:43:F8:2F,-76,1597398249807
1,71,D0:F0:18:43:F8:49,-71,1597398249809
0,72,D0:F0:18:43:F8:2F,-71,1597398250313
1,73,D0:F0:18:43:F8:49,-72,1597398250315
0,74,D0:F0:18:43:F8:2F,-71,1597398250818
1,75,D0:F0:18:43:F8:49,-72,1597398250821
0,76,D0:F0:18:43:F8:2F,-74,1597398251324
0,77,D0:F0:18:43:F8:2F,-70,1597398251830
1,78,D0:F0:18:43:F8:49,-72,1597398251832
0,79,D0:F0:18:43:F8:2F,-70,1597398252335
0,0,D0:F0:18:43:F8:2F,-73,1597398257895
1,1,D0:F0:18:43:F8:49,-75,1597398257897
0,2,D0:F0:18:43:F8:49,-73,1597398258399
0,3,D0:F0:18:43:F8:2F,-66,1597398258905
0,4,D0:F0:18:43:F8:49,-70,1597398259411
0,5,D0:F0:18:43:F8:2F,-74,1597398259916
1,6,D0:F0:18:43:F8:49,-71,1597398259918
0,7,D0:F0:18:43:F8:2F,-66,1597398260422
1,8,D0:F0:18:43:F8:49,-71,1597398260424
0,9,D0:F0:18:43:F8:2F,-75,1597398260927
1,10,D0:F0:18:43:F8:49,-70,1597398260929
0,11,D0:F0:18:43:F8:2F,-66,1597398261432
1,12,D0:F0:18:43:F8:49,-71,1597398261434
0,13,D0:F0:18:43:F8:2F,-77,1597398261938
1,14,D0:F0:18:43:F8:49,-70,1597398261939
0,15,D0:F0:18:43:F8:2F,-73,1597398262442
0,16,D0:F0:18:43:F8:2F,-68,1597398262948
1,17,D0:F0:18:43:F8:49,-71,1597398262950
0,18,D0:F0:18:43:F8:2F,-77,1597398263453
0,19,D0:F0:18:43:F8:49,-71,1597398263958
0,20,D0:F0:18:43:F8:2F,-73,1597398264462
1,21,D0:F0:18:43:F8:49,-71,1597398264464
0,22,D0:F0:18:43:F8:2F,-73,1597398264968
0,23,D0:F0:18:43:F8:2F,-70,1597398265473
1,24,D0:F0:18:43:F8:49,-71,1597398265475
0,25,D0:F0:18:43:F8:2F,-75,1597398265977
0,26,D0:F0:18:43:F8:49,-71,1597398266484
0,27,D0:F0:18:43:F8:2F,-76,1597398266989
1,28,D0:F0:18:43:F8:49,-70,1597398266990
0,29,D0:F0:18:43:F8:2F,-74,1597398267493
1,30,D0:F0:18:43:F8:49,-71,1597398267495
0,31,D0:F0:18:43:F8:2F,-79,1597398267998
0,32,D0:F0:18:43:F8:2F,-74,1597398268503
1,33,D0:F0:18:43:F8:49,-70,1597398268505
0,34,D0:F0:18:43:F8:2F,-68,1597398269009
0,35,D0:F0:18:43:F8:49,-71,1597398269514
0,36,D0:F0:18:43:F8:2F,-74,1597398270020
0,37,D0:F0:18:43:F8:2F,-68,1597398270525
1,38,D0:F0:18:43:F8:49,-71,1597398270527
0,39,D0:F0:18:43:F8:2F,-78,1597398271030
1,40,D0:F0:18:43:F8:49,-70,1597398271032
0,41,D0:F0:18:43:F8:2F,-74,1597398271537
1,42,D0:F0:18:43:F8:49,-71,1597398271538
0,43,D0:F0:18:43:F8:2F,-77,1597398272042
0,44,D0:F0:18:43:F8:2F,-74,1597398272548
1,45,D0:F0:18:43:F8:49,-71,1597398272550
0,46,D0:F0:18:43:F8:2F,-68,1597398273053
1,47,D0:F0:18:43:F8:49,-70,1597398273055
0,48,D0:F0:18:43:F8:2F,-76,1597398273559
1,49,D0:F0:18:43:F8:49,-70,1597398273561
0,50,D0:F0:18:43:F8:49,-71,1597398274064
0,51,D0:F0:18:43:F8:2F,-75,1597398274569
0,52,D0:F0:18:43:F8:2F,-80,1597398275075
1,53,D0:F0:18:43:F8:49,-70,1597398275077
0,54,D0:F0:18:43:F8:2F,-68,1597398275581
1,55,D0:F0:18:43:F8:49,-71,1597398275582
0,56,D0:F0:18:43:F8:2F,-73,1597398276087
1,57,D0:F0:18:43:F8:49,-70,1597398276088
0,58,D0:F0:18:43:F8:2F,-80,1597398276592
1,59,D0:F0:18:43:F8:49,-71,1597398276593
0,60,D0:F0:18:43:F8:2F,-77,1597398277097
1,61,D0:F0:18:43:F8:49,-70,1597398277099
0,62,D0:F0:18:43:F8:2F,-79,1597398277601
1,63,D0:F0:18:43:F8:49,-70,1597398277603
0,64,D0:F0:18:43:F8:2F,-77,1597398278107
1,65,D0:F0:18:43:F8:49,-70,1597398278109
0,66,D0:F0:18:43:F8:2F,-77,1597398278612
1,67,D0:F0:18:43:F8:49,-71,1597398278613
0,68,D0:F0:18:43:F8:2F,-66,1597398279117
0,69,D0:F0:18:43:F8:49,-71,1597398279621
0,70,D0:F0:18:43:F8:2F,-67,1597398280127
0,71,D0:F0:18:43:F8:49,-71,1597398280631
0,72,D0:F0:18:43:F8:2F,-67,1597398281136
1,73,D0:F0:18:43:F8:49,-71,1597398281138
0,74,D0:F0:18:43:F8:2F,-66,1597398281641
1,75,D0:F0:18:43:F8:49,-71,1597398281643
0,76,D0:F0:18:43:F8:2F,-81,1597398282147
1,77,D0:F0:18:43:F8:49,-70,1597398282149
0,78,D0:F0:18:43:F8:2F,-68,1597398282670
1,79,D0:F0:18:43:F8:49,-71,1597398282671
0,0,D0:F0:18:43:F8:49,-72,1597398290538
0,1,D0:F0:18:43:F8:2F,-72,1597398291042
0,2,D0:F0:18:43:F8:2F,-66,1597398291548
0,3,D0:F0:18:43:F8:2F,-69,1597398292557
1,4,D0:F0:18:43:F8:49,-76,1597398292559
0,5,D0:F0:18:43:F8:2F,-70,1597398293062
1,6,D0:F0:18:43:F8:49,-83,1597398293064
0,7,D0:F0:18:43:F8:2F,-71,1597398293568
1,8,D0:F0:18:43:F8:49,-76,1597398293569
0,9,D0:F0:18:43:F8:2F,-67,1597398294072
1,10,D0:F0:18:43:F8:49,-81,1597398294074
0,11,D0:F0:18:43:F8:2F,-73,1597398294577
1,12,D0:F0:18:43:F8:49,-87,1597398294579
0,13,D0:F0:18:43:F8:2F,-71,1597398295085
1,14,D0:F0:18:43:F8:49,-77,1597398295087
0,15,D0:F0:18:43:F8:2F,-67,1597398295590
0,16,D0:F0:18:43:F8:2F,-72,1597398296094
1,17,D0:F0:18:43:F8:49,-77,1597398296095
0,18,D0:F0:18:43:F8:2F,-71,1597398296599
1,19,D0:F0:18:43:F8:49,-77,1597398296601
0,20,D0:F0:18:43:F8:2F,-71,1597398297104
0,21,D0:F0:18:43:F8:2F,-70,1597398297610
1,22,D0:F0:18:43:F8:49,-76,1597398297611
0,23,D0:F0:18:43:F8:2F,-67,1597398298116
1,24,D0:F0:18:43:F8:49,-78,1597398298117
0,25,D0:F0:18:43:F8:2F,-72,1597398298621
1,26,D0:F0:18:43:F8:49,-77,1597398298622
0,27,D0:F0:18:43:F8:2F,-71,1597398299126
0,28,D0:F0:18:43:F8:2F,-71,1597398300135
0,29,D0:F0:18:43:F8:49,-83,1597398300640
0,30,D0:F0:18:43:F8:2F,-76,1597398301146
1,31,D0:F0:18:43:F8:49,-73,1597398301148
0,32,D0:F0:18:43:F8:2F,-70,1597398301651
1,33,D0:F0:18:43:F8:49,-84,1597398301653
0,34,D0:F0:18:43:F8:2F,-66,1597398302158
1,35,D0:F0:18:43:F8:49,-77,1597398302160
0,36,D0:F0:18:43:F8:49,-76,1597398302664
0,37,D0:F0:18:43:F8:2F,-71,1597398303169
1,38,D0:F0:18:43:F8:49,-83,1597398303171
0,39,D0:F0:18:43:F8:2F,-70,1597398303674
0,40,D0:F0:18:43:F8:2F,-65,1597398304180
1,41,D0:F0:18:43:F8:49,-76,1597398304181
0,42,D0:F0:18:43:F8:49,-83,1597398304685
0,43,D0:F0:18:43:F8:2F,-71,1597398305192
1,44,D0:F0:18:43:F8:49,-76,1597398305194
0,45,D0:F0:18:43:F8:2F,-70,1597398305698
0,46,D0:F0:18:43:F8:2F,-68,1597398306203
1,47,D0:F0:18:43:F8:49,-84,1597398306205
0,48,D0:F0:18:43:F8:2F,-71,1597398306710
1,49,D0:F0:18:43:F8:49,-78,1597398306711
0,50,D0:F0:18:43:F8:2F,-67,1597398307214
0,51,D0:F0:18:43:F8:2F,-69,1597398307716
1,52,D0:F0:18:43:F8:49,-78,1597398307717
0,53,D0:F0:18:43:F8:2F,-66,1597398308223
1,54,D0:F0:18:43:F8:49,-79,1597398308224
0,55,D0:F0:18:43:F8:2F,-71,1597398308728
1,56,D0:F0:18:43:F8:49,-75,1597398308731
0,57,D0:F0:18:43:F8:2F,-66,1597398309734
1,58,D0:F0:18:43:F8:49,-80,1597398309735
0,59,D0:F0:18:43:F8:2F,-71,1597398310241
1,60,D0:F0:18:43:F8:49,-77,1597398310242
0,61,D0:F0:18:43:F8:49,-85,1597398310745
0,62,D0:F0:18:43:F8:2F,-71,1597398311250
1,63,D0:F0:18:43:F8:49,-77,1597398311252
0,64,D0:F0:18:43:F8:2F,-71,1597398311754
1,65,D0:F0:18:43:F8:49,-86,1597398311755
0,66,D0:F0:18:43:F8:2F,-66,1597398312260
0,67,D0:F0:18:43:F8:2F,-70,1597398312765
1,68,D0:F0:18:43:F8:49,-89,1597398312767
0,69,D0:F0:18:43:F8:2F,-66,1597398313270
1,70,D0:F0:18:43:F8:49,-79,1597398313272
0,71,D0:F0:18:43:F8:2F,-66,1597398313773
1,72,D0:F0:18:43:F8:49,-77,1597398313774
0,73,D0:F0:18:43:F8:49,-77,1597398314300
0,74,D0:F0:18:43:F8:49,-76,1597398315813
0,75,D0:F0:18:43:F8:2F,-67,1597398316319
1,76,D0:F0:18:43:F8:49,-78,1597398316321
0,77,D0:F0:18:43:F8:2F,-71,1597398316824
0,78,D0:F0:18:43:F8:49,-76,1597398317329
0,79,D0:F0:18:43:F8:2F,-70,1597398317833
0,0,D0:F0:18:43:F8:2F,-64,1597398322379
1,1,D0:F0:18:43:F8:49,-76,1597398322381
0,2,D0:F0:18:43:F8:49,-77,1597398322885
0,3,D0:F0:18:43:F8:2F,-64,1597398323390
1,4,D0:F0:18:43:F8:49,-77,1597398323391
0,5,D0:F0:18:43:F8:2F,-64,1597398323894
1,6,D0:F0:18:43:F8:49,-79,1597398323896
0,7,D0:F0:18:43:F8:2F,-74,1597398324400
1,8,D0:F0:18:43:F8:49,-84,1597398324401
0,9,D0:F0:18:43:F8:2F,-64,1597398325913
1,10,D0:F0:18:43:F8:49,-79,1597398325915
0,11,D0:F0:18:43:F8:2F,-80,1597398326418
1,12,D0:F0:18:43:F8:49,-83,1597398326419
0,13,D0:F0:18:43:F8:2F,-65,1597398326929
1,14,D0:F0:18:43:F8:49,-78,1597398326931
0,15,D0:F0:18:43:F8:49,-79,1597398327434
0,16,D0:F0:18:43:F8:2F,-74,1597398327936
0,17,D0:F0:18:43:F8:49,-77,1597398328441
0,18,D0:F0:18:43:F8:49,-82,1597398328947
0,19,D0:F0:18:43:F8:2F,-73,1597398329454
1,20,D0:F0:18:43:F8:49,-77,1597398329456
0,21,D0:F0:18:43:F8:2F,-64,1597398329955
1,22,D0:F0:18:43:F8:49,-82,1597398329956
0,23,D0:F0:18:43:F8:49,-86,1597398330460
0,24,D0:F0:18:43:F8:49,-77,1597398330965
0,25,D0:F0:18:43:F8:2F,-65,1597398331470
0,26,D0:F0:18:43:F8:2F,-65,1597398331972
0,27,D0:F0:18:43:F8:49,-87,1597398332478
0,28,D0:F0:18:43:F8:2F,-74,1597398332983
1,29,D0:F0:18:43:F8:49,-77,1597398332984
0,30,D0:F0:18:43:F8:2F,-65,1597398333487
0,31,D0:F0:18:43:F8:2F,-65,1597398334495
1,32,D0:F0:18:43:F8:49,-77,1597398334497
0,33,D0:F0:18:43:F8:2F,-83,1597398335002
1,34,D0:F0:18:43:F8:49,-82,1597398335004
0,35,D0:F0:18:43:F8:2F,-74,1597398335507
0,36,D0:F0:18:43:F8:2F,-65,1597398336013
1,37,D0:F0:18:43:F8:49,-83,1597398336015
0,38,D0:F0:18:43:F8:2F,-77,1597398336518
1,39,D0:F0:18:43:F8:49,-90,1597398336520
0,40,D0:F0:18:43:F8:49,-79,1597398337023
0,41,D0:F0:18:43:F8:2F,-64,1597398338029
0,42,D0:F0:18:43:F8:2F,-83,1597398338535
1,43,D0:F0:18:43:F8:49,-79,1597398338537
0,44,D0:F0:18:43:F8:2F,-78,1597398339040
0,45,D0:F0:18:43:F8:2F,-64,1597398339546
1,46,D0:F0:18:43:F8:49,-79,1597398339547
0,47,D0:F0:18:43:F8:2F,-77,1597398340047
1,48,D0:F0:18:43:F8:49,-84,1597398340048
0,49,D0:F0:18:43:F8:2F,-76,1597398340554
1,50,D0:F0:18:43:F8:49,-83,1597398340556
0,51,D0:F0:18:43:F8:2F,-66,1597398341060
0,52,D0:F0:18:43:F8:2F,-75,1597398341565
0,53,D0:F0:18:43:F8:2F,-64,1597398342067
0,54,D0:F0:18:43:F8:2F,-78,1597398343077
1,55,D0:F0:18:43:F8:49,-78,1597398343079
0,56,D0:F0:18:43:F8:2F,-76,1597398343581
0,57,D0:F0:18:43:F8:49,-87,1597398344083
0,58,D0:F0:18:43:F8:2F,-79,1597398344589
1,59,D0:F0:18:43:F8:49,-78,1597398344590
0,60,D0:F0:18:43:F8:2F,-77,1597398345597
0,61,D0:F0:18:43:F8:2F,-64,1597398346102
1,62,D0:F0:18:43:F8:49,-83,1597398346104
0,63,D0:F0:18:43:F8:49,-79,1597398347112
0,64,D0:F0:18:43:F8:2F,-75,1597398347618
1,65,D0:F0:18:43:F8:49,-82,1597398347620
0,66,D0:F0:18:43:F8:49,-86,1597398348124
0,67,D0:F0:18:43:F8:2F,-63,1597398348629
1,68,D0:F0:18:43:F8:49,-81,1597398348630
0,69,D0:F0:18:43:F8:2F,-73,1597398349133
0,70,D0:F0:18:43:F8:2F,-81,1597398350144
1,71,D0:F0:18:43:F8:49,-79,1597398350145
0,72,D0:F0:18:43:F8:2F,-75,1597398350648
0,73,D0:F0:18:43:F8:2F,-66,1597398351154
1,74,D0:F0:18:43:F8:49,-82,1597398351155
0,75,D0:F0:18:43:F8:2F,-85,1597398351659
1,76,D0:F0:18:43:F8:49,-82,1597398351661
0,77,D0:F0:18:43:F8:2F,-64,1597398352165
1,78,D0:F0:18:43:F8:49,-83,1597398352166
0,79,D0:F0:18:43:F8:49,-79,1597398352670
0,0,D0:F0:18:43:F8:2F,-70,1597398358733
1,1,D0:F0:18:43:F8:49,-76,1597398358735
0,2,D0:F0:18:43:F8:2F,-71,1597398359239
1,3,D0:F0:18:43:F8:49,-71,1597398359240
0,4,D0:F0:18:43:F8:2F,-74,1597398359744
1,5,D0:F0:18:43:F8:49,-86,1597398359745
0,6,D0:F0:18:43:F8:2F,-73,1597398360249
1,7,D0:F0:18:43:F8:49,-75,1597398360251
0,8,D0:F0:18:43:F8:2F,-71,1597398360755
1,9,D0:F0:18:43:F8:49,-74,1597398360757
0,10,D0:F0:18:43:F8:2F,-77,1597398361765
1,11,D0:F0:18:43:F8:49,-80,1597398361767
0,12,D0:F0:18:43:F8:2F,-79,1597398362270
1,13,D0:F0:18:43:F8:49,-76,1597398362272
0,14,D0:F0:18:43:F8:2F,-66,1597398362776
1,15,D0:F0:18:43:F8:49,-80,1597398362778
0,16,D0:F0:18:43:F8:2F,-80,1597398363281
0,17,D0:F0:18:43:F8:2F,-71,1597398363785
1,18,D0:F0:18:43:F8:49,-76,1597398363786
0,19,D0:F0:18:43:F8:2F,-76,1597398364290
0,20,D0:F0:18:43:F8:49,-76,1597398364795
0,21,D0:F0:18:43:F8:2F,-70,1597398365300
1,22,D0:F0:18:43:F8:49,-74,1597398365302
0,23,D0:F0:18:43:F8:2F,-79,1597398365806
0,24,D0:F0:18:43:F8:2F,-77,1597398366310
0,25,D0:F0:18:43:F8:2F,-70,1597398366816
1,26,D0:F0:18:43:F8:49,-74,1597398366817
0,27,D0:F0:18:43:F8:2F,-79,1597398367321
0,28,D0:F0:18:43:F8:2F,-69,1597398367827
0,29,D0:F0:18:43:F8:2F,-79,1597398368332
1,30,D0:F0:18:43:F8:49,-74,1597398368334
0,31,D0:F0:18:43:F8:2F,-75,1597398368838
1,32,D0:F0:18:43:F8:49,-75,1597398368840
0,33,D0:F0:18:43:F8:2F,-67,1597398369344
1,34,D0:F0:18:43:F8:49,-74,1597398369346
0,35,D0:F0:18:43:F8:2F,-75,1597398369850
1,36,D0:F0:18:43:F8:49,-74,1597398369852
0,37,D0:F0:18:43:F8:2F,-74,1597398370357
1,38,D0:F0:18:43:F8:49,-77,1597398370358
0,39,D0:F0:18:43:F8:2F,-70,1597398370862
1,40,D0:F0:18:43:F8:49,-75,1597398370864
0,41,D0:F0:18:43:F8:2F,-68,1597398371871
1,42,D0:F0:18:43:F8:49,-77,1597398371872
0,43,D0:F0:18:43:F8:2F,-80,1597398372377
0,44,D0:F0:18:43:F8:2F,-74,1597398372882
1,45,D0:F0:18:43:F8:49,-76,1597398372884
0,46,D0:F0:18:43:F8:2F,-70,1597398373388
1,47,D0:F0:18:43:F8:49,-77,1597398373389
0,48,D0:F0:18:43:F8:2F,-71,1597398373889
1,49,D0:F0:18:43:F8:49,-76,1597398373890
0,50,D0:F0:18:43:F8:2F,-73,1597398374395
1,51,D0:F0:18:43:F8:49,-75,1597398374397
0,52,D0:F0:18:43:F8:2F,-75,1597398374900
1,53,D0:F0:18:43:F8:49,-79,1597398374902
0,54,D0:F0:18:43:F8:2F,-71,1597398375405
1,55,D0:F0:18:43:F8:49,-74,1597398375407
0,56,D0:F0:18:43:F8:2F,-71,1597398376415
0,57,D0:F0:18:43:F8:2F,-70,1597398376920
1,58,D0:F0:18:43:F8:49,-74,1597398376922
0,59,D0:F0:18:43:F8:49,-79,1597398377425
0,60,D0:F0:18:43:F8:2F,-69,1597398377931
1,61,D0:F0:18:43:F8:49,-74,1597398377933
0,62,D0:F0:18:43:F8:2F,-71,1597398378437
1,63,D0:F0:18:43:F8:49,-79,1597398378438
0,64,D0:F0:18:43:F8:49,-79,1597398378941
0,65,D0:F0:18:43:F8:49,-74,1597398379445
0,66,D0:F0:18:43:F8:2F,-70,1597398380961
1,67,D0:F0:18:43:F8:49,-79,1597398380962
0,68,D0:F0:18:43:F8:2F,-70,1597398381466
1,69,D0:F0:18:43:F8:49,-76,1597398381468
0,70,D0:F0:18:43:F8:2F,-75,1597398381970
1,71,D0:F0:18:43:F8:49,-77,1597398381972
0,72,D0:F0:18:43:F8:2F,-74,1597398382476
1,73,D0:F0:18:43:F8:49,-82,1597398382478
0,74,D0:F0:18:43:F8:2F,-70,1597398382983
1,75,D0:F0:18:43:F8:49,-75,1597398382984
0,76,D0:F0:18:43:F8:2F,-70,1597398383488
1,77,D0:F0:18:43:F8:49,-82,1597398383491
0,78,D0:F0:18:43:F8:49,-74,1597398383995
0,79,D0:F0:18:43:F8:2F,-71,1597398384501
0,0,D0:F0:18:43:F8:2F,-58,1597398391073
0,1,D0:F0:18:43:F8:2F,-60,1597398391580
1,2,D0:F0:18:43:F8:49,-74,1597398391582
0,3,D0:F0:18:43:F8:2F,-58,1597398392087
1,4,D0:F0:18:43:F8:49,-85,1597398392089
0,5,D0:F0:18:43:F8:2F,-60,1597398392592
1,6,D0:F0:18:43:F8:49,-80,1597398392594
0,7,D0:F0:18:43:F8:2F,-57,1597398393098
0,8,D0:F0:18:43:F8:2F,-60,1597398393604
1,9,D0:F0:18:43:F8:49,-81,1597398393607
0,10,D0:F0:18:43:F8:2F,-59,1597398394111
1,11,D0:F0:18:43:F8:49,-85,1597398394112
0,12,D0:F0:18:43:F8:2F,-60,1597398394615
0,13,D0:F0:18:43:F8:2F,-59,1597398395121
0,14,D0:F0:18:43:F8:2F,-56,1597398395625
0,15,D0:F0:18:43:F8:2F,-60,1597398396131
1,16,D0:F0:18:43:F8:49,-79,1597398396133
0,17,D0:F0:18:43:F8:2F,-59,1597398396636
1,18,D0:F0:18:43:F8:49,-80,1597398396638
0,19,D0:F0:18:43:F8:2F,-56,1597398397140
0,20,D0:F0:18:43:F8:2F,-59,1597398397646
1,21,D0:F0:18:43:F8:49,-80,1597398397648
0,22,D0:F0:18:43:F8:2F,-59,1597398398150
0,23,D0:F0:18:43:F8:2F,-60,1597398398657
1,24,D0:F0:18:43:F8:49,-80,1597398398658
0,25,D0:F0:18:43:F8:2F,-59,1597398399164
0,26,D0:F0:18:43:F8:2F,-55,1597398399669
1,27,D0:F0:18:43:F8:49,-81,1597398399671
0,28,D0:F0:18:43:F8:2F,-56,1597398400173
0,29,D0:F0:18:43:F8:2F,-56,1597398400680
1,30,D0:F0:18:43:F8:49,-86,1597398400681
0,31,D0:F0:18:43:F8:2F,-59,1597398401184
0,32,D0:F0:18:43:F8:49,-86,1597398401688
0,33,D0:F0:18:43:F8:2F,-59,1597398402193
0,34,D0:F0:18:43:F8:2F,-59,1597398402699
1,35,D0:F0:18:43:F8:49,-83,1597398402700
0,36,D0:F0:18:43:F8:2F,-56,1597398403204
1,37,D0:F0:18:43:F8:49,-96,1597398403206
0,38,D0:F0:18:43:F8:49,-80,1597398403710
0,39,D0:F0:18:43:F8:2F,-59,1597398404215
0,40,D0:F0:18:43:F8:2F,-56,1597398405225
0,41,D0:F0:18:43:F8:2F,-56,1597398405731
0,42,D0:F0:18:43:F8:2F,-60,1597398406236
1,43,D0:F0:18:43:F8:49,-82,1597398406238
0,44,D0:F0:18:43:F8:2F,-56,1597398406741
0,45,D0:F0:18:43:F8:2F,-59,1597398407247
0,46,D0:F0:18:43:F8:2F,-56,1597398407753
1,47,D0:F0:18:43:F8:49,-87,1597398407755
0,48,D0:F0:18:43:F8:2F,-56,1597398408258
0,49,D0:F0:18:43:F8:2F,-60,1597398408763
0,50,D0:F0:18:43:F8:2F,-56,1597398409268
0,51,D0:F0:18:43:F8:2F,-59,1597398409774
0,52,D0:F0:18:43:F8:2F,-60,1597398410280
1,53,D0:F0:18:43:F8:49,-85,1597398410281
0,54,D0:F0:18:43:F8:2F,-57,1597398410785
1,55,D0:F0:18:43:F8:49,-81,1597398410788
0,56,D0:F0:18:43:F8:2F,-59,1597398411292
0,57,D0:F0:18:43:F8:2F,-56,1597398411798
1,58,D0:F0:18:43:F8:49,-80,1597398411799
0,59,D0:F0:18:43:F8:2F,-60,1597398412302
0,60,D0:F0:18:43:F8:2F,-59,1597398412808
1,61,D0:F0:18:43:F8:49,-80,1597398412810
0,62,D0:F0:18:43:F8:2F,-57,1597398413314
0,63,D0:F0:18:43:F8:2F,-61,1597398413819
1,64,D0:F0:18:43:F8:49,-77,1597398413820
0,65,D0:F0:18:43:F8:2F,-61,1597398414324
0,66,D0:F0:18:43:F8:2F,-61,1597398414830
1,67,D0:F0:18:43:F8:49,-90,1597398414832
0,68,D0:F0:18:43:F8:2F,-57,1597398415336
1,69,D0:F0:18:43:F8:49,-77,1597398415337
0,70,D0:F0:18:43:F8:49,-91,1597398415841
0,71,D0:F0:18:43:F8:2F,-58,1597398416347
1,72,D0:F0:18:43:F8:49,-80,1597398416349
0,73,D0:F0:18:43:F8:2F,-56,1597398416853
1,74,D0:F0:18:43:F8:49,-77,1597398416855
0,75,D0:F0:18:43:F8:2F,-60,1597398417359
1,76,D0:F0:18:43:F8:49,-82,1597398417361
0,77,D0:F0:18:43:F8:2F,-58,1597398417863
1,78,D0:F0:18:43:F8:49,-79,1597398417865
0,79,D0:F0:18:43:F8:2F,-56,1597398418369
0,0,D0:F0:18:43:F8:2F,-50,1597398423924
1,1,D0:F0:18:43:F8:49,-73,1597398423926
0,2,D0:F0:18:43:F8:2F,-51,1597398424430
1,3,D0:F0:18:43:F8:49,-71,1597398424432
0,4,D0:F0:18:43:F8:2F,-48,1597398424935
1,5,D0:F0:18:43:F8:49,-76,1597398424937
0,6,D0:F0:18:43:F8:2F,-55,1597398425441
1,7,D0:F0:18:43:F8:49,-70,1597398425443
0,8,D0:F0:18:43:F8:2F,-49,1597398425947
1,9,D0:F0:18:43:F8:49,-70,1597398425948
0,10,D0:F0:18:43:F8:2F,-51,1597398426452
0,11,D0:F0:18:43:F8:2F,-54,1597398426957
1,12,D0:F0:18:43:F8:49,-71,1597398426959
0,13,D0:F0:18:43:F8:2F,-49,1597398427463
1,14,D0:F0:18:43:F8:49,-71,1597398427465
0,15,D0:F0:18:43:F8:2F,-50,1597398427970
1,16,D0:F0:18:43:F8:49,-71,1597398427971
0,17,D0:F0:18:43:F8:2F,-54,1597398428475
1,18,D0:F0:18:43:F8:49,-71,1597398428476
0,19,D0:F0:18:43:F8:2F,-49,1597398428981
1,20,D0:F0:18:43:F8:49,-77,1597398428983
0,21,D0:F0:18:43:F8:2F,-54,1597398429486
1,22,D0:F0:18:43:F8:49,-71,1597398429487
0,23,D0:F0:18:43:F8:2F,-49,1597398429991
0,24,D0:F0:18:43:F8:49,-71,1597398430495
0,25,D0:F0:18:43:F8:2F,-49,1597398431002
1,26,D0:F0:18:43:F8:49,-78,1597398431003
0,27,D0:F0:18:43:F8:2F,-50,1597398431507
1,28,D0:F0:18:43:F8:49,-80,1597398431510
0,29,D0:F0:18:43:F8:2F,-49,1597398432015
1,30,D0:F0:18:43:F8:49,-71,1597398432017
0,31,D0:F0:18:43:F8:2F,-48,1597398432520
1,32,D0:F0:18:43:F8:49,-71,1597398432521
0,33,D0:F0:18:43:F8:2F,-54,1597398433024
0,34,D0:F0:18:43:F8:2F,-54,1597398433530
1,35,D0:F0:18:43:F8:49,-71,1597398433531
0,36,D0:F0:18:43:F8:2F,-48,1597398434033
1,37,D0:F0:18:43:F8:49,-79,1597398434034
0,38,D0:F0:18:43:F8:2F,-50,1597398434539
0,39,D0:F0:18:43:F8:2F,-54,1597398435044
0,40,D0:F0:18:43:F8:2F,-50,1597398435550
1,41,D0:F0:18:43:F8:49,-71,1597398435551
0,42,D0:F0:18:43:F8:49,-71,1597398436055
0,43,D0:F0:18:43:F8:49,-71,1597398436560
0,44,D0:F0:18:43:F8:2F,-55,1597398437065
1,45,D0:F0:18:43:F8:49,-71,1597398437067
0,46,D0:F0:18:43:F8:2F,-50,1597398438076
1,47,D0:F0:18:43:F8:49,-79,1597398438077
0,48,D0:F0:18:43:F8:2F,-48,1597398438582
1,49,D0:F0:18:43:F8:49,-71,1597398438583
0,50,D0:F0:18:43:F8:2F,-48,1597398439086
0,51,D0:F0:18:43:F8:2F,-55,1597398439592
1,52,D0:F0:18:43:F8:49,-71,1597398439594
0,53,D0:F0:18:43:F8:2F,-49,1597398440097
1,54,D0:F0:18:43:F8:49,-71,1597398440099
0,55,D0:F0:18:43:F8:2F,-50,1597398440603
1,56,D0:F0:18:43:F8:49,-78,1597398440604
0,57,D0:F0:18:43:F8:2F,-55,1597398441107
0,58,D0:F0:18:43:F8:2F,-50,1597398441613
1,59,D0:F0:18:43:F8:49,-71,1597398441614
0,60,D0:F0:18:43:F8:2F,-49,1597398442118
1,61,D0:F0:18:43:F8:49,-79,1597398442120
0,62,D0:F0:18:43:F8:2F,-54,1597398443128
0,63,D0:F0:18:43:F8:2F,-49,1597398443634
1,64,D0:F0:18:43:F8:49,-71,1597398443635
0,65,D0:F0:18:43:F8:2F,-51,1597398444140
1,66,D0:F0:18:43:F8:49,-71,1597398444141
0,67,D0:F0:18:43:F8:2F,-52,1597398444645
1,68,D0:F0:18:43:F8:49,-77,1597398444647
0,69,D0:F0:18:43:F8:2F,-49,1597398445151
1,70,D0:F0:18:43:F8:49,-71,1597398445152
0,71,D0:F0:18:43:F8:2F,-51,1597398445656
1,72,D0:F0:18:43:F8:49,-78,1597398445658
0,73,D0:F0:18:43:F8:2F,-49,1597398446162
1,74,D0:F0:18:43:F8:49,-71,1597398446164
0,75,D0:F0:18:43:F8:2F,-48,1597398446668
1,76,D0:F0:18:43:F8:49,-70,1597398446670
0,77,D0:F0:18:43:F8:2F,-54,1597398447174
1,78,D0:F0:18:43:F8:49,-70,1597398447176
0,79,D0:F0:18:43:F8:2F,-48,1597398447681
0,0,D0:F0:18:43:F8:2F,-29,1597398452737
0,1,D0:F0:18:43:F8:2F,-29,1597398453242
0,2,D0:F0:18:43:F8:2F,-29,1597398453748
1,3,D0:F0:18:43:F8:49,-66,1597398453750
0,4,D0:F0:18:43:F8:49,-69,1597398454253
0,5,D0:F0:18:43:F8:2F,-29,1597398454759
1,6,D0:F0:18:43:F8:49,-71,1597398454760
0,7,D0:F0:18:43:F8:2F,-29,1597398455264
1,8,D0:F0:18:43:F8:49,-68,1597398455266
0,9,D0:F0:18:43:F8:2F,-29,1597398455770
1,10,D0:F0:18:43:F8:49,-71,1597398455772
0,11,D0:F0:18:43:F8:2F,-29,1597398456277
1,12,D0:F0:18:43:F8:49,-65,1597398456278
0,13,D0:F0:18:43:F8:49,-66,1597398456781
0,14,D0:F0:18:43:F8:2F,-29,1597398457287
0,15,D0:F0:18:43:F8:49,-71,1597398457791
0,16,D0:F0:18:43:F8:2F,-29,1597398458297
1,17,D0:F0:18:43:F8:49,-65,1597398458299
0,18,D0:F0:18:43:F8:2F,-29,1597398458804
1,19,D0:F0:18:43:F8:49,-66,1597398458805
0,20,D0:F0:18:43:F8:2F,-29,1597398459309
1,21,D0:F0:18:43:F8:49,-71,1597398459311
0,22,D0:F0:18:43:F8:2F,-29,1597398459814
1,23,D0:F0:18:43:F8:49,-64,1597398459816
0,24,D0:F0:18:43:F8:49,-66,1597398460320
0,25,D0:F0:18:43:F8:2F,-29,1597398460826
1,26,D0:F0:18:43:F8:49,-71,1597398460827
0,27,D0:F0:18:43:F8:2F,-29,1597398461332
1,28,D0:F0:18:43:F8:49,-66,1597398461333
0,29,D0:F0:18:43:F8:2F,-29,1597398461837
1,30,D0:F0:18:43:F8:49,-71,1597398461839
0,31,D0:F0:18:43:F8:49,-64,1597398462341
0,32,D0:F0:18:43:F8:2F,-29,1597398462847
1,33,D0:F0:18:43:F8:49,-71,1597398462848
0,34,D0:F0:18:43:F8:2F,-29,1597398463352
0,35,D0:F0:18:43:F8:2F,-29,1597398463856
1,36,D0:F0:18:43:F8:49,-66,1597398463858
0,37,D0:F0:18:43:F8:2F,-29,1597398464362
0,38,D0:F0:18:43:F8:2F,-29,1597398464868
1,39,D0:F0:18:43:F8:49,-71,1597398464870
0,40,D0:F0:18:43:F8:2F,-29,1597398465378
0,41,D0:F0:18:43:F8:2F,-29,1597398465883
1,42,D0:F0:18:43:F8:49,-64,1597398465885
0,43,D0:F0:18:43:F8:2F,-29,1597398466389
1,44,D0:F0:18:43:F8:49,-68,1597398466390
0,45,D0:F0:18:43:F8:2F,-29,1597398467399
1,46,D0:F0:18:43:F8:49,-64,1597398467401
0,47,D0:F0:18:43:F8:2F,-29,1597398467906
1,48,D0:F0:18:43:F8:49,-71,1597398467908
0,49,D0:F0:18:43:F8:2F,-29,1597398468411
1,50,D0:F0:18:43:F8:49,-64,1597398468413
0,51,D0:F0:18:43:F8:49,-71,1597398468917
0,52,D0:F0:18:43:F8:2F,-29,1597398469423
1,53,D0:F0:18:43:F8:49,-64,1597398469424
0,54,D0:F0:18:43:F8:2F,-29,1597398469928
1,55,D0:F0:18:43:F8:49,-64,1597398469929
0,56,D0:F0:18:43:F8:2F,-29,1597398470433
1,57,D0:F0:18:43:F8:49,-65,1597398470435
0,58,D0:F0:18:43:F8:2F,-29,1597398470940
1,59,D0:F0:18:43:F8:49,-65,1597398470941
0,60,D0:F0:18:43:F8:2F,-29,1597398471445
1,61,D0:F0:18:43:F8:49,-71,1597398471446
0,62,D0:F0:18:43:F8:2F,-29,1597398471950
1,63,D0:F0:18:43:F8:49,-65,1597398471951
0,64,D0:F0:18:43:F8:49,-68,1597398472454
0,65,D0:F0:18:43:F8:2F,-29,1597398472960
1,66,D0:F0:18:43:F8:49,-69,1597398472962
0,67,D0:F0:18:43:F8:2F,-29,1597398473465
1,68,D0:F0:18:43:F8:49,-65,1597398473466
0,69,D0:F0:18:43:F8:2F,-29,1597398473970
1,70,D0:F0:18:43:F8:49,-69,1597398473972
0,71,D0:F0:18:43:F8:2F,-29,1597398474476
0,72,D0:F0:18:43:F8:2F,-29,1597398474981
1,73,D0:F0:18:43:F8:49,-67,1597398474982
0,74,D0:F0:18:43:F8:49,-68,1597398475485
0,75,D0:F0:18:43:F8:2F,-29,1597398475991
1,76,D0:F0:18:43:F8:49,-67,1597398475993
0,77,D0:F0:18:43:F8:2F,-29,1597398476496
0,78,D0:F0:18:43:F8:2F,-29,1597398477001
0,79,D0:F0:18:43:F8:2F,-29,1597398477506
0,0,D0:F0:18:43:F8:2F,-33,1597398483568
0,1,D0:F0:18:43:F8:2F,-33,1597398484074
1,2,D0:F0:18:43:F8:49,-69,1597398484076
0,3,D0:F0:18:43:F8:49,-66,1597398484579
0,4,D0:F0:18:43:F8:2F,-33,1597398485083
0,5,D0:F0:18:43:F8:2F,-33,1597398485589
1,6,D0:F0:18:43:F8:49,-70,1597398485590
0,7,D0:F0:18:43:F8:49,-66,1597398486093
0,8,D0:F0:18:43:F8:2F,-33,1597398486600
1,9,D0:F0:18:43:F8:49,-65,1597398486601
0,10,D0:F0:18:43:F8:49,-66,1597398487610
0,11,D0:F0:18:43:F8:2F,-32,1597398488114
1,12,D0:F0:18:43:F8:49,-65,1597398488116
0,13,D0:F0:18:43:F8:2F,-33,1597398488620
1,14,D0:F0:18:43:F8:49,-66,1597398488622
0,15,D0:F0:18:43:F8:2F,-30,1597398489125
1,16,D0:F0:18:43:F8:49,-66,1597398489127
0,17,D0:F0:18:43:F8:2F,-33,1597398489632
1,18,D0:F0:18:43:F8:49,-65,1597398489634
0,19,D0:F0:18:43:F8:49,-68,1597398490136
0,20,D0:F0:18:43:F8:2F,-32,1597398490643
1,21,D0:F0:18:43:F8:49,-69,1597398490644
0,22,D0:F0:18:43:F8:2F,-33,1597398491148
1,23,D0:F0:18:43:F8:49,-66,1597398491150
0,24,D0:F0:18:43:F8:2F,-33,1597398491654
1,25,D0:F0:18:43:F8:49,-68,1597398491655
0,26,D0:F0:18:43:F8:49,-65,1597398492158
0,27,D0:F0:18:43:F8:2F,-33,1597398492663
1,28,D0:F0:18:43:F8:49,-70,1597398492664
0,29,D0:F0:18:43:F8:2F,-33,1597398493169
1,30,D0:F0:18:43:F8:49,-65,1597398493171
0,31,D0:F0:18:43:F8:2F,-33,1597398493675
1,32,D0:F0:18:43:F8:49,-67,1597398493678
0,33,D0:F0:18:43:F8:2F,-33,1597398494177
0,34,D0:F0:18:43:F8:2F,-32,1597398494682
1,35,D0:F0:18:43:F8:49,-67,1597398494684
0,36,D0:F0:18:43:F8:2F,-33,1597398495188
0,37,D0:F0:18:43:F8:49,-70,1597398495692
0,38,D0:F0:18:43:F8:2F,-33,1597398496199
1,39,D0:F0:18:43:F8:49,-67,1597398496200
0,40,D0:F0:18:43:F8:2F,-33,1597398496704
1,41,D0:F0:18:43:F8:49,-71,1597398496705
0,42,D0:F0:18:43:F8:2F,-33,1597398497210
1,43,D0:F0:18:43:F8:49,-65,1597398497211
0,44,D0:F0:18:43:F8:49,-67,1597398497714
0,45,D0:F0:18:43:F8:2F,-32,1597398498220
1,46,D0:F0:18:43:F8:49,-65,1597398498222
0,47,D0:F0:18:43:F8:49,-70,1597398498726
0,48,D0:F0:18:43:F8:2F,-33,1597398499231
1,49,D0:F0:18:43:F8:49,-65,1597398499233
0,50,D0:F0:18:43:F8:2F,-33,1597398499737
1,51,D0:F0:18:43:F8:49,-66,1597398499739
0,52,D0:F0:18:43:F8:49,-70,1597398500243
0,53,D0:F0:18:43:F8:2F,-32,1597398500748
1,54,D0:F0:18:43:F8:49,-65,1597398500750
0,55,D0:F0:18:43:F8:2F,-33,1597398501254
1,56,D0:F0:18:43:F8:49,-65,1597398501256
0,57,D0:F0:18:43:F8:2F,-33,1597398501760
0,58,D0:F0:18:43:F8:2F,-32,1597398502266
1,59,D0:F0:18:43:F8:49,-66,1597398502267
0,60,D0:F0:18:43:F8:2F,-33,1597398502772
0,61,D0:F0:18:43:F8:49,-66,1597398503277
0,62,D0:F0:18:43:F8:2F,-33,1597398503781
0,63,D0:F0:18:43:F8:2F,-33,1597398504287
1,64,D0:F0:18:43:F8:49,-66,1597398504289
0,65,D0:F0:18:43:F8:2F,-33,1597398504792
1,66,D0:F0:18:43:F8:49,-71,1597398504794
0,67,D0:F0:18:43:F8:2F,-33,1597398505298
0,68,D0:F0:18:43:F8:2F,-32,1597398505804
1,69,D0:F0:18:43:F8:49,-66,1597398505806
0,70,D0:F0:18:43:F8:2F,-33,1597398506309
1,71,D0:F0:18:43:F8:49,-71,1597398506310
0,72,D0:F0:18:43:F8:2F,-33,1597398506814
1,73,D0:F0:18:43:F8:49,-66,1597398506816
0,74,D0:F0:18:43:F8:2F,-33,1597398507320
1,75,D0:F0:18:43:F8:49,-66,1597398507322
0,76,D0:F0:18:43:F8:2F,-33,1597398507826
0,77,D0:F0:18:43:F8:2F,-32,1597398508332
0,78,D0:F0:18:43:F8:49,-66,1597398508839
0,79,D0:F0:18:43:F8:2F,-32,1597398509343
0,0,D0:F0:18:43:F8:2F,-56,1597398516421
1,1,D0:F0:18:43:F8:49,-74,1597398516422
0,2,D0:F0:18:43:F8:2F,-51,1597398516927
1,3,D0:F0:18:43:F8:49,-71,1597398516929
0,4,D0:F0:18:43:F8:2F,-49,1597398517433
1,5,D0:F0:18:43:F8:49,-81,1597398517435
0,6,D0:F0:18:43:F8:2F,-51,1597398517939
1,7,D0:F0:18:43:F8:49,-72,1597398517940
0,8,D0:F0:18:43:F8:2F,-47,1597398518444
1,9,D0:F0:18:43:F8:49,-79,1597398518446
0,10,D0:F0:18:43:F8:2F,-49,1597398518950
1,11,D0:F0:18:43:F8:49,-73,1597398518951
0,12,D0:F0:18:43:F8:2F,-51,1597398519455
0,13,D0:F0:18:43:F8:2F,-46,1597398519959
1,14,D0:F0:18:43:F8:49,-71,1597398519960
0,15,D0:F0:18:43:F8:2F,-51,1597398520465
1,16,D0:F0:18:43:F8:49,-75,1597398520467
0,17,D0:F0:18:43:F8:2F,-51,1597398520971
0,18,D0:F0:18:43:F8:2F,-48,1597398521477
0,19,D0:F0:18:43:F8:2F,-51,1597398521983
1,20,D0:F0:18:43:F8:49,-75,1597398521984
0,21,D0:F0:18:43:F8:2F,-47,1597398522487
1,22,D0:F0:18:43:F8:49,-71,1597398522489
0,23,D0:F0:18:43:F8:2F,-48,1597398522994
1,24,D0:F0:18:43:F8:49,-76,1597398522995
0,25,D0:F0:18:43:F8:2F,-51,1597398523500
1,26,D0:F0:18:43:F8:49,-76,1597398523502
0,27,D0:F0:18:43:F8:2F,-48,1597398524005
1,28,D0:F0:18:43:F8:49,-72,1597398524006
0,29,D0:F0:18:43:F8:49,-76,1597398524510
0,30,D0:F0:18:43:F8:2F,-47,1597398526024
1,31,D0:F0:18:43:F8:49,-71,1597398526025
0,32,D0:F0:18:43:F8:2F,-47,1597398526530
1,33,D0:F0:18:43:F8:49,-73,1597398526531
0,34,D0:F0:18:43:F8:2F,-47,1597398527035
1,35,D0:F0:18:43:F8:49,-71,1597398527037
0,36,D0:F0:18:43:F8:2F,-47,1597398527540
1,37,D0:F0:18:43:F8:49,-77,1597398527542
0,38,D0:F0:18:43:F8:2F,-51,1597398528047
1,39,D0:F0:18:43:F8:49,-71,1597398528048
0,40,D0:F0:18:43:F8:2F,-47,1597398528551
0,41,D0:F0:18:43:F8:2F,-48,1597398529057
1,42,D0:F0:18:43:F8:49,-73,1597398529059
0,43,D0:F0:18:43:F8:2F,-51,1597398529563
0,44,D0:F0:18:43:F8:2F,-47,1597398530068
1,45,D0:F0:18:43:F8:49,-76,1597398530069
0,46,D0:F0:18:43:F8:2F,-51,1597398530573
0,47,D0:F0:18:43:F8:2F,-51,1597398531079
1,48,D0:F0:18:43:F8:49,-76,1597398531080
0,49,D0:F0:18:43:F8:2F,-48,1597398531584
0,50,D0:F0:18:43:F8:2F,-51,1597398532090
1,51,D0:F0:18:43:F8:49,-76,1597398532092
0,52,D0:F0:18:43:F8:2F,-47,1597398532595
1,53,D0:F0:18:43:F8:49,-73,1597398532597
0,54,D0:F0:18:43:F8:2F,-48,1597398533102
1,55,D0:F0:18:43:F8:49,-71,1597398533104
0,56,D0:F0:18:43:F8:2F,-51,1597398533607
1,57,D0:F0:18:43:F8:49,-76,1597398533609
0,58,D0:F0:18:43:F8:2F,-51,1597398534113
1,59,D0:F0:18:43:F8:49,-74,1597398534114
0,60,D0:F0:18:43:F8:49,-76,1597398534618
0,61,D0:F0:18:43:F8:2F,-48,1597398535123
1,62,D0:F0:18:43:F8:49,-76,1597398535125
0,63,D0:F0:18:43:F8:2F,-51,1597398535629
1,64,D0:F0:18:43:F8:49,-73,1597398535630
0,65,D0:F0:18:43:F8:2F,-47,1597398536134
0,66,D0:F0:18:43:F8:2F,-48,1597398536637
1,67,D0:F0:18:43:F8:49,-76,1597398536638
0,68,D0:F0:18:43:F8:2F,-47,1597398537142
1,69,D0:F0:18:43:F8:49,-71,1597398537144
0,70,D0:F0:18:43:F8:2F,-47,1597398537650
1,71,D0:F0:18:43:F8:49,-76,1597398537652
0,72,D0:F0:18:43:F8:2F,-51,1597398538155
1,73,D0:F0:18:43:F8:49,-71,1597398538157
0,74,D0:F0:18:43:F8:2F,-47,1597398538661
1,75,D0:F0:18:43:F8:49,-71,1597398538663
0,76,D0:F0:18:43:F8:2F,-48,1597398539166
1,77,D0:F0:18:43:F8:49,-73,1597398539168
0,78,D0:F0:18:43:F8:2F,-49,1597398539670
0,79,D0:F0:18:43:F8:2F,-47,1597398540175
0,0,D0:F0:18:43:F8:2F,-65,1597398545223
0,1,D0:F0:18:43:F8:2F,-62,1597398545728
1,2,D0:F0:18:43:F8:49,-89,1597398545730
0,3,D0:F0:18:43:F8:2F,-60,1597398546234
1,4,D0:F0:18:43:F8:49,-80,1597398546235
0,5,D0:F0:18:43:F8:2F,-60,1597398546739
1,6,D0:F0:18:43:F8:49,-74,1597398546741
0,7,D0:F0:18:43:F8:2F,-60,1597398547244
0,8,D0:F0:18:43:F8:2F,-61,1597398547750
1,9,D0:F0:18:43:F8:49,-87,1597398547751
0,10,D0:F0:18:43:F8:2F,-66,1597398548255
1,11,D0:F0:18:43:F8:49,-80,1597398548257
0,12,D0:F0:18:43:F8:2F,-61,1597398548760
0,13,D0:F0:18:43:F8:2F,-59,1597398549265
1,14,D0:F0:18:43:F8:49,-78,1597398549267
0,15,D0:F0:18:43:F8:2F,-65,1597398549771
0,16,D0:F0:18:43:F8:2F,-59,1597398550277
1,17,D0:F0:18:43:F8:49,-83,1597398550279
0,18,D0:F0:18:43:F8:2F,-64,1597398550782
1,19,D0:F0:18:43:F8:49,-77,1597398550783
0,20,D0:F0:18:43:F8:2F,-59,1597398551287
1,21,D0:F0:18:43:F8:49,-83,1597398551289
0,22,D0:F0:18:43:F8:2F,-63,1597398551793
1,23,D0:F0:18:43:F8:49,-84,1597398551794
0,24,D0:F0:18:43:F8:2F,-61,1597398552299
1,25,D0:F0:18:43:F8:49,-77,1597398552300
0,26,D0:F0:18:43:F8:2F,-59,1597398552803
0,27,D0:F0:18:43:F8:2F,-64,1597398553309
1,28,D0:F0:18:43:F8:49,-78,1597398553311
0,29,D0:F0:18:43:F8:2F,-59,1597398553815
0,30,D0:F0:18:43:F8:49,-87,1597398554319
0,31,D0:F0:18:43:F8:2F,-61,1597398554825
0,32,D0:F0:18:43:F8:2F,-60,1597398555329
0,33,D0:F0:18:43:F8:2F,-63,1597398555835
1,34,D0:F0:18:43:F8:49,-77,1597398555836
0,35,D0:F0:18:43:F8:2F,-60,1597398556340
0,36,D0:F0:18:43:F8:2F,-59,1597398556845
0,37,D0:F0:18:43:F8:2F,-60,1597398557350
1,38,D0:F0:18:43:F8:49,-78,1597398557352
0,39,D0:F0:18:43:F8:49,-83,1597398557856
0,40,D0:F0:18:43:F8:2F,-59,1597398558361
0,41,D0:F0:18:43:F8:2F,-61,1597398558868
1,42,D0:F0:18:43:F8:49,-80,1597398558869
0,43,D0:F0:18:43:F8:2F,-60,1597398559373
1,44,D0:F0:18:43:F8:49,-86,1597398559374
0,45,D0:F0:18:43:F8:2F,-62,1597398560382
1,46,D0:F0:18:43:F8:49,-89,1597398560384
0,47,D0:F0:18:43:F8:2F,-60,1597398560888
1,48,D0:F0:18:43:F8:49,-82,1597398560889
0,49,D0:F0:18:43:F8:2F,-62,1597398561393
0,50,D0:F0:18:43:F8:2F,-60,1597398561899
1,51,D0:F0:18:43:F8:49,-89,1597398561901
0,52,D0:F0:18:43:F8:2F,-64,1597398562405
1,53,D0:F0:18:43:F8:49,-77,1597398562407
0,54,D0:F0:18:43:F8:2F,-62,1597398562910
1,55,D0:F0:18:43:F8:49,-87,1597398562912
0,56,D0:F0:18:43:F8:2F,-60,1597398563417
1,57,D0:F0:18:43:F8:49,-80,1597398563419
0,58,D0:F0:18:43:F8:2F,-60,1597398565437
1,59,D0:F0:18:43:F8:49,-87,1597398565439
0,60,D0:F0:18:43:F8:2F,-65,1597398565942
1,61,D0:F0:18:43:F8:49,-76,1597398565943
0,62,D0:F0:18:43:F8:2F,-62,1597398566447
0,63,D0:F0:18:43:F8:2F,-59,1597398566952
1,64,D0:F0:18:43:F8:49,-77,1597398566954
0,65,D0:F0:18:43:F8:2F,-60,1597398567458
1,66,D0:F0:18:43:F8:49,-88,1597398567460
0,67,D0:F0:18:43:F8:2F,-59,1597398567964
1,68,D0:F0:18:43:F8:49,-88,1597398567966
0,69,D0:F0:18:43:F8:2F,-62,1597398568470
1,70,D0:F0:18:43:F8:49,-77,1597398568472
0,71,D0:F0:18:43:F8:2F,-66,1597398568976
1,72,D0:F0:18:43:F8:49,-82,1597398568977
0,73,D0:F0:18:43:F8:2F,-59,1597398569481
0,74,D0:F0:18:43:F8:2F,-64,1597398569987
1,75,D0:F0:18:43:F8:49,-95,1597398569989
0,76,D0:F0:18:43:F8:2F,-60,1597398570492
0,77,D0:F0:18:43:F8:2F,-60,1597398570997
0,78,D0:F0:18:43:F8:2F,-60,1597398571502
1,79,D0:F0:18:43:F8:49,-89,1597398571503
0,0,D0:F0:18:43:F8:2F,-100,1597398577066
1,1,D0:F0:18:43:F8:49,-71,1597398577068
0,2,D0:F0:18:43:F8:2F,-68,1597398578075
1,3,D0:F0:18:43:F8:49,-71,1597398578076
0,4,D0:F0:18:43:F8:2F,-68,1597398578580
1,5,D0:F0:18:43:F8:49,-71,1597398578582
0,6,D0:F0:18:43:F8:2F,-71,1597398579086
1,7,D0:F0:18:43:F8:49,-78,1597398579087
0,8,D0:F0:18:43:F8:2F,-70,1597398579592
1,9,D0:F0:18:43:F8:49,-71,1597398579593
0,10,D0:F0:18:43:F8:2F,-71,1597398580097
1,11,D0:F0:18:43:F8:49,-74,1597398580099
0,12,D0:F0:18:43:F8:2F,-75,1597398580603
0,13,D0:F0:18:43:F8:49,-73,1597398581106
0,14,D0:F0:18:43:F8:2F,-71,1597398581612
1,15,D0:F0:18:43:F8:49,-82,1597398581614
0,16,D0:F0:18:43:F8:2F,-67,1597398582620
1,17,D0:F0:18:43:F8:49,-72,1597398582622
0,18,D0:F0:18:43:F8:2F,-72,1597398583142
0,19,D0:F0:18:43:F8:2F,-73,1597398583921
1,20,D0:F0:18:43:F8:49,-84,1597398583923
0,21,D0:F0:18:43:F8:49,-84,1597398584424
0,22,D0:F0:18:43:F8:2F,-69,1597398584929
1,23,D0:F0:18:43:F8:49,-82,1597398584930
0,24,D0:F0:18:43:F8:2F,-71,1597398585434
1,25,D0:F0:18:43:F8:49,-72,1597398585436
0,26,D0:F0:18:43:F8:2F,-72,1597398585938
1,27,D0:F0:18:43:F8:49,-79,1597398585939
0,28,D0:F0:18:43:F8:49,-72,1597398586443
0,29,D0:F0:18:43:F8:2F,-74,1597398586947
1,30,D0:F0:18:43:F8:49,-76,1597398586949
0,31,D0:F0:18:43:F8:2F,-73,1597398587452
1,32,D0:F0:18:43:F8:49,-78,1597398587454
0,33,D0:F0:18:43:F8:49,-73,1597398587958
0,34,D0:F0:18:43:F8:2F,-73,1597398588463
0,35,D0:F0:18:43:F8:49,-73,1597398588967
0,36,D0:F0:18:43:F8:2F,-74,1597398589473
1,37,D0:F0:18:43:F8:49,-76,1597398589474
0,38,D0:F0:18:43:F8:2F,-76,1597398589977
1,39,D0:F0:18:43:F8:49,-85,1597398589979
0,40,D0:F0:18:43:F8:49,-74,1597398590482
0,41,D0:F0:18:43:F8:2F,-76,1597398591491
1,42,D0:F0:18:43:F8:49,-75,1597398591492
0,43,D0:F0:18:43:F8:49,-81,1597398591995
0,44,D0:F0:18:43:F8:2F,-76,1597398592500
1,45,D0:F0:18:43:F8:49,-74,1597398592502
0,46,D0:F0:18:43:F8:2F,-67,1597398593005
0,47,D0:F0:18:43:F8:2F,-76,1597398593509
1,48,D0:F0:18:43:F8:49,-74,1597398593511
0,49,D0:F0:18:43:F8:2F,-68,1597398594014
1,50,D0:F0:18:43:F8:49,-74,1597398594016
0,51,D0:F0:18:43:F8:2F,-68,1597398594519
1,52,D0:F0:18:43:F8:49,-74,1597398594521
0,53,D0:F0:18:43:F8:2F,-76,1597398595024
0,54,D0:F0:18:43:F8:49,-81,1597398595528
0,55,D0:F0:18:43:F8:2F,-69,1597398596033
1,56,D0:F0:18:43:F8:49,-74,1597398596035
0,57,D0:F0:18:43:F8:49,-75,1597398596538
0,58,D0:F0:18:43:F8:2F,-77,1597398597043
1,59,D0:F0:18:43:F8:49,-82,1597398597045
0,60,D0:F0:18:43:F8:2F,-68,1597398598056
1,61,D0:F0:18:43:F8:49,-82,1597398598058
0,62,D0:F0:18:43:F8:2F,-70,1597398598561
0,63,D0:F0:18:43:F8:2F,-70,1597398599066
1,64,D0:F0:18:43:F8:49,-74,1597398599068
0,65,D0:F0:18:43:F8:2F,-78,1597398599571
0,66,D0:F0:18:43:F8:49,-73,1597398600078
0,67,D0:F0:18:43:F8:49,-74,1597398600583
0,68,D0:F0:18:43:F8:2F,-70,1597398601089
1,69,D0:F0:18:43:F8:49,-73,1597398601091
0,70,D0:F0:18:43:F8:2F,-71,1597398601595
0,71,D0:F0:18:43:F8:2F,-77,1597398602101
1,72,D0:F0:18:43:F8:49,-74,1597398602103
0,73,D0:F0:18:43:F8:2F,-69,1597398602607
1,74,D0:F0:18:43:F8:49,-74,1597398602609
0,75,D0:F0:18:43:F8:2F,-66,1597398603112
1,76,D0:F0:18:43:F8:49,-86,1597398603114
0,77,D0:F0:18:43:F8:2F,-72,1597398603618
1,78,D0:F0:18:43:F8:49,-75,1597398603620
0,79,D0:F0:18:43:F8:49,-74,1597398604124
0,0,D0:F0:18:43:F8:2F,-65,1597398621810
1,1,D0:F0:18:43:F8:49,-80,1597398621812
0,2,D0:F0:18:43:F8:2F,-65,1597398623324
0,3,D0:F0:18:43:F8:2F,-67,1597398623830
1,4,D0:F0:18:43:F8:49,-83,1597398623832
0,5,D0:F0:18:43:F8:2F,-75,1597398624336
1,6,D0:F0:18:43:F8:49,-87,1597398624338
0,7,D0:F0:18:43:F8:2F,-83,1597398624841
0,8,D0:F0:18:43:F8:2F,-69,1597398625346
1,9,D0:F0:18:43:F8:49,-81,1597398625347
0,10,D0:F0:18:43:F8:49,-83,1597398625850
0,11,D0:F0:18:43:F8:49,-76,1597398626356
0,12,D0:F0:18:43:F8:2F,-75,1597398626860
0,13,D0:F0:18:43:F8:2F,-83,1597398627366
1,14,D0:F0:18:43:F8:49,-79,1597398627368
0,15,D0:F0:18:43:F8:2F,-80,1597398627871
0,16,D0:F0:18:43:F8:49,-80,1597398628880
0,17,D0:F0:18:43:F8:2F,-70,1597398629386
1,18,D0:F0:18:43:F8:49,-81,1597398629387
0,19,D0:F0:18:43:F8:2F,-77,1597398629891
1,20,D0:F0:18:43:F8:49,-99,1597398629893
0,21,D0:F0:18:43:F8:2F,-80,1597398630398
1,22,D0:F0:18:43:F8:49,-80,1597398630399
0,23,D0:F0:18:43:F8:2F,-77,1597398631408
0,24,D0:F0:18:43:F8:49,-80,1597398631913
0,25,D0:F0:18:43:F8:2F,-83,1597398632418
0,26,D0:F0:18:43:F8:2F,-70,1597398632923
1,27,D0:F0:18:43:F8:49,-80,1597398632924
0,28,D0:F0:18:43:F8:2F,-78,1597398633428
1,29,D0:F0:18:43:F8:49,-98,1597398633430
0,30,D0:F0:18:43:F8:2F,-83,1597398633933
1,31,D0:F0:18:43:F8:49,-80,1597398633935
0,32,D0:F0:18:43:F8:2F,-82,1597398634942
0,33,D0:F0:18:43:F8:2F,-70,1597398635447
1,34,D0:F0:18:43:F8:49,-83,1597398635450
0,35,D0:F0:18:43:F8:2F,-79,1597398635951
0,36,D0:F0:18:43:F8:2F,-84,1597398636456
1,37,D0:F0:18:43:F8:49,-94,1597398636458
0,38,D0:F0:18:43:F8:2F,-70,1597398636962
0,39,D0:F0:18:43:F8:2F,-78,1597398637467
1,40,D0:F0:18:43:F8:49,-81,1597398637469
0,41,D0:F0:18:43:F8:2F,-83,1597398637973
0,42,D0:F0:18:43:F8:2F,-79,1597398638478
1,43,D0:F0:18:43:F8:49,-93,1597398638479
0,44,D0:F0:18:43:F8:2F,-83,1597398638983
1,45,D0:F0:18:43:F8:49,-81,1597398638985
0,46,D0:F0:18:43:F8:2F,-78,1597398639489
1,47,D0:F0:18:43:F8:49,-100,1597398639491
0,48,D0:F0:18:43:F8:2F,-78,1597398639994
1,49,D0:F0:18:43:F8:49,-81,1597398639995
0,50,D0:F0:18:43:F8:2F,-78,1597398640499
0,51,D0:F0:18:43:F8:49,-81,1597398641004
0,52,D0:F0:18:43:F8:2F,-70,1597398641509
0,53,D0:F0:18:43:F8:2F,-77,1597398642013
0,54,D0:F0:18:43:F8:2F,-82,1597398642519
1,55,D0:F0:18:43:F8:49,-79,1597398642520
0,56,D0:F0:18:43:F8:2F,-69,1597398643024
1,57,D0:F0:18:43:F8:49,-80,1597398643025
0,58,D0:F0:18:43:F8:2F,-74,1597398643529
1,59,D0:F0:18:43:F8:49,-79,1597398643531
0,60,D0:F0:18:43:F8:49,-79,1597398644035
0,61,D0:F0:18:43:F8:49,-88,1597398644537
0,62,D0:F0:18:43:F8:2F,-82,1597398645043
1,63,D0:F0:18:43:F8:49,-79,1597398645044
0,64,D0:F0:18:43:F8:2F,-69,1597398645548
1,65,D0:F0:18:43:F8:49,-73,1597398645550
0,66,D0:F0:18:43:F8:2F,-82,1597398646558
1,67,D0:F0:18:43:F8:49,-77,1597398646560
0,68,D0:F0:18:43:F8:2F,-71,1597398647063
1,69,D0:F0:18:43:F8:49,-79,1597398647065
0,70,D0:F0:18:43:F8:49,-76,1597398647569
0,71,D0:F0:18:43:F8:49,-82,1597398648073
0,72,D0:F0:18:43:F8:2F,-75,1597398648579
1,73,D0:F0:18:43:F8:49,-85,1597398648580
0,74,D0:F0:18:43:F8:2F,-79,1597398649085
1,75,D0:F0:18:43:F8:49,-77,1597398649087
0,76,D0:F0:18:43:F8:2F,-74,1597398649590
1,77,D0:F0:18:43:F8:49,-81,1597398649592
0,78,D0:F0:18:43:F8:2F,-81,1597398650095
0,79,D0:F0:18:43:F8:2F,-69,1597398650599
0,0,D0:F0:18:43:F8:2F,-77,1597398655648
0,1,D0:F0:18:43:F8:2F,-78,1597398656153
1,2,D0:F0:18:43:F8:49,-80,1597398656154
0,3,D0:F0:18:43:F8:2F,-73,1597398657162
0,4,D0:F0:18:43:F8:49,-73,1597398657667
0,5,D0:F0:18:43:F8:2F,-70,1597398658172
0,6,D0:F0:18:43:F8:2F,-71,1597398658678
1,7,D0:F0:18:43:F8:49,-75,1597398658680
0,8,D0:F0:18:43:F8:2F,-68,1597398659184
1,9,D0:F0:18:43:F8:49,-76,1597398659186
0,10,D0:F0:18:43:F8:2F,-71,1597398659690
1,11,D0:F0:18:43:F8:49,-73,1597398659691
0,12,D0:F0:18:43:F8:2F,-76,1597398660195
1,13,D0:F0:18:43:F8:49,-75,1597398660197
0,14,D0:F0:18:43:F8:2F,-68,1597398660700
1,15,D0:F0:18:43:F8:49,-83,1597398660702
0,16,D0:F0:18:43:F8:2F,-72,1597398661206
0,17,D0:F0:18:43:F8:2F,-77,1597398661711
1,18,D0:F0:18:43:F8:49,-74,1597398661713
0,19,D0:F0:18:43:F8:2F,-76,1597398662218
1,20,D0:F0:18:43:F8:49,-78,1597398662220
0,21,D0:F0:18:43:F8:2F,-71,1597398662723
1,22,D0:F0:18:43:F8:49,-76,1597398662725
0,23,D0:F0:18:43:F8:2F,-73,1597398663229
1,24,D0:F0:18:43:F8:49,-74,1597398663231
0,25,D0:F0:18:43:F8:2F,-71,1597398663735
1,26,D0:F0:18:43:F8:49,-75,1597398663737
0,27,D0:F0:18:43:F8:2F,-69,1597398664240
0,28,D0:F0:18:43:F8:2F,-78,1597398664746
0,29,D0:F0:18:43:F8:2F,-69,1597398665251
1,30,D0:F0:18:43:F8:49,-74,1597398665253
0,31,D0:F0:18:43:F8:2F,-73,1597398665757
1,32,D0:F0:18:43:F8:49,-79,1597398665758
0,33,D0:F0:18:43:F8:2F,-80,1597398666262
1,34,D0:F0:18:43:F8:49,-76,1597398666264
0,35,D0:F0:18:43:F8:2F,-70,1597398666768
1,36,D0:F0:18:43:F8:49,-74,1597398666770
0,37,D0:F0:18:43:F8:49,-74,1597398667273
0,38,D0:F0:18:43:F8:2F,-72,1597398667779
0,39,D0:F0:18:43:F8:2F,-71,1597398668285
1,40,D0:F0:18:43:F8:49,-78,1597398668287
0,41,D0:F0:18:43:F8:2F,-66,1597398668791
0,42,D0:F0:18:43:F8:2F,-74,1597398669296
0,43,D0:F0:18:43:F8:2F,-78,1597398669802
1,44,D0:F0:18:43:F8:49,-73,1597398669804
0,45,D0:F0:18:43:F8:2F,-71,1597398670307
0,46,D0:F0:18:43:F8:2F,-71,1597398671317
1,47,D0:F0:18:43:F8:49,-73,1597398671318
0,48,D0:F0:18:43:F8:49,-83,1597398671822
0,49,D0:F0:18:43:F8:2F,-73,1597398672327
1,50,D0:F0:18:43:F8:49,-76,1597398672330
0,51,D0:F0:18:43:F8:2F,-71,1597398672832
1,52,D0:F0:18:43:F8:49,-71,1597398672834
0,53,D0:F0:18:43:F8:2F,-73,1597398673337
1,54,D0:F0:18:43:F8:49,-88,1597398673339
0,55,D0:F0:18:43:F8:2F,-73,1597398673842
1,56,D0:F0:18:43:F8:49,-76,1597398673844
0,57,D0:F0:18:43:F8:2F,-70,1597398674348
1,58,D0:F0:18:43:F8:49,-74,1597398674351
0,59,D0:F0:18:43:F8:49,-73,1597398674854
0,60,D0:F0:18:43:F8:2F,-73,1597398675359
1,61,D0:F0:18:43:F8:49,-73,1597398675361
0,62,D0:F0:18:43:F8:2F,-80,1597398675864
1,63,D0:F0:18:43:F8:49,-73,1597398675866
0,64,D0:F0:18:43:F8:49,-88,1597398676369
0,65,D0:F0:18:43:F8:2F,-73,1597398676874
0,66,D0:F0:18:43:F8:2F,-76,1597398677379
1,67,D0:F0:18:43:F8:49,-75,1597398677381
0,68,D0:F0:18:43:F8:2F,-73,1597398677885
1,69,D0:F0:18:43:F8:49,-83,1597398677887
0,70,D0:F0:18:43:F8:2F,-71,1597398678389
1,71,D0:F0:18:43:F8:49,-71,1597398678391
0,72,D0:F0:18:43:F8:2F,-71,1597398678894
1,73,D0:F0:18:43:F8:49,-81,1597398678896
0,74,D0:F0:18:43:F8:2F,-71,1597398679400
1,75,D0:F0:18:43:F8:49,-83,1597398679402
0,76,D0:F0:18:43:F8:2F,-71,1597398679904
0,77,D0:F0:18:43:F8:2F,-70,1597398680408
1,78,D0:F0:18:43:F8:49,-74,1597398680410
0,79,D0:F0:18:43:F8:2F,-70,1597398680914
0,0,D0:F0:18:43:F8:49,-76,1597398684955
0,1,D0:F0:18:43:F8:2F,-70,1597398685461
0,2,D0:F0:18:43:F8:49,-71,1597398685966
0,3,D0:F0:18:43:F8:2F,-71,1597398686472
1,4,D0:F0:18:43:F8:49,-74,1597398686474
0,5,D0:F0:18:43:F8:2F,-74,1597398686979
1,6,D0:F0:18:43:F8:49,-70,1597398686980
0,7,D0:F0:18:43:F8:2F,-66,1597398687484
1,8,D0:F0:18:43:F8:49,-69,1597398687485
0,9,D0:F0:18:43:F8:2F,-74,1597398687989
1,10,D0:F0:18:43:F8:49,-71,1597398687991
0,11,D0:F0:18:43:F8:2F,-75,1597398688495
1,12,D0:F0:18:43:F8:49,-70,1597398688497
0,13,D0:F0:18:43:F8:2F,-66,1597398689001
0,14,D0:F0:18:43:F8:2F,-74,1597398689506
0,15,D0:F0:18:43:F8:2F,-67,1597398690010
0,16,D0:F0:18:43:F8:2F,-71,1597398690516
1,17,D0:F0:18:43:F8:49,-70,1597398690517
0,18,D0:F0:18:43:F8:2F,-82,1597398691020
0,19,D0:F0:18:43:F8:2F,-66,1597398691526
1,20,D0:F0:18:43:F8:49,-72,1597398691528
0,21,D0:F0:18:43:F8:2F,-74,1597398692032
1,22,D0:F0:18:43:F8:49,-70,1597398692034
0,23,D0:F0:18:43:F8:2F,-66,1597398692538
1,24,D0:F0:18:43:F8:49,-73,1597398692540
0,25,D0:F0:18:43:F8:2F,-79,1597398693043
1,26,D0:F0:18:43:F8:49,-71,1597398693044
0,27,D0:F0:18:43:F8:2F,-66,1597398693548
1,28,D0:F0:18:43:F8:49,-71,1597398693549
0,29,D0:F0:18:43:F8:2F,-74,1597398694053
1,30,D0:F0:18:43:F8:49,-71,1597398694054
0,31,D0:F0:18:43:F8:2F,-66,1597398694558
0,32,D0:F0:18:43:F8:2F,-66,1597398695063
1,33,D0:F0:18:43:F8:49,-73,1597398695065
0,34,D0:F0:18:43:F8:2F,-66,1597398696074
1,35,D0:F0:18:43:F8:49,-71,1597398696075
0,36,D0:F0:18:43:F8:2F,-71,1597398696579
1,37,D0:F0:18:43:F8:49,-71,1597398696581
0,38,D0:F0:18:43:F8:2F,-75,1597398697085
1,39,D0:F0:18:43:F8:49,-71,1597398697088
0,40,D0:F0:18:43:F8:2F,-65,1597398697591
1,41,D0:F0:18:43:F8:49,-70,1597398697593
0,42,D0:F0:18:43:F8:2F,-76,1597398698098
1,43,D0:F0:18:43:F8:49,-71,1597398698099
0,44,D0:F0:18:43:F8:2F,-65,1597398698605
1,45,D0:F0:18:43:F8:49,-71,1597398698607
0,46,D0:F0:18:43:F8:2F,-80,1597398699109
0,47,D0:F0:18:43:F8:2F,-64,1597398699615
1,48,D0:F0:18:43:F8:49,-70,1597398699617
0,49,D0:F0:18:43:F8:2F,-74,1597398700121
1,50,D0:F0:18:43:F8:49,-70,1597398700122
0,51,D0:F0:18:43:F8:49,-71,1597398700626
0,52,D0:F0:18:43:F8:2F,-75,1597398701132
1,53,D0:F0:18:43:F8:49,-70,1597398701134
0,54,D0:F0:18:43:F8:49,-72,1597398701637
0,55,D0:F0:18:43:F8:2F,-65,1597398702143
1,56,D0:F0:18:43:F8:49,-71,1597398702145
0,57,D0:F0:18:43:F8:2F,-66,1597398702649
1,58,D0:F0:18:43:F8:49,-70,1597398702651
0,59,D0:F0:18:43:F8:2F,-65,1597398703155
0,60,D0:F0:18:43:F8:49,-70,1597398703661
0,61,D0:F0:18:43:F8:2F,-75,1597398704166
1,62,D0:F0:18:43:F8:49,-71,1597398704167
0,63,D0:F0:18:43:F8:2F,-67,1597398704668
0,64,D0:F0:18:43:F8:2F,-67,1597398705174
1,65,D0:F0:18:43:F8:49,-71,1597398705176
0,66,D0:F0:18:43:F8:2F,-67,1597398705680
1,67,D0:F0:18:43:F8:49,-71,1597398705681
0,68,D0:F0:18:43:F8:2F,-80,1597398706184
0,69,D0:F0:18:43:F8:2F,-79,1597398706690
1,70,D0:F0:18:43:F8:49,-71,1597398706691
0,71,D0:F0:18:43:F8:2F,-65,1597398707195
1,72,D0:F0:18:43:F8:49,-70,1597398707197
0,73,D0:F0:18:43:F8:2F,-72,1597398707700
0,74,D0:F0:18:43:F8:2F,-75,1597398708205
1,75,D0:F0:18:43:F8:49,-70,1597398708207
0,76,D0:F0:18:43:F8:2F,-65,1597398708711
0,77,D0:F0:18:43:F8:2F,-74,1597398709216
1,78,D0:F0:18:43:F8:49,-70,1597398709218
0,79,D0:F0:18:43:F8:2F,-76,1597398709723
0,0,D0:F0:18:43:F8:2F,-67,1597398714773
1,1,D0:F0:18:43:F8:49,-77,1597398714775
0,2,D0:F0:18:43:F8:2F,-71,1597398715279
1,3,D0:F0:18:43:F8:49,-75,1597398715280
0,4,D0:F0:18:43:F8:49,-71,1597398715784
0,5,D0:F0:18:43:F8:2F,-76,1597398716291
1,6,D0:F0:18:43:F8:49,-70,1597398716292
0,7,D0:F0:18:43:F8:2F,-69,1597398716798
1,8,D0:F0:18:43:F8:49,-72,1597398716799
0,9,D0:F0:18:43:F8:2F,-71,1597398717302
0,10,D0:F0:18:43:F8:2F,-76,1597398717809
1,11,D0:F0:18:43:F8:49,-71,1597398717810
0,12,D0:F0:18:43:F8:2F,-67,1597398718313
0,13,D0:F0:18:43:F8:2F,-74,1597398718820
1,14,D0:F0:18:43:F8:49,-73,1597398718821
0,15,D0:F0:18:43:F8:2F,-74,1597398719325
1,16,D0:F0:18:43:F8:49,-71,1597398719326
0,17,D0:F0:18:43:F8:2F,-70,1597398719830
1,18,D0:F0:18:43:F8:49,-74,1597398719831
0,19,D0:F0:18:43:F8:2F,-74,1597398720335
1,20,D0:F0:18:43:F8:49,-71,1597398720337
0,21,D0:F0:18:43:F8:2F,-69,1597398720841
1,22,D0:F0:18:43:F8:49,-71,1597398720842
0,23,D0:F0:18:43:F8:2F,-69,1597398721347
1,24,D0:F0:18:43:F8:49,-73,1597398721348
0,25,D0:F0:18:43:F8:2F,-76,1597398721852
1,26,D0:F0:18:43:F8:49,-71,1597398721854
0,27,D0:F0:18:43:F8:2F,-69,1597398722358
1,28,D0:F0:18:43:F8:49,-72,1597398722360
0,29,D0:F0:18:43:F8:49,-71,1597398722863
0,30,D0:F0:18:43:F8:2F,-76,1597398723369
0,31,D0:F0:18:43:F8:2F,-68,1597398723874
1,32,D0:F0:18:43:F8:49,-71,1597398723875
0,33,D0:F0:18:43:F8:2F,-77,1597398724379
1,34,D0:F0:18:43:F8:49,-71,1597398724380
0,35,D0:F0:18:43:F8:2F,-69,1597398724885
1,36,D0:F0:18:43:F8:49,-72,1597398724887
0,37,D0:F0:18:43:F8:2F,-77,1597398725391
1,38,D0:F0:18:43:F8:49,-71,1597398725393
0,39,D0:F0:18:43:F8:2F,-77,1597398725896
0,40,D0:F0:18:43:F8:2F,-77,1597398726402
1,41,D0:F0:18:43:F8:49,-71,1597398726404
0,42,D0:F0:18:43:F8:2F,-69,1597398727412
1,43,D0:F0:18:43:F8:49,-73,1597398727413
0,44,D0:F0:18:43:F8:2F,-80,1597398727917
1,45,D0:F0:18:43:F8:49,-72,1597398727919
0,46,D0:F0:18:43:F8:2F,-67,1597398728422
1,47,D0:F0:18:43:F8:49,-71,1597398728424
0,48,D0:F0:18:43:F8:2F,-76,1597398728928
0,49,D0:F0:18:43:F8:2F,-76,1597398729433
1,50,D0:F0:18:43:F8:49,-73,1597398729435
0,51,D0:F0:18:43:F8:2F,-69,1597398729939
1,52,D0:F0:18:43:F8:49,-71,1597398729941
0,53,D0:F0:18:43:F8:49,-71,1597398730443
0,54,D0:F0:18:43:F8:2F,-70,1597398730948
0,55,D0:F0:18:43:F8:2F,-77,1597398731453
1,56,D0:F0:18:43:F8:49,-72,1597398731454
0,57,D0:F0:18:43:F8:2F,-69,1597398731958
1,58,D0:F0:18:43:F8:49,-71,1597398731960
0,59,D0:F0:18:43:F8:49,-72,1597398732463
0,60,D0:F0:18:43:F8:2F,-69,1597398732969
1,61,D0:F0:18:43:F8:49,-71,1597398732970
0,62,D0:F0:18:43:F8:2F,-68,1597398733474
0,63,D0:F0:18:43:F8:2F,-77,1597398733979
1,64,D0:F0:18:43:F8:49,-71,1597398733981
0,65,D0:F0:18:43:F8:2F,-68,1597398734485
0,66,D0:F0:18:43:F8:2F,-68,1597398734991
1,67,D0:F0:18:43:F8:49,-71,1597398734993
0,68,D0:F0:18:43:F8:2F,-68,1597398735497
1,69,D0:F0:18:43:F8:49,-71,1597398735499
0,70,D0:F0:18:43:F8:49,-71,1597398736002
0,71,D0:F0:18:43:F8:2F,-77,1597398736507
1,72,D0:F0:18:43:F8:49,-71,1597398736510
0,73,D0:F0:18:43:F8:2F,-68,1597398737516
0,74,D0:F0:18:43:F8:2F,-76,1597398738021
0,75,D0:F0:18:43:F8:2F,-68,1597398738526
0,76,D0:F0:18:43:F8:2F,-68,1597398739031
1,77,D0:F0:18:43:F8:49,-71,1597398739032
0,78,D0:F0:18:43:F8:2F,-68,1597398739535
1,79,D0:F0:18:43:F8:49,-71,1597398739538
0,0,D0:F0:18:43:F8:2F,-76,1597398755194
1,1,D0:F0:18:43:F8:49,-73,1597398755195
0,2,D0:F0:18:43:F8:2F,-68,1597398755700
1,3,D0:F0:18:43:F8:49,-71,1597398755702
0,4,D0:F0:18:43:F8:2F,-69,1597398756206
1,5,D0:F0:18:43:F8:49,-71,1597398756208
0,6,D0:F0:18:43:F8:49,-72,1597398756710
0,7,D0:F0:18:43:F8:2F,-69,1597398757215
1,8,D0:F0:18:43:F8:49,-71,1597398757217
0,9,D0:F0:18:43:F8:2F,-70,1597398757721
1,10,D0:F0:18:43:F8:49,-71,1597398757723
0,11,D0:F0:18:43:F8:49,-72,1597398758227
0,12,D0:F0:18:43:F8:2F,-69,1597398758731
0,13,D0:F0:18:43:F8:49,-70,1597398759237
0,14,D0:F0:18:43:F8:2F,-71,1597398759741
0,15,D0:F0:18:43:F8:2F,-71,1597398760247
1,16,D0:F0:18:43:F8:49,-71,1597398760248
0,17,D0:F0:18:43:F8:2F,-72,1597398760752
1,18,D0:F0:18:43:F8:49,-70,1597398760753
0,19,D0:F0:18:43:F8:2F,-71,1597398761258
1,20,D0:F0:18:43:F8:49,-71,1597398761260
0,21,D0:F0:18:43:F8:2F,-70,1597398761764
1,22,D0:F0:18:43:F8:49,-70,1597398761766
0,23,D0:F0:18:43:F8:49,-71,1597398762270
0,24,D0:F0:18:43:F8:2F,-71,1597398762775
1,25,D0:F0:18:43:F8:49,-70,1597398762777
0,26,D0:F0:18:43:F8:2F,-72,1597398763281
1,27,D0:F0:18:43:F8:49,-68,1597398763283
0,28,D0:F0:18:43:F8:49,-73,1597398763787
0,29,D0:F0:18:43:F8:2F,-69,1597398764292
0,30,D0:F0:18:43:F8:2F,-71,1597398764794
1,31,D0:F0:18:43:F8:49,-71,1597398764794
0,32,D0:F0:18:43:F8:2F,-71,1597398765300
1,33,D0:F0:18:43:F8:49,-71,1597398765302
0,34,D0:F0:18:43:F8:49,-70,1597398765805
0,35,D0:F0:18:43:F8:2F,-70,1597398766311
1,36,D0:F0:18:43:F8:49,-71,1597398766314
0,37,D0:F0:18:43:F8:49,-71,1597398766816
0,38,D0:F0:18:43:F8:2F,-71,1597398767321
0,39,D0:F0:18:43:F8:2F,-70,1597398767827
1,40,D0:F0:18:43:F8:49,-71,1597398767828
0,41,D0:F0:18:43:F8:2F,-70,1597398768332
1,42,D0:F0:18:43:F8:49,-70,1597398768333
0,43,D0:F0:18:43:F8:2F,-71,1597398768837
1,44,D0:F0:18:43:F8:49,-71,1597398768838
0,45,D0:F0:18:43:F8:49,-70,1597398769341
0,46,D0:F0:18:43:F8:2F,-70,1597398769846
0,47,D0:F0:18:43:F8:2F,-70,1597398770352
1,48,D0:F0:18:43:F8:49,-70,1597398770354
0,49,D0:F0:18:43:F8:2F,-71,1597398770858
1,50,D0:F0:18:43:F8:49,-68,1597398770859
0,51,D0:F0:18:43:F8:2F,-70,1597398771363
1,52,D0:F0:18:43:F8:49,-71,1597398771365
0,53,D0:F0:18:43:F8:2F,-71,1597398771869
1,54,D0:F0:18:43:F8:49,-71,1597398771870
0,55,D0:F0:18:43:F8:2F,-71,1597398772374
1,56,D0:F0:18:43:F8:49,-71,1597398772375
0,57,D0:F0:18:43:F8:2F,-70,1597398772880
1,58,D0:F0:18:43:F8:49,-70,1597398772881
0,59,D0:F0:18:43:F8:2F,-71,1597398773384
1,60,D0:F0:18:43:F8:49,-69,1597398773386
0,61,D0:F0:18:43:F8:2F,-69,1597398773890
0,62,D0:F0:18:43:F8:2F,-69,1597398774395
1,63,D0:F0:18:43:F8:49,-70,1597398774396
0,64,D0:F0:18:43:F8:2F,-71,1597398774900
1,65,D0:F0:18:43:F8:49,-69,1597398774901
0,66,D0:F0:18:43:F8:2F,-71,1597398775406
0,67,D0:F0:18:43:F8:2F,-71,1597398775911
1,68,D0:F0:18:43:F8:49,-67,1597398775912
0,69,D0:F0:18:43:F8:2F,-71,1597398776416
1,70,D0:F0:18:43:F8:49,-71,1597398776417
0,71,D0:F0:18:43:F8:2F,-69,1597398776921
1,72,D0:F0:18:43:F8:49,-69,1597398776923
0,73,D0:F0:18:43:F8:2F,-69,1597398777427
1,74,D0:F0:18:43:F8:49,-70,1597398777429
0,75,D0:F0:18:43:F8:2F,-69,1597398777933
1,76,D0:F0:18:43:F8:49,-72,1597398777934
0,77,D0:F0:18:43:F8:2F,-70,1597398778437
0,78,D0:F0:18:43:F8:2F,-69,1597398779446
1,79,D0:F0:18:43:F8:49,-71,1597398779448
0,0,D0:F0:18:43:F8:2F,-71,1597398787528
0,1,D0:F0:18:43:F8:49,-74,1597398788034
0,2,D0:F0:18:43:F8:2F,-74,1597398789047
1,3,D0:F0:18:43:F8:49,-71,1597398789048
0,4,D0:F0:18:43:F8:2F,-83,1597398789551
1,5,D0:F0:18:43:F8:49,-71,1597398789552
0,6,D0:F0:18:43:F8:2F,-71,1597398790057
1,7,D0:F0:18:43:F8:49,-81,1597398790058
0,8,D0:F0:18:43:F8:2F,-77,1597398790564
1,9,D0:F0:18:43:F8:49,-73,1597398790565
0,10,D0:F0:18:43:F8:2F,-79,1597398791070
1,11,D0:F0:18:43:F8:49,-73,1597398791071
0,12,D0:F0:18:43:F8:2F,-71,1597398791575
0,13,D0:F0:18:43:F8:2F,-83,1597398792080
1,14,D0:F0:18:43:F8:49,-71,1597398792082
0,15,D0:F0:18:43:F8:2F,-80,1597398792586
0,16,D0:F0:18:43:F8:2F,-71,1597398793092
1,17,D0:F0:18:43:F8:49,-73,1597398793093
0,18,D0:F0:18:43:F8:2F,-80,1597398793597
1,19,D0:F0:18:43:F8:49,-72,1597398793598
0,20,D0:F0:18:43:F8:2F,-71,1597398794101
0,21,D0:F0:18:43:F8:49,-72,1597398794606
0,22,D0:F0:18:43:F8:2F,-70,1597398795111
0,23,D0:F0:18:43:F8:2F,-71,1597398795618
1,24,D0:F0:18:43:F8:49,-73,1597398795619
0,25,D0:F0:18:43:F8:2F,-82,1597398796123
1,26,D0:F0:18:43:F8:49,-71,1597398796124
0,27,D0:F0:18:43:F8:49,-73,1597398796627
0,28,D0:F0:18:43:F8:2F,-71,1597398797132
1,29,D0:F0:18:43:F8:49,-71,1597398797135
0,30,D0:F0:18:43:F8:2F,-77,1597398797637
1,31,D0:F0:18:43:F8:49,-72,1597398797638
0,32,D0:F0:18:43:F8:2F,-73,1597398798142
1,33,D0:F0:18:43:F8:49,-71,1597398798144
0,34,D0:F0:18:43:F8:2F,-75,1597398798647
0,35,D0:F0:18:43:F8:2F,-71,1597398799153
1,36,D0:F0:18:43:F8:49,-73,1597398799155
0,37,D0:F0:18:43:F8:2F,-71,1597398799658
0,38,D0:F0:18:43:F8:49,-86,1597398800164
0,39,D0:F0:18:43:F8:2F,-70,1597398800669
1,40,D0:F0:18:43:F8:49,-73,1597398800670
0,41,D0:F0:18:43:F8:49,-71,1597398801173
0,42,D0:F0:18:43:F8:2F,-70,1597398801677
0,43,D0:F0:18:43:F8:49,-71,1597398802182
0,44,D0:F0:18:43:F8:2F,-74,1597398802688
0,45,D0:F0:18:43:F8:2F,-71,1597398803193
1,46,D0:F0:18:43:F8:49,-71,1597398803195
0,47,D0:F0:18:43:F8:2F,-82,1597398803697
0,48,D0:F0:18:43:F8:2F,-70,1597398804203
0,49,D0:F0:18:43:F8:2F,-77,1597398804708
1,50,D0:F0:18:43:F8:49,-71,1597398804709
0,51,D0:F0:18:43:F8:2F,-77,1597398805213
0,52,D0:F0:18:43:F8:49,-73,1597398805718
0,53,D0:F0:18:43:F8:2F,-77,1597398806223
1,54,D0:F0:18:43:F8:49,-71,1597398806224
0,55,D0:F0:18:43:F8:2F,-71,1597398806728
1,56,D0:F0:18:43:F8:49,-74,1597398806730
0,57,D0:F0:18:43:F8:2F,-71,1597398807234
1,58,D0:F0:18:43:F8:49,-72,1597398807235
0,59,D0:F0:18:43:F8:2F,-71,1597398807739
1,60,D0:F0:18:43:F8:49,-85,1597398807741
0,61,D0:F0:18:43:F8:2F,-77,1597398808245
0,62,D0:F0:18:43:F8:2F,-71,1597398808750
1,63,D0:F0:18:43:F8:49,-73,1597398808751
0,64,D0:F0:18:43:F8:2F,-72,1597398809254
0,65,D0:F0:18:43:F8:2F,-79,1597398809760
1,66,D0:F0:18:43:F8:49,-71,1597398809762
0,67,D0:F0:18:43:F8:2F,-71,1597398810266
0,68,D0:F0:18:43:F8:2F,-67,1597398811780
0,69,D0:F0:18:43:F8:49,-74,1597398812285
0,70,D0:F0:18:43:F8:2F,-80,1597398813294
1,71,D0:F0:18:43:F8:49,-71,1597398813295
0,72,D0:F0:18:43:F8:2F,-69,1597398813799
0,73,D0:F0:18:43:F8:2F,-69,1597398814304
0,74,D0:F0:18:43:F8:2F,-69,1597398814809
1,75,D0:F0:18:43:F8:49,-71,1597398814811
0,76,D0:F0:18:43:F8:2F,-81,1597398815819
1,77,D0:F0:18:43:F8:49,-71,1597398815821
0,78,D0:F0:18:43:F8:49,-74,1597398816832
0,79,D0:F0:18:43:F8:2F,-69,1597398817336
0,0,D0:F0:18:43:F8:49,-71,1597398826416
0,1,D0:F0:18:43:F8:2F,-84,1597398826921
0,2,D0:F0:18:43:F8:2F,-75,1597398827426
1,3,D0:F0:18:43:F8:49,-71,1597398827428
0,4,D0:F0:18:43:F8:2F,-76,1597398827930
1,5,D0:F0:18:43:F8:49,-73,1597398827931
0,6,D0:F0:18:43:F8:2F,-74,1597398828435
0,7,D0:F0:18:43:F8:49,-71,1597398829445
0,8,D0:F0:18:43:F8:49,-74,1597398829951
0,9,D0:F0:18:43:F8:49,-73,1597398830455
0,10,D0:F0:18:43:F8:49,-79,1597398830961
0,11,D0:F0:18:43:F8:2F,-73,1597398831465
1,12,D0:F0:18:43:F8:49,-72,1597398831467
0,13,D0:F0:18:43:F8:49,-73,1597398831970
0,14,D0:F0:18:43:F8:2F,-71,1597398832475
0,15,D0:F0:18:43:F8:2F,-79,1597398832982
1,16,D0:F0:18:43:F8:49,-75,1597398832984
0,17,D0:F0:18:43:F8:2F,-75,1597398833487
1,18,D0:F0:18:43:F8:49,-76,1597398833490
0,19,D0:F0:18:43:F8:2F,-74,1597398833991
0,20,D0:F0:18:43:F8:2F,-80,1597398834998
0,21,D0:F0:18:43:F8:2F,-79,1597398835503
1,22,D0:F0:18:43:F8:49,-72,1597398835504
0,23,D0:F0:18:43:F8:2F,-71,1597398836008
1,24,D0:F0:18:43:F8:49,-74,1597398836010
0,25,D0:F0:18:43:F8:2F,-85,1597398836514
1,26,D0:F0:18:43:F8:49,-72,1597398836515
0,27,D0:F0:18:43:F8:2F,-77,1597398837020
1,28,D0:F0:18:43:F8:49,-73,1597398837021
0,29,D0:F0:18:43:F8:2F,-71,1597398837524
1,30,D0:F0:18:43:F8:49,-73,1597398837526
0,31,D0:F0:18:43:F8:2F,-80,1597398838030
1,32,D0:F0:18:43:F8:49,-74,1597398838031
0,33,D0:F0:18:43:F8:49,-74,1597398838534
0,34,D0:F0:18:43:F8:49,-73,1597398839040
0,35,D0:F0:18:43:F8:2F,-77,1597398839544
1,36,D0:F0:18:43:F8:49,-73,1597398839546
0,37,D0:F0:18:43:F8:2F,-73,1597398840050
1,38,D0:F0:18:43:F8:49,-80,1597398840052
0,39,D0:F0:18:43:F8:49,-75,1597398840556
0,40,D0:F0:18:43:F8:49,-77,1597398841061
0,41,D0:F0:18:43:F8:2F,-72,1597398841566
1,42,D0:F0:18:43:F8:49,-73,1597398841567
0,43,D0:F0:18:43:F8:49,-74,1597398842071
0,44,D0:F0:18:43:F8:49,-76,1597398843587
0,45,D0:F0:18:43:F8:2F,-89,1597398844595
0,46,D0:F0:18:43:F8:2F,-76,1597398845099
1,47,D0:F0:18:43:F8:49,-73,1597398845101
0,48,D0:F0:18:43:F8:2F,-83,1597398845605
1,49,D0:F0:18:43:F8:49,-78,1597398845606
0,50,D0:F0:18:43:F8:49,-79,1597398846110
0,51,D0:F0:18:43:F8:2F,-80,1597398846615
1,52,D0:F0:18:43:F8:49,-74,1597398846617
0,53,D0:F0:18:43:F8:2F,-80,1597398847120
1,54,D0:F0:18:43:F8:49,-75,1597398847121
0,55,D0:F0:18:43:F8:2F,-71,1597398847627
1,56,D0:F0:18:43:F8:49,-74,1597398847629
0,57,D0:F0:18:43:F8:2F,-80,1597398848131
0,58,D0:F0:18:43:F8:2F,-80,1597398848637
1,59,D0:F0:18:43:F8:49,-73,1597398848638
0,60,D0:F0:18:43:F8:2F,-77,1597398849142
1,61,D0:F0:18:43:F8:49,-71,1597398849143
0,62,D0:F0:18:43:F8:2F,-86,1597398849647
1,63,D0:F0:18:43:F8:49,-76,1597398849649
0,64,D0:F0:18:43:F8:49,-73,1597398850153
0,65,D0:F0:18:43:F8:2F,-76,1597398850658
1,66,D0:F0:18:43:F8:49,-74,1597398850660
0,67,D0:F0:18:43:F8:49,-74,1597398851668
0,68,D0:F0:18:43:F8:49,-80,1597398852677
0,69,D0:F0:18:43:F8:49,-74,1597398853183
0,70,D0:F0:18:43:F8:2F,-71,1597398853689
1,71,D0:F0:18:43:F8:49,-73,1597398853690
0,72,D0:F0:18:43:F8:49,-86,1597398854193
0,73,D0:F0:18:43:F8:2F,-74,1597398854699
1,74,D0:F0:18:43:F8:49,-75,1597398854700
0,75,D0:F0:18:43:F8:49,-74,1597398855205
0,76,D0:F0:18:43:F8:2F,-74,1597398855711
1,77,D0:F0:18:43:F8:49,-71,1597398855713
0,78,D0:F0:18:43:F8:49,-79,1597398856217
0,79,D0:F0:18:43:F8:2F,-82,1597398856723
0,0,D0:F0:18:43:F8:2F,-81,1597398863793
0,1,D0:F0:18:43:F8:49,-70,1597398864299
0,2,D0:F0:18:43:F8:2F,-75,1597398864805
1,3,D0:F0:18:43:F8:49,-74,1597398864807
0,4,D0:F0:18:43:F8:2F,-74,1597398865311
1,5,D0:F0:18:43:F8:49,-70,1597398865313
0,6,D0:F0:18:43:F8:2F,-83,1597398865817
0,7,D0:F0:18:43:F8:2F,-74,1597398866324
1,8,D0:F0:18:43:F8:49,-74,1597398866325
0,9,D0:F0:18:43:F8:2F,-78,1597398866829
0,10,D0:F0:18:43:F8:2F,-80,1597398867335
1,11,D0:F0:18:43:F8:49,-76,1597398867337
0,12,D0:F0:18:43:F8:2F,-73,1597398867840
1,13,D0:F0:18:43:F8:49,-74,1597398867841
0,14,D0:F0:18:43:F8:2F,-81,1597398868344
1,15,D0:F0:18:43:F8:49,-73,1597398868346
0,16,D0:F0:18:43:F8:2F,-76,1597398869353
1,17,D0:F0:18:43:F8:49,-83,1597398869355
0,18,D0:F0:18:43:F8:2F,-80,1597398869859
1,19,D0:F0:18:43:F8:49,-70,1597398869861
0,20,D0:F0:18:43:F8:2F,-73,1597398870365
1,21,D0:F0:18:43:F8:49,-71,1597398870367
0,22,D0:F0:18:43:F8:2F,-79,1597398870871
1,23,D0:F0:18:43:F8:49,-74,1597398870872
0,24,D0:F0:18:43:F8:2F,-82,1597398871375
1,25,D0:F0:18:43:F8:49,-70,1597398871377
0,26,D0:F0:18:43:F8:2F,-72,1597398871881
1,27,D0:F0:18:43:F8:49,-70,1597398871883
0,28,D0:F0:18:43:F8:2F,-79,1597398872891
0,29,D0:F0:18:43:F8:2F,-73,1597398873396
1,30,D0:F0:18:43:F8:49,-75,1597398873398
0,31,D0:F0:18:43:F8:2F,-81,1597398873902
1,32,D0:F0:18:43:F8:49,-70,1597398873903
0,33,D0:F0:18:43:F8:2F,-73,1597398874407
0,34,D0:F0:18:43:F8:2F,-80,1597398874912
1,35,D0:F0:18:43:F8:49,-74,1597398874914
0,36,D0:F0:18:43:F8:49,-86,1597398875418
0,37,D0:F0:18:43:F8:2F,-82,1597398875923
1,38,D0:F0:18:43:F8:49,-73,1597398875925
0,39,D0:F0:18:43:F8:2F,-72,1597398876429
1,40,D0:F0:18:43:F8:49,-70,1597398876430
0,41,D0:F0:18:43:F8:2F,-72,1597398876933
0,42,D0:F0:18:43:F8:2F,-84,1597398877942
0,43,D0:F0:18:43:F8:2F,-72,1597398878447
0,44,D0:F0:18:43:F8:2F,-86,1597398878952
1,45,D0:F0:18:43:F8:49,-70,1597398878953
0,46,D0:F0:18:43:F8:2F,-84,1597398879961
1,47,D0:F0:18:43:F8:49,-73,1597398879963
0,48,D0:F0:18:43:F8:2F,-72,1597398880466
1,49,D0:F0:18:43:F8:49,-70,1597398880468
0,50,D0:F0:18:43:F8:49,-86,1597398880972
0,51,D0:F0:18:43:F8:2F,-72,1597398881478
1,52,D0:F0:18:43:F8:49,-70,1597398881481
0,53,D0:F0:18:43:F8:49,-70,1597398881983
0,54,D0:F0:18:43:F8:49,-85,1597398882993
0,55,D0:F0:18:43:F8:2F,-72,1597398883559
0,56,D0:F0:18:43:F8:49,-73,1597398884330
0,57,D0:F0:18:43:F8:49,-70,1597398884835
0,58,D0:F0:18:43:F8:49,-73,1597398885340
0,59,D0:F0:18:43:F8:2F,-72,1597398886348
1,60,D0:F0:18:43:F8:49,-70,1597398886349
0,61,D0:F0:18:43:F8:2F,-73,1597398887355
1,62,D0:F0:18:43:F8:49,-73,1597398887357
0,63,D0:F0:18:43:F8:2F,-85,1597398888364
0,64,D0:F0:18:43:F8:2F,-73,1597398888870
1,65,D0:F0:18:43:F8:49,-73,1597398888871
0,66,D0:F0:18:43:F8:49,-69,1597398889879
0,67,D0:F0:18:43:F8:2F,-81,1597398890383
0,68,D0:F0:18:43:F8:49,-73,1597398890888
0,69,D0:F0:18:43:F8:2F,-73,1597398891392
0,70,D0:F0:18:43:F8:2F,-82,1597398891898
1,71,D0:F0:18:43:F8:49,-87,1597398891899
0,72,D0:F0:18:43:F8:2F,-85,1597398892403
1,73,D0:F0:18:43:F8:49,-73,1597398892404
0,74,D0:F0:18:43:F8:2F,-73,1597398892907
0,75,D0:F0:18:43:F8:49,-86,1597398893412
0,76,D0:F0:18:43:F8:49,-73,1597398894422
0,77,D0:F0:18:43:F8:2F,-72,1597398894926
1,78,D0:F0:18:43:F8:49,-69,1597398894928
0,79,D0:F0:18:43:F8:49,-73,1597398895431
0,0,D0:F0:18:43:F8:2F,-74,1597398924717
1,1,D0:F0:18:43:F8:49,-71,1597398924720
0,2,D0:F0:18:43:F8:49,-70,1597398925220
0,3,D0:F0:18:43:F8:2F,-71,1597398925726
1,4,D0:F0:18:43:F8:49,-77,1597398925727
0,5,D0:F0:18:43:F8:49,-73,1597398926230
0,6,D0:F0:18:43:F8:2F,-73,1597398926736
0,7,D0:F0:18:43:F8:2F,-70,1597398927241
1,8,D0:F0:18:43:F8:49,-69,1597398927242
0,9,D0:F0:18:43:F8:49,-71,1597398928251
0,10,D0:F0:18:43:F8:2F,-71,1597398928757
1,11,D0:F0:18:43:F8:49,-70,1597398928758
0,12,D0:F0:18:43:F8:49,-71,1597398929259
0,13,D0:F0:18:43:F8:2F,-75,1597398929765
1,14,D0:F0:18:43:F8:49,-71,1597398929767
0,15,D0:F0:18:43:F8:2F,-89,1597398930270
1,16,D0:F0:18:43:F8:49,-69,1597398930272
0,17,D0:F0:18:43:F8:2F,-74,1597398930776
1,18,D0:F0:18:43:F8:49,-78,1597398930778
0,19,D0:F0:18:43:F8:2F,-91,1597398931278
1,20,D0:F0:18:43:F8:49,-76,1597398931280
0,21,D0:F0:18:43:F8:2F,-70,1597398932289
0,22,D0:F0:18:43:F8:2F,-92,1597398932793
1,23,D0:F0:18:43:F8:49,-69,1597398932795
0,24,D0:F0:18:43:F8:2F,-75,1597398933299
1,25,D0:F0:18:43:F8:49,-73,1597398933301
0,26,D0:F0:18:43:F8:2F,-71,1597398933804
0,27,D0:F0:18:43:F8:49,-68,1597398934815
0,28,D0:F0:18:43:F8:49,-74,1597398935320
0,29,D0:F0:18:43:F8:2F,-95,1597398935824
1,30,D0:F0:18:43:F8:49,-70,1597398935826
0,31,D0:F0:18:43:F8:2F,-71,1597398936330
1,32,D0:F0:18:43:F8:49,-74,1597398936331
0,33,D0:F0:18:43:F8:49,-74,1597398936834
0,34,D0:F0:18:43:F8:49,-68,1597398937339
0,35,D0:F0:18:43:F8:2F,-76,1597398937843
0,36,D0:F0:18:43:F8:49,-72,1597398938348
0,37,D0:F0:18:43:F8:2F,-71,1597398938854
1,38,D0:F0:18:43:F8:49,-71,1597398938855
0,39,D0:F0:18:43:F8:49,-70,1597398939359
0,40,D0:F0:18:43:F8:2F,-71,1597398939865
1,41,D0:F0:18:43:F8:49,-68,1597398939867
0,42,D0:F0:18:43:F8:49,-71,1597398940369
0,43,D0:F0:18:43:F8:2F,-76,1597398940875
0,44,D0:F0:18:43:F8:49,-74,1597398941381
0,45,D0:F0:18:43:F8:2F,-93,1597398941885
0,46,D0:F0:18:43:F8:2F,-71,1597398942391
1,47,D0:F0:18:43:F8:49,-68,1597398942392
0,48,D0:F0:18:43:F8:49,-71,1597398942895
0,49,D0:F0:18:43:F8:2F,-76,1597398943401
1,50,D0:F0:18:43:F8:49,-71,1597398943403
0,51,D0:F0:18:43:F8:2F,-70,1597398943907
1,52,D0:F0:18:43:F8:49,-75,1597398943909
0,53,D0:F0:18:43:F8:2F,-76,1597398944917
1,54,D0:F0:18:43:F8:49,-75,1597398944919
0,55,D0:F0:18:43:F8:49,-71,1597398945422
0,56,D0:F0:18:43:F8:2F,-92,1597398945928
0,57,D0:F0:18:43:F8:2F,-71,1597398946432
0,58,D0:F0:18:43:F8:49,-71,1597398946937
0,59,D0:F0:18:43:F8:2F,-76,1597398947948
1,60,D0:F0:18:43:F8:49,-75,1597398947949
0,61,D0:F0:18:43:F8:49,-68,1597398948452
0,62,D0:F0:18:43:F8:2F,-91,1597398948958
1,63,D0:F0:18:43:F8:49,-74,1597398948960
0,64,D0:F0:18:43:F8:2F,-76,1597398949464
1,65,D0:F0:18:43:F8:49,-71,1597398949465
0,66,D0:F0:18:43:F8:2F,-71,1597398949969
1,67,D0:F0:18:43:F8:49,-68,1597398949971
0,68,D0:F0:18:43:F8:49,-71,1597398950474
0,69,D0:F0:18:43:F8:2F,-76,1597398950979
0,70,D0:F0:18:43:F8:49,-68,1597398951484
0,71,D0:F0:18:43:F8:2F,-71,1597398951989
0,72,D0:F0:18:43:F8:49,-71,1597398952494
0,73,D0:F0:18:43:F8:2F,-77,1597398952999
0,74,D0:F0:18:43:F8:2F,-71,1597398953504
1,75,D0:F0:18:43:F8:49,-71,1597398953506
0,76,D0:F0:18:43:F8:2F,-91,1597398954010
1,77,D0:F0:18:43:F8:49,-74,1597398954012
0,78,D0:F0:18:43:F8:2F,-77,1597398954516
1,79,D0:F0:18:43:F8:49,-71,1597398954518
0,0,D0:F0:18:43:F8:2F,-79,1597398966656
1,1,D0:F0:18:43:F8:49,-55,1597398966658
0,2,D0:F0:18:43:F8:49,-57,1597398967161
0,3,D0:F0:18:43:F8:2F,-88,1597398967667
1,4,D0:F0:18:43:F8:49,-57,1597398967669
0,5,D0:F0:18:43:F8:49,-56,1597398968173
0,6,D0:F0:18:43:F8:49,-58,1597398968678
0,7,D0:F0:18:43:F8:49,-58,1597398969184
0,8,D0:F0:18:43:F8:2F,-78,1597398969688
0,9,D0:F0:18:43:F8:2F,-77,1597398970196
1,10,D0:F0:18:43:F8:49,-54,1597398970197
0,11,D0:F0:18:43:F8:2F,-78,1597398970701
1,12,D0:F0:18:43:F8:49,-58,1597398970703
0,13,D0:F0:18:43:F8:49,-54,1597398971207
0,14,D0:F0:18:43:F8:49,-56,1597398971712
0,15,D0:F0:18:43:F8:2F,-80,1597398972215
1,16,D0:F0:18:43:F8:49,-58,1597398972216
0,17,D0:F0:18:43:F8:2F,-79,1597398972721
1,18,D0:F0:18:43:F8:49,-54,1597398972723
0,19,D0:F0:18:43:F8:2F,-97,1597398973228
1,20,D0:F0:18:43:F8:49,-57,1597398973229
0,21,D0:F0:18:43:F8:2F,-80,1597398973733
1,22,D0:F0:18:43:F8:49,-57,1597398973734
0,23,D0:F0:18:43:F8:2F,-88,1597398974238
1,24,D0:F0:18:43:F8:49,-54,1597398974240
0,25,D0:F0:18:43:F8:2F,-82,1597398974743
1,26,D0:F0:18:43:F8:49,-55,1597398974745
0,27,D0:F0:18:43:F8:2F,-74,1597398975247
1,28,D0:F0:18:43:F8:49,-55,1597398975248
0,29,D0:F0:18:43:F8:2F,-82,1597398975753
1,30,D0:F0:18:43:F8:49,-58,1597398975755
0,31,D0:F0:18:43:F8:2F,-74,1597398976260
1,32,D0:F0:18:43:F8:49,-54,1597398976262
0,33,D0:F0:18:43:F8:49,-56,1597398976764
0,34,D0:F0:18:43:F8:49,-54,1597398977269
0,35,D0:F0:18:43:F8:2F,-74,1597398977775
1,36,D0:F0:18:43:F8:49,-54,1597398977776
0,37,D0:F0:18:43:F8:49,-58,1597398978280
0,38,D0:F0:18:43:F8:2F,-74,1597398979290
1,39,D0:F0:18:43:F8:49,-56,1597398979292
0,40,D0:F0:18:43:F8:2F,-86,1597398979796
1,41,D0:F0:18:43:F8:49,-55,1597398979798
0,42,D0:F0:18:43:F8:2F,-74,1597398980302
1,43,D0:F0:18:43:F8:49,-56,1597398980304
0,44,D0:F0:18:43:F8:2F,-85,1597398980808
1,45,D0:F0:18:43:F8:49,-56,1597398980810
0,46,D0:F0:18:43:F8:49,-56,1597398981312
0,47,D0:F0:18:43:F8:2F,-75,1597398981819
1,48,D0:F0:18:43:F8:49,-56,1597398981820
0,49,D0:F0:18:43:F8:2F,-77,1597398982324
1,50,D0:F0:18:43:F8:49,-51,1597398982326
0,51,D0:F0:18:43:F8:49,-56,1597398982830
0,52,D0:F0:18:43:F8:2F,-85,1597398983336
1,53,D0:F0:18:43:F8:49,-57,1597398983338
0,54,D0:F0:18:43:F8:49,-56,1597398983842
0,55,D0:F0:18:43:F8:2F,-76,1597398984348
1,56,D0:F0:18:43:F8:49,-56,1597398984350
0,57,D0:F0:18:43:F8:49,-51,1597398984854
0,58,D0:F0:18:43:F8:2F,-79,1597398985359
1,59,D0:F0:18:43:F8:49,-56,1597398985361
0,60,D0:F0:18:43:F8:2F,-76,1597398985864
1,61,D0:F0:18:43:F8:49,-58,1597398985866
0,62,D0:F0:18:43:F8:2F,-76,1597398986370
1,63,D0:F0:18:43:F8:49,-51,1597398986371
0,64,D0:F0:18:43:F8:2F,-76,1597398986875
1,65,D0:F0:18:43:F8:49,-56,1597398986877
0,66,D0:F0:18:43:F8:2F,-79,1597398987381
1,67,D0:F0:18:43:F8:49,-51,1597398987382
0,68,D0:F0:18:43:F8:2F,-75,1597398987886
1,69,D0:F0:18:43:F8:49,-56,1597398987888
0,70,D0:F0:18:43:F8:49,-57,1597398988392
0,71,D0:F0:18:43:F8:49,-56,1597398988896
0,72,D0:F0:18:43:F8:2F,-75,1597398989402
1,73,D0:F0:18:43:F8:49,-57,1597398989404
0,74,D0:F0:18:43:F8:2F,-78,1597398989909
1,75,D0:F0:18:43:F8:49,-51,1597398989910
0,76,D0:F0:18:43:F8:2F,-76,1597398990413
1,77,D0:F0:18:43:F8:49,-56,1597398990415
0,78,D0:F0:18:43:F8:2F,-75,1597398990918
0,79,D0:F0:18:43:F8:49,-58,1597398991424
0,0,D0:F0:18:43:F8:2F,-72,1597398999001
1,1,D0:F0:18:43:F8:49,-34,1597398999003
0,2,D0:F0:18:43:F8:2F,-71,1597398999507
1,3,D0:F0:18:43:F8:49,-33,1597398999509
0,4,D0:F0:18:43:F8:2F,-70,1597399000013
1,5,D0:F0:18:43:F8:49,-33,1597399000014
0,6,D0:F0:18:43:F8:49,-33,1597399000518
0,7,D0:F0:18:43:F8:2F,-69,1597399001023
1,8,D0:F0:18:43:F8:49,-33,1597399001025
0,9,D0:F0:18:43:F8:2F,-69,1597399001529
1,10,D0:F0:18:43:F8:49,-33,1597399001531
0,11,D0:F0:18:43:F8:2F,-76,1597399002034
0,12,D0:F0:18:43:F8:2F,-69,1597399002540
1,13,D0:F0:18:43:F8:49,-33,1597399002542
0,14,D0:F0:18:43:F8:2F,-76,1597399003047
1,15,D0:F0:18:43:F8:49,-33,1597399003048
0,16,D0:F0:18:43:F8:2F,-76,1597399003554
1,17,D0:F0:18:43:F8:49,-33,1597399003555
0,18,D0:F0:18:43:F8:2F,-69,1597399004059
1,19,D0:F0:18:43:F8:49,-33,1597399004061
0,20,D0:F0:18:43:F8:2F,-76,1597399004565
1,21,D0:F0:18:43:F8:49,-33,1597399004567
0,22,D0:F0:18:43:F8:2F,-69,1597399005071
1,23,D0:F0:18:43:F8:49,-33,1597399005073
0,24,D0:F0:18:43:F8:49,-33,1597399005576
0,25,D0:F0:18:43:F8:49,-33,1597399006080
0,26,D0:F0:18:43:F8:2F,-76,1597399006586
1,27,D0:F0:18:43:F8:49,-33,1597399006587
0,28,D0:F0:18:43:F8:49,-33,1597399007091
0,29,D0:F0:18:43:F8:2F,-69,1597399007596
1,30,D0:F0:18:43:F8:49,-33,1597399007597
0,31,D0:F0:18:43:F8:2F,-76,1597399008101
1,32,D0:F0:18:43:F8:49,-33,1597399008102
0,33,D0:F0:18:43:F8:2F,-69,1597399008606
1,34,D0:F0:18:43:F8:49,-33,1597399008608
0,35,D0:F0:18:43:F8:2F,-69,1597399009112
1,36,D0:F0:18:43:F8:49,-33,1597399009114
0,37,D0:F0:18:43:F8:49,-33,1597399009618
0,38,D0:F0:18:43:F8:2F,-69,1597399010124
1,39,D0:F0:18:43:F8:49,-33,1597399010126
0,40,D0:F0:18:43:F8:2F,-76,1597399010630
1,41,D0:F0:18:43:F8:49,-33,1597399010632
0,42,D0:F0:18:43:F8:2F,-69,1597399011136
1,43,D0:F0:18:43:F8:49,-33,1597399011138
0,44,D0:F0:18:43:F8:2F,-69,1597399011641
1,45,D0:F0:18:43:F8:49,-33,1597399011643
0,46,D0:F0:18:43:F8:2F,-76,1597399012146
0,47,D0:F0:18:43:F8:2F,-69,1597399012652
1,48,D0:F0:18:43:F8:49,-33,1597399012654
0,49,D0:F0:18:43:F8:2F,-77,1597399013157
0,50,D0:F0:18:43:F8:2F,-76,1597399013662
1,51,D0:F0:18:43:F8:49,-33,1597399013664
0,52,D0:F0:18:43:F8:2F,-69,1597399014168
1,53,D0:F0:18:43:F8:49,-33,1597399014170
0,54,D0:F0:18:43:F8:49,-33,1597399014673
0,55,D0:F0:18:43:F8:2F,-69,1597399015180
1,56,D0:F0:18:43:F8:49,-33,1597399015181
0,57,D0:F0:18:43:F8:2F,-69,1597399015685
1,58,D0:F0:18:43:F8:49,-33,1597399015687
0,59,D0:F0:18:43:F8:49,-33,1597399016190
0,60,D0:F0:18:43:F8:2F,-69,1597399016694
1,61,D0:F0:18:43:F8:49,-33,1597399016696
0,62,D0:F0:18:43:F8:2F,-69,1597399017705
0,63,D0:F0:18:43:F8:2F,-77,1597399018210
1,64,D0:F0:18:43:F8:49,-33,1597399018212
0,65,D0:F0:18:43:F8:2F,-69,1597399018715
0,66,D0:F0:18:43:F8:2F,-69,1597399019221
1,67,D0:F0:18:43:F8:49,-33,1597399019223
0,68,D0:F0:18:43:F8:2F,-69,1597399019727
1,69,D0:F0:18:43:F8:49,-33,1597399019728
0,70,D0:F0:18:43:F8:49,-33,1597399020232
0,71,D0:F0:18:43:F8:2F,-69,1597399020738
1,72,D0:F0:18:43:F8:49,-33,1597399020740
0,73,D0:F0:18:43:F8:2F,-69,1597399021251
1,74,D0:F0:18:43:F8:49,-33,1597399021253
0,75,D0:F0:18:43:F8:2F,-77,1597399021757
1,76,D0:F0:18:43:F8:49,-33,1597399021759
0,77,D0:F0:18:43:F8:2F,-69,1597399022262
1,78,D0:F0:18:43:F8:49,-33,1597399022264
0,79,D0:F0:18:43:F8:2F,-69,1597399022768
