0,0,0,D0:F0:18:43:F8:33,-101,1599812855649
0,1,1,D0:F0:18:43:F8:2F,-98,1599812855663
0,0,2,D0:F0:18:43:F8:2F,-100,1599812856156
0,0,3,D0:F0:18:43:F8:2F,-101,1599812856663
0,0,4,D0:F0:18:43:F8:2F,-96,1599812857169
0,0,5,D0:F0:18:43:F8:33,-101,1599812858182
0,0,6,D0:F0:18:43:F8:2F,-102,1599812858688
0,0,7,D0:F0:18:43:F8:2F,-102,1599812859195
0,0,8,D0:F0:18:43:F8:33,-102,1599812859702
0,1,9,D0:F0:18:43:F8:2F,-95,1599812859712
0,0,10,D0:F0:18:43:F8:2F,-95,1599812860208
0,0,11,D0:F0:18:43:F8:33,-99,1599812860715
0,0,12,D0:F0:18:43:F8:33,-100,1599812862233
0,0,13,D0:F0:18:43:F8:33,-101,1599812862741
0,1,14,D0:F0:18:43:F8:2F,-100,1599812862752
0,0,15,D0:F0:18:43:F8:33,-101,1599812863753
0,0,16,D0:F0:18:43:F8:2F,-99,1599812864261
0,0,17,D0:F0:18:43:F8:33,-99,1599812864767
0,0,18,D0:F0:18:43:F8:33,-100,1599812865273
0,1,19,D0:F0:18:43:F8:2F,-101,1599812865285
0,0,20,D0:F0:18:43:F8:33,-101,1599812865798
0,1,21,D0:F0:18:43:F8:2F,-99,1599812865812
0,0,22,D0:F0:18:43:F8:33,-103,1599812866303
0,0,23,D0:F0:18:43:F8:33,-103,1599812867314
0,0,24,D0:F0:18:43:F8:2F,-103,1599812867821
0,0,25,D0:F0:18:43:F8:33,-100,1599812868327
0,0,26,D0:F0:18:43:F8:33,-100,1599812869339
0,0,27,D0:F0:18:43:F8:2F,-100,1599812869845
0,0,28,D0:F0:18:43:F8:33,-100,1599812870352
0,0,29,D0:F0:18:43:F8:33,-100,1599812870856
0,0,30,D0:F0:18:43:F8:33,-99,1599812871869
0,0,31,D0:F0:18:43:F8:33,-99,1599812873388
0,0,32,D0:F0:18:43:F8:2F,-102,1599812874401
0,0,33,D0:F0:18:43:F8:33,-100,1599812874907
0,1,34,D0:F0:18:43:F8:2F,-97,1599812874918
0,0,35,D0:F0:18:43:F8:2F,-101,1599812875413
0,0,36,D0:F0:18:43:F8:33,-99,1599812876425
0,1,37,D0:F0:18:43:F8:2F,-97,1599812876437
0,0,38,D0:F0:18:43:F8:2F,-96,1599812878955
0,0,39,D0:F0:18:43:F8:2F,-96,1599812879462
0,0,40,D0:F0:18:43:F8:33,-100,1599812879969
0,0,41,D0:F0:18:43:F8:2F,-97,1599812880982
0,0,42,D0:F0:18:43:F8:33,-101,1599812881489
0,1,43,D0:F0:18:43:F8:2F,-96,1599812881501
0,0,44,D0:F0:18:43:F8:2F,-96,1599812882501
0,0,45,D0:F0:18:43:F8:2F,-96,1599812883514
0,0,46,D0:F0:18:43:F8:2F,-96,1599812884525
0,0,47,D0:F0:18:43:F8:33,-100,1599812886043
0,1,48,D0:F0:18:43:F8:2F,-96,1599812886055
0,0,49,D0:F0:18:43:F8:2F,-96,1599812886552
0,0,50,D0:F0:18:43:F8:2F,-96,1599812888071
0,0,51,D0:F0:18:43:F8:33,-99,1599812888578
0,0,52,D0:F0:18:43:F8:2F,-96,1599812889084
0,0,53,D0:F0:18:43:F8:33,-100,1599812890095
0,0,54,D0:F0:18:43:F8:33,-97,1599812891614
0,1,55,D0:F0:18:43:F8:2F,-97,1599812891625
0,0,56,D0:F0:18:43:F8:33,-99,1599812892626
0,0,57,D0:F0:18:43:F8:2F,-97,1599812893133
0,0,58,D0:F0:18:43:F8:33,-101,1599812894147
0,1,59,D0:F0:18:43:F8:49,-103,1599812894158
0,0,60,D0:F0:18:43:F8:2F,-96,1599812894653
0,0,61,D0:F0:18:43:F8:33,-100,1599812895160
0,0,62,D0:F0:18:43:F8:2F,-96,1599812895666
0,0,63,D0:F0:18:43:F8:33,-100,1599812896677
0,0,64,D0:F0:18:43:F8:33,-100,1599812897689
0,1,65,D0:F0:18:43:F8:2F,-100,1599812897699
0,0,66,D0:F0:18:43:F8:33,-102,1599812898196
0,0,67,D0:F0:18:43:F8:33,-100,1599812899208
0,1,68,D0:F0:18:43:F8:2F,-97,1599812899219
0,0,69,D0:F0:18:43:F8:33,-102,1599812899715
0,0,70,D0:F0:18:43:F8:2F,-101,1599812900220
0,0,71,D0:F0:18:43:F8:2F,-100,1599812901739
0,0,72,D0:F0:18:43:F8:2F,-97,1599812903259
0,0,73,D0:F0:18:43:F8:33,-101,1599812904271
0,0,74,D0:F0:18:43:F8:2F,-101,1599812904778
0,0,75,D0:F0:18:43:F8:33,-100,1599812905285
0,1,76,D0:F0:18:43:F8:2F,-101,1599812905297
0,0,77,D0:F0:18:43:F8:2F,-96,1599812905792
0,0,78,D0:F0:18:43:F8:33,-97,1599812906804
0,1,79,D0:F0:18:43:F8:2F,-101,1599812906814
0,0,80,D0:F0:18:43:F8:33,-99,1599812907816
0,1,81,D0:F0:18:43:F8:2F,-100,1599812907829
0,0,82,D0:F0:18:43:F8:33,-98,1599812909335
0,1,83,D0:F0:18:43:F8:2F,-97,1599812909349
0,0,84,D0:F0:18:43:F8:2F,-97,1599812910855
0,0,85,D0:F0:18:43:F8:33,-99,1599812911360
0,0,86,D0:F0:18:43:F8:33,-99,1599812911870
0,0,87,D0:F0:18:43:F8:33,-99,1599812912885
0,1,88,D0:F0:18:43:F8:2F,-99,1599812912897
0,0,89,D0:F0:18:43:F8:33,-99,1599812913391
0,1,90,D0:F0:18:43:F8:2F,-94,1599812913403
0,0,91,D0:F0:18:43:F8:33,-99,1599812913898
0,1,92,D0:F0:18:43:F8:2F,-100,1599812913909
0,0,93,D0:F0:18:43:F8:33,-99,1599812914403
0,0,94,D0:F0:18:43:F8:33,-99,1599812915414
0,0,95,D0:F0:18:43:F8:2F,-100,1599812915920
0,0,96,D0:F0:18:43:F8:2F,-97,1599812916427
0,0,97,D0:F0:18:43:F8:33,-99,1599812916934
0,1,98,D0:F0:18:43:F8:2F,-99,1599812916945
0,0,99,D0:F0:18:43:F8:2F,-100,1599812917440
0,0,100,D0:F0:18:43:F8:2F,-98,1599812917946
0,0,101,D0:F0:18:43:F8:33,-100,1599812918451
0,0,102,D0:F0:18:43:F8:2F,-97,1599812918957
0,0,103,D0:F0:18:43:F8:33,-100,1599812919465
0,1,104,D0:F0:18:43:F8:2F,-98,1599812919474
0,0,105,D0:F0:18:43:F8:2F,-100,1599812919971
0,0,106,D0:F0:18:43:F8:2F,-97,1599812920477
0,0,107,D0:F0:18:43:F8:33,-99,1599812920983
0,0,108,D0:F0:18:43:F8:2F,-100,1599812921489
0,0,109,D0:F0:18:43:F8:2F,-98,1599812921996
0,0,110,D0:F0:18:43:F8:2F,-100,1599812922502
0,0,111,D0:F0:18:43:F8:2F,-100,1599812923009
0,0,112,D0:F0:18:43:F8:33,-100,1599812923516
0,1,113,D0:F0:18:43:F8:2F,-98,1599812923526
0,0,114,D0:F0:18:43:F8:2F,-97,1599812924528
0,0,115,D0:F0:18:43:F8:33,-98,1599812925542
0,0,116,D0:F0:18:43:F8:2F,-102,1599812926047
0,0,117,D0:F0:18:43:F8:33,-98,1599812926553
0,0,118,D0:F0:18:43:F8:33,-99,1599812927566
0,0,119,D0:F0:18:43:F8:2F,-97,1599812928075
1,0,0,D0:F0:18:43:F8:33,-99,1599812951867
1,0,1,D0:F0:18:43:F8:49,-99,1599812952374
1,0,2,D0:F0:18:43:F8:33,-101,1599812952879
1,1,3,D0:F0:18:43:F8:2F,-96,1599812952883
1,0,4,D0:F0:18:43:F8:49,-100,1599812953385
1,0,5,D0:F0:18:43:F8:2F,-98,1599812953891
1,0,6,D0:F0:18:43:F8:33,-100,1599812954397
1,1,7,D0:F0:18:43:F8:2F,-99,1599812954406
1,0,8,D0:F0:18:43:F8:33,-102,1599812955407
1,1,9,D0:F0:18:43:F8:2F,-98,1599812955418
1,0,10,D0:F0:18:43:F8:33,-99,1599812955913
1,1,11,D0:F0:18:43:F8:2F,-98,1599812955920
1,0,12,D0:F0:18:43:F8:2F,-96,1599812956420
1,0,13,D0:F0:18:43:F8:2F,-96,1599812956923
1,0,14,D0:F0:18:43:F8:33,-102,1599812957430
1,1,15,D0:F0:18:43:F8:2F,-98,1599812957439
1,2,16,D0:F0:18:43:F8:49,-102,1599812957442
1,0,17,D0:F0:18:43:F8:33,-99,1599812957936
1,1,18,D0:F0:18:43:F8:2F,-98,1599812957942
1,0,19,D0:F0:18:43:F8:2F,-98,1599812958442
1,0,20,D0:F0:18:43:F8:2F,-99,1599812958944
1,0,21,D0:F0:18:43:F8:33,-99,1599812959451
1,1,22,D0:F0:18:43:F8:2F,-97,1599812959460
1,0,23,D0:F0:18:43:F8:2F,-99,1599812959957
1,0,24,D0:F0:18:43:F8:2F,-97,1599812960462
1,1,25,D0:F0:18:43:F8:49,-99,1599812960470
1,0,26,D0:F0:18:43:F8:33,-103,1599812960965
1,1,27,D0:F0:18:43:F8:2F,-98,1599812960968
1,0,28,D0:F0:18:43:F8:2F,-99,1599812961471
1,0,29,D0:F0:18:43:F8:2F,-95,1599812961978
1,0,30,D0:F0:18:43:F8:33,-100,1599812962483
1,1,31,D0:F0:18:43:F8:2F,-100,1599812962489
1,0,32,D0:F0:18:43:F8:2F,-96,1599812962986
1,1,33,D0:F0:18:43:F8:49,-100,1599812962988
1,0,34,D0:F0:18:43:F8:2F,-97,1599812963491
1,0,35,D0:F0:18:43:F8:33,-103,1599812963999
1,1,36,D0:F0:18:43:F8:49,-101,1599812964005
1,0,37,D0:F0:18:43:F8:33,-99,1599812964505
1,1,38,D0:F0:18:43:F8:2F,-97,1599812964512
1,0,39,D0:F0:18:43:F8:33,-102,1599812965010
1,1,40,D0:F0:18:43:F8:2F,-97,1599812965014
1,0,41,D0:F0:18:43:F8:49,-102,1599812965516
1,0,42,D0:F0:18:43:F8:2F,-96,1599812966026
1,0,43,D0:F0:18:43:F8:33,-101,1599812966530
1,1,44,D0:F0:18:43:F8:2F,-97,1599812966536
1,0,45,D0:F0:18:43:F8:2F,-97,1599812967034
1,0,46,D0:F0:18:43:F8:2F,-97,1599812967543
1,1,47,D0:F0:18:43:F8:49,-99,1599812967551
1,0,48,D0:F0:18:43:F8:2F,-97,1599812968049
1,0,49,D0:F0:18:43:F8:2F,-97,1599812968555
1,1,50,D0:F0:18:43:F8:49,-101,1599812968560
1,0,51,D0:F0:18:43:F8:2F,-98,1599812969061
1,0,52,D0:F0:18:43:F8:2F,-97,1599812969567
1,0,53,D0:F0:18:43:F8:33,-102,1599812970072
1,1,54,D0:F0:18:43:F8:2F,-97,1599812970081
1,0,55,D0:F0:18:43:F8:2F,-96,1599812970577
1,0,56,D0:F0:18:43:F8:33,-102,1599812971079
1,1,57,D0:F0:18:43:F8:2F,-97,1599812971082
1,0,58,D0:F0:18:43:F8:33,-100,1599812971584
1,1,59,D0:F0:18:43:F8:2F,-96,1599812971588
1,2,60,D0:F0:18:43:F8:49,-98,1599812971591
1,0,61,D0:F0:18:43:F8:2F,-101,1599812972091
1,0,62,D0:F0:18:43:F8:2F,-98,1599812972598
1,0,63,D0:F0:18:43:F8:33,-100,1599812973100
1,1,64,D0:F0:18:43:F8:2F,-98,1599812973102
1,2,65,D0:F0:18:43:F8:49,-99,1599812973104
1,0,66,D0:F0:18:43:F8:2F,-98,1599812973607
1,0,67,D0:F0:18:43:F8:2F,-99,1599812974113
1,0,68,D0:F0:18:43:F8:2F,-95,1599812974619
1,0,69,D0:F0:18:43:F8:2F,-99,1599812975125
1,0,70,D0:F0:18:43:F8:2F,-100,1599812975632
1,0,71,D0:F0:18:43:F8:2F,-97,1599812976138
1,1,72,D0:F0:18:43:F8:49,-99,1599812976143
1,0,73,D0:F0:18:43:F8:33,-102,1599812976645
1,1,74,D0:F0:18:43:F8:2F,-99,1599812976650
1,2,75,D0:F0:18:43:F8:49,-100,1599812976653
1,0,76,D0:F0:18:43:F8:33,-100,1599812977149
1,1,77,D0:F0:18:43:F8:2F,-96,1599812977152
1,0,78,D0:F0:18:43:F8:2F,-98,1599812977656
1,1,79,D0:F0:18:43:F8:49,-99,1599812977661
1,0,80,D0:F0:18:43:F8:33,-99,1599812978162
1,1,81,D0:F0:18:43:F8:2F,-99,1599812978167
1,0,82,D0:F0:18:43:F8:2F,-95,1599812978668
1,0,83,D0:F0:18:43:F8:33,-102,1599812979170
1,0,84,D0:F0:18:43:F8:33,-100,1599812979677
1,1,85,D0:F0:18:43:F8:2F,-97,1599812979682
1,0,86,D0:F0:18:43:F8:2F,-99,1599812980183
1,0,87,D0:F0:18:43:F8:33,-102,1599812980690
1,1,88,D0:F0:18:43:F8:2F,-96,1599812980694
1,0,89,D0:F0:18:43:F8:33,-103,1599812981192
1,1,90,D0:F0:18:43:F8:2F,-98,1599812981194
1,0,91,D0:F0:18:43:F8:33,-101,1599812981699
1,1,92,D0:F0:18:43:F8:2F,-99,1599812981703
1,0,93,D0:F0:18:43:F8:33,-100,1599812982206
1,1,94,D0:F0:18:43:F8:2F,-96,1599812982210
1,0,95,D0:F0:18:43:F8:2F,-99,1599812982712
1,1,96,D0:F0:18:43:F8:49,-99,1599812982716
1,0,97,D0:F0:18:43:F8:33,-102,1599812983213
1,1,98,D0:F0:18:43:F8:2F,-99,1599812983215
1,0,99,D0:F0:18:43:F8:2F,-98,1599812983719
1,1,100,D0:F0:18:43:F8:49,-100,1599812983723
1,0,101,D0:F0:18:43:F8:33,-100,1599812984732
1,1,102,D0:F0:18:43:F8:2F,-96,1599812984737
1,0,103,D0:F0:18:43:F8:2F,-99,1599812985233
1,1,104,D0:F0:18:43:F8:49,-100,1599812985236
1,0,105,D0:F0:18:43:F8:2F,-100,1599812985741
1,0,106,D0:F0:18:43:F8:2F,-97,1599812986248
1,0,107,D0:F0:18:43:F8:49,-100,1599812986753
1,0,108,D0:F0:18:43:F8:2F,-96,1599812987258
1,0,109,D0:F0:18:43:F8:2F,-98,1599812987765
1,0,110,D0:F0:18:43:F8:2F,-100,1599812988271
1,0,111,D0:F0:18:43:F8:33,-100,1599812988777
1,1,112,D0:F0:18:43:F8:2F,-97,1599812988783
1,0,113,D0:F0:18:43:F8:2F,-98,1599812989282
1,1,114,D0:F0:18:43:F8:49,-100,1599812989286
1,0,115,D0:F0:18:43:F8:2F,-99,1599812989789
1,0,116,D0:F0:18:43:F8:2F,-96,1599812990801
1,1,117,D0:F0:18:43:F8:49,-102,1599812990809
1,0,118,D0:F0:18:43:F8:33,-100,1599812991307
1,1,119,D0:F0:18:43:F8:2F,-99,1599812991311
2,0,0,D0:F0:18:43:F8:2F,-97,1599812998384
2,1,1,D0:F0:18:43:F8:49,-98,1599812998386
2,0,2,D0:F0:18:43:F8:33,-99,1599812998890
2,1,3,D0:F0:18:43:F8:49,-96,1599812998894
2,0,4,D0:F0:18:43:F8:2F,-100,1599812999396
2,1,5,D0:F0:18:43:F8:49,-95,1599812999400
2,0,6,D0:F0:18:43:F8:33,-100,1599812999902
2,0,7,D0:F0:18:43:F8:49,-92,1599813000408
2,0,8,D0:F0:18:43:F8:33,-100,1599813001419
2,0,9,D0:F0:18:43:F8:49,-94,1599813001924
2,0,10,D0:F0:18:43:F8:49,-93,1599813002431
2,0,11,D0:F0:18:43:F8:33,-101,1599813003442
2,1,12,D0:F0:18:43:F8:49,-93,1599813003447
2,0,13,D0:F0:18:43:F8:49,-93,1599813003947
2,0,14,D0:F0:18:43:F8:49,-93,1599813004957
2,0,15,D0:F0:18:43:F8:33,-102,1599813005461
2,0,16,D0:F0:18:43:F8:33,-100,1599813005967
2,1,17,D0:F0:18:43:F8:49,-93,1599813005972
2,0,18,D0:F0:18:43:F8:49,-92,1599813006472
2,0,19,D0:F0:18:43:F8:33,-102,1599813006978
2,0,20,D0:F0:18:43:F8:33,-100,1599813007484
2,1,21,D0:F0:18:43:F8:49,-93,1599813007489
2,0,22,D0:F0:18:43:F8:33,-102,1599813007990
2,0,23,D0:F0:18:43:F8:49,-92,1599813008496
2,0,24,D0:F0:18:43:F8:49,-93,1599813009001
2,0,25,D0:F0:18:43:F8:33,-100,1599813010012
2,0,26,D0:F0:18:43:F8:2F,-102,1599813010518
2,0,27,D0:F0:18:43:F8:49,-93,1599813011025
2,0,28,D0:F0:18:43:F8:49,-93,1599813012037
2,0,29,D0:F0:18:43:F8:49,-93,1599813012541
2,0,30,D0:F0:18:43:F8:33,-101,1599813013552
2,1,31,D0:F0:18:43:F8:49,-93,1599813013556
2,0,32,D0:F0:18:43:F8:49,-93,1599813014057
2,0,33,D0:F0:18:43:F8:33,-100,1599813014563
2,0,34,D0:F0:18:43:F8:33,-103,1599813015070
2,1,35,D0:F0:18:43:F8:49,-93,1599813015073
2,0,36,D0:F0:18:43:F8:33,-101,1599813016081
2,1,37,D0:F0:18:43:F8:49,-93,1599813016085
2,0,38,D0:F0:18:43:F8:49,-93,1599813016586
2,0,39,D0:F0:18:43:F8:33,-102,1599813017091
2,0,40,D0:F0:18:43:F8:49,-93,1599813017597
2,0,41,D0:F0:18:43:F8:33,-100,1599813018607
2,0,42,D0:F0:18:43:F8:33,-102,1599813019619
2,1,43,D0:F0:18:43:F8:49,-94,1599813019623
2,0,44,D0:F0:18:43:F8:33,-104,1599813021135
2,1,45,D0:F0:18:43:F8:49,-93,1599813021138
2,0,46,D0:F0:18:43:F8:2F,-102,1599813021640
2,0,47,D0:F0:18:43:F8:33,-101,1599813024673
2,0,48,D0:F0:18:43:F8:33,-100,1599813025179
2,0,49,D0:F0:18:43:F8:2F,-101,1599813026190
2,0,50,D0:F0:18:43:F8:49,-93,1599813027200
2,0,51,D0:F0:18:43:F8:33,-103,1599813027706
2,0,52,D0:F0:18:43:F8:2F,-99,1599813028718
2,1,53,D0:F0:18:43:F8:49,-93,1599813028722
2,0,54,D0:F0:18:43:F8:49,-98,1599813029223
2,0,55,D0:F0:18:43:F8:49,-95,1599813029731
2,0,56,D0:F0:18:43:F8:33,-98,1599813031249
2,1,57,D0:F0:18:43:F8:49,-93,1599813031253
2,0,58,D0:F0:18:43:F8:33,-102,1599813032259
2,0,59,D0:F0:18:43:F8:49,-92,1599813032766
2,0,60,D0:F0:18:43:F8:49,-100,1599813033271
2,0,61,D0:F0:18:43:F8:33,-98,1599813033776
2,1,62,D0:F0:18:43:F8:49,-92,1599813033779
2,0,63,D0:F0:18:43:F8:33,-102,1599813034281
2,1,64,D0:F0:18:43:F8:49,-102,1599813034284
2,0,65,D0:F0:18:43:F8:33,-100,1599813034787
2,0,66,D0:F0:18:43:F8:33,-101,1599813035293
2,1,67,D0:F0:18:43:F8:49,-91,1599813035297
2,0,68,D0:F0:18:43:F8:49,-93,1599813036304
2,0,69,D0:F0:18:43:F8:33,-97,1599813037314
2,0,70,D0:F0:18:43:F8:33,-98,1599813038324
2,1,71,D0:F0:18:43:F8:49,-92,1599813038327
2,0,72,D0:F0:18:43:F8:33,-101,1599813038831
2,0,73,D0:F0:18:43:F8:33,-99,1599813039336
2,0,74,D0:F0:18:43:F8:49,-93,1599813039842
2,0,75,D0:F0:18:43:F8:33,-98,1599813040346
2,0,76,D0:F0:18:43:F8:33,-98,1599813040852
2,1,77,D0:F0:18:43:F8:49,-92,1599813040855
2,0,78,D0:F0:18:43:F8:33,-101,1599813041357
2,0,79,D0:F0:18:43:F8:33,-99,1599813041862
2,0,80,D0:F0:18:43:F8:33,-101,1599813042367
2,1,81,D0:F0:18:43:F8:49,-91,1599813042370
2,0,82,D0:F0:18:43:F8:33,-101,1599813042873
2,0,83,D0:F0:18:43:F8:33,-99,1599813043378
2,0,84,D0:F0:18:43:F8:49,-91,1599813043883
2,0,85,D0:F0:18:43:F8:33,-102,1599813044388
2,0,86,D0:F0:18:43:F8:33,-102,1599813044893
2,1,87,D0:F0:18:43:F8:49,-91,1599813044896
2,0,88,D0:F0:18:43:F8:33,-99,1599813045398
2,0,89,D0:F0:18:43:F8:33,-102,1599813045903
2,0,90,D0:F0:18:43:F8:33,-101,1599813046410
2,1,91,D0:F0:18:43:F8:49,-92,1599813046413
2,0,92,D0:F0:18:43:F8:49,-91,1599813047420
2,0,93,D0:F0:18:43:F8:33,-99,1599813047924
2,0,94,D0:F0:18:43:F8:33,-100,1599813048936
2,1,95,D0:F0:18:43:F8:49,-91,1599813048939
2,0,96,D0:F0:18:43:F8:33,-98,1599813049442
2,0,97,D0:F0:18:43:F8:33,-98,1599813049948
2,0,98,D0:F0:18:43:F8:33,-99,1599813050453
2,0,99,D0:F0:18:43:F8:33,-98,1599813050959
2,1,100,D0:F0:18:43:F8:49,-91,1599813050962
2,0,101,D0:F0:18:43:F8:33,-101,1599813051465
2,0,102,D0:F0:18:43:F8:33,-98,1599813051972
2,1,103,D0:F0:18:43:F8:49,-91,1599813051974
2,0,104,D0:F0:18:43:F8:33,-98,1599813052477
2,1,105,D0:F0:18:43:F8:49,-91,1599813052480
2,0,106,D0:F0:18:43:F8:33,-101,1599813052983
2,0,107,D0:F0:18:43:F8:33,-99,1599813053490
2,1,108,D0:F0:18:43:F8:49,-91,1599813053492
2,0,109,D0:F0:18:43:F8:33,-102,1599813053995
2,1,110,D0:F0:18:43:F8:49,-91,1599813053999
2,0,111,D0:F0:18:43:F8:33,-98,1599813054500
2,0,112,D0:F0:18:43:F8:33,-101,1599813056017
2,0,113,D0:F0:18:43:F8:2F,-100,1599813056521
2,1,114,D0:F0:18:43:F8:49,-91,1599813056525
2,0,115,D0:F0:18:43:F8:33,-98,1599813057027
2,0,116,D0:F0:18:43:F8:49,-93,1599813057532
2,0,117,D0:F0:18:43:F8:33,-100,1599813058038
2,1,118,D0:F0:18:43:F8:2F,-100,1599813058041
2,2,119,D0:F0:18:43:F8:49,-100,1599813058043
3,0,0,D0:F0:18:43:F8:49,-92,1599813064610
3,0,1,D0:F0:18:43:F8:2F,-99,1599813065116
3,1,2,D0:F0:18:43:F8:49,-89,1599813065119
3,0,3,D0:F0:18:43:F8:2F,-96,1599813065622
3,1,4,D0:F0:18:43:F8:49,-82,1599813065625
3,0,5,D0:F0:18:43:F8:33,-102,1599813066128
3,1,6,D0:F0:18:43:F8:49,-98,1599813066131
3,0,7,D0:F0:18:43:F8:49,-92,1599813066633
3,0,8,D0:F0:18:43:F8:2F,-96,1599813067139
3,1,9,D0:F0:18:43:F8:49,-82,1599813067142
3,0,10,D0:F0:18:43:F8:33,-102,1599813067647
3,1,11,D0:F0:18:43:F8:2F,-101,1599813067649
3,2,12,D0:F0:18:43:F8:49,-94,1599813067651
3,0,13,D0:F0:18:43:F8:2F,-97,1599813068151
3,1,14,D0:F0:18:43:F8:49,-84,1599813068154
3,0,15,D0:F0:18:43:F8:49,-84,1599813068657
3,0,16,D0:F0:18:43:F8:49,-83,1599813069162
3,0,17,D0:F0:18:43:F8:2F,-98,1599813069669
3,1,18,D0:F0:18:43:F8:49,-95,1599813069672
3,0,19,D0:F0:18:43:F8:2F,-98,1599813070679
3,1,20,D0:F0:18:43:F8:49,-96,1599813070682
3,0,21,D0:F0:18:43:F8:49,-94,1599813071185
3,0,22,D0:F0:18:43:F8:49,-83,1599813071692
3,0,23,D0:F0:18:43:F8:2F,-96,1599813072200
3,1,24,D0:F0:18:43:F8:49,-97,1599813072203
3,0,25,D0:F0:18:43:F8:49,-97,1599813072705
3,0,26,D0:F0:18:43:F8:49,-96,1599813073211
3,0,27,D0:F0:18:43:F8:2F,-99,1599813073717
3,1,28,D0:F0:18:43:F8:49,-93,1599813073720
3,0,29,D0:F0:18:43:F8:2F,-97,1599813074223
3,1,30,D0:F0:18:43:F8:49,-95,1599813074226
3,0,31,D0:F0:18:43:F8:49,-93,1599813074729
3,0,32,D0:F0:18:43:F8:2F,-100,1599813075234
3,1,33,D0:F0:18:43:F8:49,-83,1599813075238
3,0,34,D0:F0:18:43:F8:2F,-97,1599813075740
3,0,35,D0:F0:18:43:F8:49,-84,1599813076246
3,0,36,D0:F0:18:43:F8:49,-84,1599813076751
3,0,37,D0:F0:18:43:F8:33,-103,1599813077257
3,1,38,D0:F0:18:43:F8:2F,-97,1599813077260
3,2,39,D0:F0:18:43:F8:49,-94,1599813077262
3,0,40,D0:F0:18:43:F8:2F,-98,1599813077763
3,1,41,D0:F0:18:43:F8:49,-83,1599813077766
3,0,42,D0:F0:18:43:F8:2F,-97,1599813078269
3,1,43,D0:F0:18:43:F8:49,-95,1599813078272
3,0,44,D0:F0:18:43:F8:2F,-97,1599813078776
3,1,45,D0:F0:18:43:F8:49,-97,1599813078779
3,0,46,D0:F0:18:43:F8:2F,-96,1599813079281
3,1,47,D0:F0:18:43:F8:49,-84,1599813079284
3,0,48,D0:F0:18:43:F8:2F,-101,1599813079788
3,1,49,D0:F0:18:43:F8:49,-95,1599813079791
3,0,50,D0:F0:18:43:F8:2F,-96,1599813080294
3,0,51,D0:F0:18:43:F8:2F,-96,1599813080799
3,1,52,D0:F0:18:43:F8:49,-84,1599813080802
3,0,53,D0:F0:18:43:F8:2F,-101,1599813081302
3,1,54,D0:F0:18:43:F8:49,-94,1599813081304
3,0,55,D0:F0:18:43:F8:49,-84,1599813081809
3,0,56,D0:F0:18:43:F8:2F,-96,1599813082821
3,1,57,D0:F0:18:43:F8:49,-96,1599813082825
3,0,58,D0:F0:18:43:F8:49,-83,1599813083833
3,0,59,D0:F0:18:43:F8:49,-95,1599813084844
3,0,60,D0:F0:18:43:F8:2F,-97,1599813085351
3,1,61,D0:F0:18:43:F8:49,-93,1599813085354
3,0,62,D0:F0:18:43:F8:49,-84,1599813085858
3,0,63,D0:F0:18:43:F8:2F,-97,1599813086364
3,1,64,D0:F0:18:43:F8:49,-84,1599813086367
3,0,65,D0:F0:18:43:F8:2F,-97,1599813086870
3,1,66,D0:F0:18:43:F8:49,-84,1599813086873
3,0,67,D0:F0:18:43:F8:49,-93,1599813087376
3,0,68,D0:F0:18:43:F8:2F,-98,1599813087882
3,1,69,D0:F0:18:43:F8:49,-84,1599813087885
3,0,70,D0:F0:18:43:F8:2F,-99,1599813088893
3,1,71,D0:F0:18:43:F8:49,-95,1599813088896
3,0,72,D0:F0:18:43:F8:33,-102,1599813089399
3,1,73,D0:F0:18:43:F8:2F,-96,1599813089402
3,2,74,D0:F0:18:43:F8:49,-83,1599813089404
3,0,75,D0:F0:18:43:F8:49,-98,1599813089905
3,0,76,D0:F0:18:43:F8:49,-83,1599813090410
3,0,77,D0:F0:18:43:F8:2F,-97,1599813090916
3,1,78,D0:F0:18:43:F8:49,-97,1599813090919
3,0,79,D0:F0:18:43:F8:49,-98,1599813091422
3,0,80,D0:F0:18:43:F8:2F,-97,1599813091927
3,1,81,D0:F0:18:43:F8:49,-83,1599813091930
3,0,82,D0:F0:18:43:F8:2F,-98,1599813092938
3,1,83,D0:F0:18:43:F8:49,-83,1599813092942
3,0,84,D0:F0:18:43:F8:2F,-96,1599813093444
3,1,85,D0:F0:18:43:F8:49,-84,1599813093447
3,0,86,D0:F0:18:43:F8:49,-97,1599813093950
3,0,87,D0:F0:18:43:F8:2F,-98,1599813094456
3,1,88,D0:F0:18:43:F8:49,-84,1599813094459
3,0,89,D0:F0:18:43:F8:49,-83,1599813095468
3,0,90,D0:F0:18:43:F8:2F,-97,1599813095974
3,1,91,D0:F0:18:43:F8:49,-83,1599813095977
3,0,92,D0:F0:18:43:F8:49,-96,1599813096481
3,0,93,D0:F0:18:43:F8:49,-98,1599813097493
3,0,94,D0:F0:18:43:F8:2F,-97,1599813098000
3,1,95,D0:F0:18:43:F8:49,-84,1599813098003
3,0,96,D0:F0:18:43:F8:49,-96,1599813098506
3,0,97,D0:F0:18:43:F8:49,-95,1599813099011
3,0,98,D0:F0:18:43:F8:2F,-97,1599813099518
3,1,99,D0:F0:18:43:F8:49,-85,1599813099520
3,0,100,D0:F0:18:43:F8:49,-96,1599813100022
3,0,101,D0:F0:18:43:F8:49,-85,1599813100528
3,0,102,D0:F0:18:43:F8:2F,-96,1599813101033
3,1,103,D0:F0:18:43:F8:49,-84,1599813101037
3,0,104,D0:F0:18:43:F8:2F,-97,1599813101540
3,1,105,D0:F0:18:43:F8:49,-92,1599813101545
3,0,106,D0:F0:18:43:F8:49,-84,1599813102046
3,0,107,D0:F0:18:43:F8:49,-94,1599813102552
3,0,108,D0:F0:18:43:F8:49,-84,1599813103058
3,0,109,D0:F0:18:43:F8:49,-84,1599813103564
3,0,110,D0:F0:18:43:F8:49,-96,1599813104070
3,0,111,D0:F0:18:43:F8:49,-85,1599813104573
3,0,112,D0:F0:18:43:F8:49,-99,1599813105080
3,0,113,D0:F0:18:43:F8:2F,-99,1599813105586
3,1,114,D0:F0:18:43:F8:49,-84,1599813105589
3,0,115,D0:F0:18:43:F8:49,-84,1599813106092
3,0,116,D0:F0:18:43:F8:49,-100,1599813106598
3,0,117,D0:F0:18:43:F8:49,-100,1599813107608
3,0,118,D0:F0:18:43:F8:49,-96,1599813108114
3,0,119,D0:F0:18:43:F8:49,-84,1599813108619
4,0,0,D0:F0:18:43:F8:33,-99,1599813115194
4,1,1,D0:F0:18:43:F8:2F,-101,1599813115197
4,2,2,D0:F0:18:43:F8:49,-42,1599813115200
4,0,3,D0:F0:18:43:F8:33,-99,1599813115699
4,1,4,D0:F0:18:43:F8:2F,-94,1599813115702
4,2,5,D0:F0:18:43:F8:49,-44,1599813115704
4,0,6,D0:F0:18:43:F8:33,-97,1599813116205
4,1,7,D0:F0:18:43:F8:2F,-97,1599813116208
4,2,8,D0:F0:18:43:F8:49,-44,1599813116210
4,0,9,D0:F0:18:43:F8:33,-101,1599813116711
4,1,10,D0:F0:18:43:F8:49,-43,1599813116714
4,0,11,D0:F0:18:43:F8:33,-97,1599813117217
4,1,12,D0:F0:18:43:F8:2F,-101,1599813117220
4,2,13,D0:F0:18:43:F8:49,-44,1599813117221
4,0,14,D0:F0:18:43:F8:2F,-92,1599813117723
4,1,15,D0:F0:18:43:F8:49,-42,1599813117725
4,0,16,D0:F0:18:43:F8:2F,-96,1599813118229
4,1,17,D0:F0:18:43:F8:49,-43,1599813118232
4,0,18,D0:F0:18:43:F8:33,-96,1599813118736
4,1,19,D0:F0:18:43:F8:49,-44,1599813118739
4,0,20,D0:F0:18:43:F8:33,-95,1599813119241
4,1,21,D0:F0:18:43:F8:2F,-92,1599813119244
4,2,22,D0:F0:18:43:F8:49,-42,1599813119246
4,0,23,D0:F0:18:43:F8:33,-102,1599813119748
4,1,24,D0:F0:18:43:F8:2F,-97,1599813119750
4,2,25,D0:F0:18:43:F8:49,-44,1599813119752
4,0,26,D0:F0:18:43:F8:33,-94,1599813120254
4,1,27,D0:F0:18:43:F8:49,-44,1599813120256
4,0,28,D0:F0:18:43:F8:2F,-96,1599813120759
4,1,29,D0:F0:18:43:F8:49,-43,1599813120762
4,0,30,D0:F0:18:43:F8:49,-44,1599813121265
4,0,31,D0:F0:18:43:F8:33,-96,1599813121772
4,1,32,D0:F0:18:43:F8:2F,-92,1599813121776
4,2,33,D0:F0:18:43:F8:49,-42,1599813121779
4,0,34,D0:F0:18:43:F8:49,-44,1599813122278
4,0,35,D0:F0:18:43:F8:33,-96,1599813122784
4,1,36,D0:F0:18:43:F8:2F,-92,1599813122787
4,0,37,D0:F0:18:43:F8:2F,-96,1599813123290
4,1,38,D0:F0:18:43:F8:49,-44,1599813123292
4,0,39,D0:F0:18:43:F8:2F,-92,1599813123796
4,1,40,D0:F0:18:43:F8:49,-42,1599813123798
4,0,41,D0:F0:18:43:F8:2F,-97,1599813124301
4,0,42,D0:F0:18:43:F8:33,-96,1599813124806
4,1,43,D0:F0:18:43:F8:49,-44,1599813124809
4,0,44,D0:F0:18:43:F8:33,-96,1599813125312
4,1,45,D0:F0:18:43:F8:49,-42,1599813125314
4,0,46,D0:F0:18:43:F8:33,-102,1599813125816
4,1,47,D0:F0:18:43:F8:2F,-96,1599813125819
4,0,48,D0:F0:18:43:F8:33,-96,1599813126323
4,1,49,D0:F0:18:43:F8:49,-42,1599813126325
4,0,50,D0:F0:18:43:F8:33,-101,1599813126829
4,1,51,D0:F0:18:43:F8:2F,-91,1599813126831
4,2,52,D0:F0:18:43:F8:49,-43,1599813126832
4,0,53,D0:F0:18:43:F8:33,-96,1599813127334
4,1,54,D0:F0:18:43:F8:2F,-91,1599813127337
4,2,55,D0:F0:18:43:F8:49,-44,1599813127338
4,0,56,D0:F0:18:43:F8:33,-96,1599813127840
4,1,57,D0:F0:18:43:F8:2F,-91,1599813127842
4,2,58,D0:F0:18:43:F8:49,-42,1599813127844
4,0,59,D0:F0:18:43:F8:33,-101,1599813128347
4,1,60,D0:F0:18:43:F8:2F,-97,1599813128350
4,2,61,D0:F0:18:43:F8:49,-43,1599813128351
4,0,62,D0:F0:18:43:F8:33,-96,1599813128854
4,1,63,D0:F0:18:43:F8:2F,-91,1599813128856
4,2,64,D0:F0:18:43:F8:49,-42,1599813128858
4,0,65,D0:F0:18:43:F8:33,-96,1599813129359
4,1,66,D0:F0:18:43:F8:2F,-98,1599813129361
4,2,67,D0:F0:18:43:F8:49,-42,1599813129363
4,0,68,D0:F0:18:43:F8:2F,-91,1599813129865
4,1,69,D0:F0:18:43:F8:49,-43,1599813129867
4,0,70,D0:F0:18:43:F8:33,-96,1599813130372
4,1,71,D0:F0:18:43:F8:2F,-92,1599813130375
4,0,72,D0:F0:18:43:F8:33,-101,1599813130878
4,1,73,D0:F0:18:43:F8:2F,-98,1599813130880
4,2,74,D0:F0:18:43:F8:49,-43,1599813130882
4,0,75,D0:F0:18:43:F8:33,-95,1599813131385
4,1,76,D0:F0:18:43:F8:2F,-92,1599813131387
4,2,77,D0:F0:18:43:F8:49,-44,1599813131389
4,0,78,D0:F0:18:43:F8:2F,-99,1599813131891
4,1,79,D0:F0:18:43:F8:49,-42,1599813131893
4,0,80,D0:F0:18:43:F8:33,-96,1599813132396
4,1,81,D0:F0:18:43:F8:49,-44,1599813132399
4,0,82,D0:F0:18:43:F8:2F,-92,1599813132902
4,1,83,D0:F0:18:43:F8:49,-44,1599813132905
4,0,84,D0:F0:18:43:F8:33,-101,1599813133408
4,1,85,D0:F0:18:43:F8:49,-44,1599813133411
4,0,86,D0:F0:18:43:F8:33,-96,1599813133915
4,1,87,D0:F0:18:43:F8:49,-42,1599813133917
4,0,88,D0:F0:18:43:F8:49,-43,1599813134420
4,0,89,D0:F0:18:43:F8:33,-96,1599813134926
4,1,90,D0:F0:18:43:F8:49,-44,1599813134929
4,0,91,D0:F0:18:43:F8:49,-43,1599813135432
4,0,92,D0:F0:18:43:F8:33,-102,1599813135939
4,1,93,D0:F0:18:43:F8:49,-43,1599813135941
4,0,94,D0:F0:18:43:F8:33,-96,1599813136445
4,1,95,D0:F0:18:43:F8:2F,-99,1599813136448
4,2,96,D0:F0:18:43:F8:49,-43,1599813136449
4,0,97,D0:F0:18:43:F8:2F,-98,1599813136950
4,1,98,D0:F0:18:43:F8:49,-43,1599813136952
4,0,99,D0:F0:18:43:F8:33,-96,1599813137457
4,1,100,D0:F0:18:43:F8:2F,-90,1599813137459
4,2,101,D0:F0:18:43:F8:49,-44,1599813137460
4,0,102,D0:F0:18:43:F8:33,-96,1599813137964
4,1,103,D0:F0:18:43:F8:2F,-98,1599813137966
4,2,104,D0:F0:18:43:F8:49,-43,1599813137967
4,0,105,D0:F0:18:43:F8:2F,-98,1599813138469
4,0,106,D0:F0:18:43:F8:33,-96,1599813138976
4,1,107,D0:F0:18:43:F8:2F,-92,1599813138979
4,2,108,D0:F0:18:43:F8:49,-43,1599813138980
4,0,109,D0:F0:18:43:F8:33,-96,1599813139483
4,1,110,D0:F0:18:43:F8:2F,-99,1599813139485
4,2,111,D0:F0:18:43:F8:49,-44,1599813139487
4,0,112,D0:F0:18:43:F8:2F,-101,1599813139991
4,1,113,D0:F0:18:43:F8:49,-43,1599813139993
4,0,114,D0:F0:18:43:F8:33,-96,1599813140497
4,1,115,D0:F0:18:43:F8:2F,-92,1599813140499
4,0,116,D0:F0:18:43:F8:2F,-98,1599813141002
4,1,117,D0:F0:18:43:F8:49,-43,1599813141005
4,0,118,D0:F0:18:43:F8:33,-96,1599813141507
4,1,119,D0:F0:18:43:F8:2F,-92,1599813141509
5,0,0,D0:F0:18:43:F8:49,-43,1599813169789
5,0,1,D0:F0:18:43:F8:2F,-102,1599813170297
5,1,2,D0:F0:18:43:F8:49,-43,1599813170300
5,0,3,D0:F0:18:43:F8:33,-97,1599813170804
5,1,4,D0:F0:18:43:F8:2F,-96,1599813170806
5,2,5,D0:F0:18:43:F8:49,-45,1599813170808
5,0,6,D0:F0:18:43:F8:33,-96,1599813171310
5,1,7,D0:F0:18:43:F8:2F,-95,1599813171312
5,2,8,D0:F0:18:43:F8:49,-43,1599813171314
5,0,9,D0:F0:18:43:F8:2F,-101,1599813171816
5,1,10,D0:F0:18:43:F8:49,-45,1599813171819
5,0,11,D0:F0:18:43:F8:33,-99,1599813172322
5,1,12,D0:F0:18:43:F8:49,-43,1599813172324
5,0,13,D0:F0:18:43:F8:2F,-91,1599813172828
5,1,14,D0:F0:18:43:F8:49,-43,1599813172830
5,0,15,D0:F0:18:43:F8:49,-43,1599813173334
5,0,16,D0:F0:18:43:F8:33,-96,1599813173840
5,0,17,D0:F0:18:43:F8:33,-102,1599813174347
5,1,18,D0:F0:18:43:F8:2F,-92,1599813174349
5,2,19,D0:F0:18:43:F8:49,-45,1599813174352
5,0,20,D0:F0:18:43:F8:33,-98,1599813174854
5,1,21,D0:F0:18:43:F8:2F,-96,1599813174856
5,2,22,D0:F0:18:43:F8:49,-43,1599813174857
5,0,23,D0:F0:18:43:F8:33,-96,1599813175360
5,1,24,D0:F0:18:43:F8:2F,-92,1599813175362
5,2,25,D0:F0:18:43:F8:49,-43,1599813175363
5,0,26,D0:F0:18:43:F8:33,-101,1599813175866
5,1,27,D0:F0:18:43:F8:2F,-96,1599813175868
5,2,28,D0:F0:18:43:F8:49,-45,1599813175870
5,0,29,D0:F0:18:43:F8:33,-96,1599813176373
5,1,30,D0:F0:18:43:F8:2F,-102,1599813176375
5,2,31,D0:F0:18:43:F8:49,-43,1599813176377
5,0,32,D0:F0:18:43:F8:2F,-92,1599813176880
5,1,33,D0:F0:18:43:F8:49,-45,1599813176882
5,0,34,D0:F0:18:43:F8:33,-98,1599813177387
5,1,35,D0:F0:18:43:F8:2F,-96,1599813177389
5,2,36,D0:F0:18:43:F8:49,-43,1599813177390
5,0,37,D0:F0:18:43:F8:33,-97,1599813177893
5,1,38,D0:F0:18:43:F8:49,-45,1599813177895
5,0,39,D0:F0:18:43:F8:33,-102,1599813178399
5,1,40,D0:F0:18:43:F8:2F,-97,1599813178401
5,2,41,D0:F0:18:43:F8:49,-43,1599813178402
5,0,42,D0:F0:18:43:F8:33,-96,1599813178905
5,1,43,D0:F0:18:43:F8:49,-43,1599813178908
5,0,44,D0:F0:18:43:F8:33,-102,1599813179412
5,1,45,D0:F0:18:43:F8:2F,-96,1599813179414
5,2,46,D0:F0:18:43:F8:49,-45,1599813179416
5,0,47,D0:F0:18:43:F8:33,-102,1599813179919
5,1,48,D0:F0:18:43:F8:49,-43,1599813179922
5,0,49,D0:F0:18:43:F8:33,-96,1599813180425
5,1,50,D0:F0:18:43:F8:2F,-92,1599813180427
5,2,51,D0:F0:18:43:F8:49,-43,1599813180430
5,0,52,D0:F0:18:43:F8:33,-102,1599813180932
5,1,53,D0:F0:18:43:F8:2F,-96,1599813180934
5,2,54,D0:F0:18:43:F8:49,-43,1599813180936
5,0,55,D0:F0:18:43:F8:49,-43,1599813181439
5,0,56,D0:F0:18:43:F8:33,-97,1599813181944
5,1,57,D0:F0:18:43:F8:2F,-96,1599813181947
5,2,58,D0:F0:18:43:F8:49,-45,1599813181948
5,0,59,D0:F0:18:43:F8:33,-101,1599813182452
5,1,60,D0:F0:18:43:F8:49,-43,1599813182454
5,0,61,D0:F0:18:43:F8:33,-100,1599813182958
5,1,62,D0:F0:18:43:F8:2F,-91,1599813182960
5,2,63,D0:F0:18:43:F8:49,-44,1599813182961
5,0,64,D0:F0:18:43:F8:33,-101,1599813183465
5,1,65,D0:F0:18:43:F8:2F,-98,1599813183467
5,2,66,D0:F0:18:43:F8:49,-43,1599813183469
5,0,67,D0:F0:18:43:F8:49,-45,1599813183972
5,0,68,D0:F0:18:43:F8:33,-97,1599813184478
5,1,69,D0:F0:18:43:F8:2F,-91,1599813184480
5,2,70,D0:F0:18:43:F8:49,-43,1599813184481
5,0,71,D0:F0:18:43:F8:2F,-98,1599813184984
5,1,72,D0:F0:18:43:F8:49,-43,1599813184986
5,0,73,D0:F0:18:43:F8:33,-101,1599813185490
5,1,74,D0:F0:18:43:F8:49,-45,1599813185492
5,0,75,D0:F0:18:43:F8:2F,-98,1599813185995
5,1,76,D0:F0:18:43:F8:49,-43,1599813185997
5,0,77,D0:F0:18:43:F8:33,-102,1599813186502
5,1,78,D0:F0:18:43:F8:49,-43,1599813186504
5,0,79,D0:F0:18:43:F8:2F,-92,1599813187008
5,1,80,D0:F0:18:43:F8:49,-45,1599813187011
5,0,81,D0:F0:18:43:F8:2F,-100,1599813187513
5,1,82,D0:F0:18:43:F8:49,-43,1599813187516
5,0,83,D0:F0:18:43:F8:33,-96,1599813188020
5,1,84,D0:F0:18:43:F8:49,-45,1599813188022
5,0,85,D0:F0:18:43:F8:2F,-98,1599813188526
5,1,86,D0:F0:18:43:F8:49,-43,1599813188528
5,0,87,D0:F0:18:43:F8:33,-95,1599813189032
5,1,88,D0:F0:18:43:F8:49,-43,1599813189034
5,0,89,D0:F0:18:43:F8:33,-102,1599813189539
5,1,90,D0:F0:18:43:F8:2F,-91,1599813189541
5,0,91,D0:F0:18:43:F8:2F,-99,1599813190045
5,1,92,D0:F0:18:43:F8:49,-45,1599813190049
5,0,93,D0:F0:18:43:F8:33,-96,1599813190551
5,1,94,D0:F0:18:43:F8:49,-45,1599813190552
5,0,95,D0:F0:18:43:F8:2F,-98,1599813191056
5,1,96,D0:F0:18:43:F8:49,-43,1599813191059
5,0,97,D0:F0:18:43:F8:33,-96,1599813191558
5,1,98,D0:F0:18:43:F8:49,-44,1599813191560
5,0,99,D0:F0:18:43:F8:33,-96,1599813192066
5,1,100,D0:F0:18:43:F8:2F,-91,1599813192072
5,2,101,D0:F0:18:43:F8:49,-43,1599813192073
5,0,102,D0:F0:18:43:F8:2F,-97,1599813192573
5,1,103,D0:F0:18:43:F8:49,-43,1599813192577
5,0,104,D0:F0:18:43:F8:33,-96,1599813193080
5,1,105,D0:F0:18:43:F8:2F,-92,1599813193082
5,2,106,D0:F0:18:43:F8:49,-44,1599813193083
5,0,107,D0:F0:18:43:F8:2F,-97,1599813193587
5,1,108,D0:F0:18:43:F8:49,-43,1599813193589
5,0,109,D0:F0:18:43:F8:2F,-93,1599813194092
5,1,110,D0:F0:18:43:F8:49,-44,1599813194094
5,0,111,D0:F0:18:43:F8:33,-96,1599813194599
5,1,112,D0:F0:18:43:F8:49,-44,1599813194601
5,0,113,D0:F0:18:43:F8:2F,-97,1599813195106
5,1,114,D0:F0:18:43:F8:49,-43,1599813195108
5,0,115,D0:F0:18:43:F8:33,-97,1599813195613
5,1,116,D0:F0:18:43:F8:2F,-93,1599813195616
5,2,117,D0:F0:18:43:F8:49,-44,1599813195617
5,0,118,D0:F0:18:43:F8:33,-97,1599813196119
5,1,119,D0:F0:18:43:F8:2F,-95,1599813196122
6,0,0,D0:F0:18:43:F8:2F,-99,1599813209280
6,1,1,D0:F0:18:43:F8:49,-95,1599813209282
6,0,2,D0:F0:18:43:F8:49,-101,1599813209786
6,0,3,D0:F0:18:43:F8:49,-90,1599813210292
6,0,4,D0:F0:18:43:F8:2F,-99,1599813211303
6,1,5,D0:F0:18:43:F8:49,-92,1599813211306
6,0,6,D0:F0:18:43:F8:33,-100,1599813211809
6,1,7,D0:F0:18:43:F8:2F,-100,1599813211811
6,0,8,D0:F0:18:43:F8:49,-93,1599813212312
6,0,9,D0:F0:18:43:F8:49,-91,1599813212818
6,0,10,D0:F0:18:43:F8:2F,-102,1599813213324
6,1,11,D0:F0:18:43:F8:49,-91,1599813213326
6,0,12,D0:F0:18:43:F8:33,-100,1599813213830
6,1,13,D0:F0:18:43:F8:2F,-99,1599813213832
6,2,14,D0:F0:18:43:F8:49,-92,1599813213833
6,0,15,D0:F0:18:43:F8:49,-91,1599813214336
6,0,16,D0:F0:18:43:F8:2F,-99,1599813214843
6,0,17,D0:F0:18:43:F8:2F,-98,1599813215348
6,1,18,D0:F0:18:43:F8:49,-101,1599813215351
6,0,19,D0:F0:18:43:F8:49,-92,1599813215854
6,0,20,D0:F0:18:43:F8:2F,-100,1599813216360
6,1,21,D0:F0:18:43:F8:49,-91,1599813216362
6,0,22,D0:F0:18:43:F8:49,-93,1599813216866
6,0,23,D0:F0:18:43:F8:2F,-100,1599813217371
6,0,24,D0:F0:18:43:F8:49,-96,1599813217877
6,0,25,D0:F0:18:43:F8:49,-92,1599813218382
6,0,26,D0:F0:18:43:F8:49,-91,1599813218888
6,0,27,D0:F0:18:43:F8:49,-98,1599813219394
6,0,28,D0:F0:18:43:F8:2F,-101,1599813219900
6,1,29,D0:F0:18:43:F8:49,-91,1599813219902
6,0,30,D0:F0:18:43:F8:49,-91,1599813220406
6,0,31,D0:F0:18:43:F8:49,-101,1599813220912
6,0,32,D0:F0:18:43:F8:49,-99,1599813221417
6,0,33,D0:F0:18:43:F8:49,-91,1599813221923
6,0,34,D0:F0:18:43:F8:49,-91,1599813222429
6,0,35,D0:F0:18:43:F8:33,-98,1599813222935
6,1,36,D0:F0:18:43:F8:49,-99,1599813222938
6,0,37,D0:F0:18:43:F8:33,-103,1599813223441
6,1,38,D0:F0:18:43:F8:49,-91,1599813223444
6,0,39,D0:F0:18:43:F8:33,-101,1599813224453
6,1,40,D0:F0:18:43:F8:2F,-103,1599813224455
6,2,41,D0:F0:18:43:F8:49,-92,1599813224456
6,0,42,D0:F0:18:43:F8:2F,-99,1599813224958
6,1,43,D0:F0:18:43:F8:49,-89,1599813224960
6,0,44,D0:F0:18:43:F8:33,-102,1599813225464
6,1,45,D0:F0:18:43:F8:49,-92,1599813225466
6,0,46,D0:F0:18:43:F8:49,-90,1599813225970
6,0,47,D0:F0:18:43:F8:33,-99,1599813226477
6,1,48,D0:F0:18:43:F8:49,-91,1599813226479
6,0,49,D0:F0:18:43:F8:49,-93,1599813226982
6,0,50,D0:F0:18:43:F8:49,-89,1599813227488
6,0,51,D0:F0:18:43:F8:49,-92,1599813227993
6,0,52,D0:F0:18:43:F8:49,-91,1599813228498
6,0,53,D0:F0:18:43:F8:33,-99,1599813229004
6,1,54,D0:F0:18:43:F8:49,-90,1599813229006
6,0,55,D0:F0:18:43:F8:49,-91,1599813230520
6,0,56,D0:F0:18:43:F8:49,-91,1599813232035
6,0,57,D0:F0:18:43:F8:49,-90,1599813232540
6,0,58,D0:F0:18:43:F8:33,-100,1599813233047
6,1,59,D0:F0:18:43:F8:49,-99,1599813233049
6,0,60,D0:F0:18:43:F8:49,-89,1599813233551
6,0,61,D0:F0:18:43:F8:49,-90,1599813234058
6,0,62,D0:F0:18:43:F8:33,-99,1599813234563
6,1,63,D0:F0:18:43:F8:49,-91,1599813234565
6,0,64,D0:F0:18:43:F8:49,-90,1599813235069
6,0,65,D0:F0:18:43:F8:49,-90,1599813235575
6,0,66,D0:F0:18:43:F8:49,-93,1599813236081
6,0,67,D0:F0:18:43:F8:49,-90,1599813236589
6,0,68,D0:F0:18:43:F8:49,-99,1599813237093
6,0,69,D0:F0:18:43:F8:49,-90,1599813237599
6,0,70,D0:F0:18:43:F8:49,-89,1599813238106
6,0,71,D0:F0:18:43:F8:33,-99,1599813238611
6,1,72,D0:F0:18:43:F8:49,-92,1599813238613
6,0,73,D0:F0:18:43:F8:49,-89,1599813239117
6,0,74,D0:F0:18:43:F8:33,-100,1599813239622
6,0,75,D0:F0:18:43:F8:49,-89,1599813240127
6,0,76,D0:F0:18:43:F8:49,-89,1599813240633
6,0,77,D0:F0:18:43:F8:49,-93,1599813241139
6,0,78,D0:F0:18:43:F8:49,-91,1599813241644
6,0,79,D0:F0:18:43:F8:49,-97,1599813242149
6,0,80,D0:F0:18:43:F8:49,-97,1599813242655
6,0,81,D0:F0:18:43:F8:33,-100,1599813243666
6,1,82,D0:F0:18:43:F8:49,-91,1599813243668
6,0,83,D0:F0:18:43:F8:33,-101,1599813244677
6,1,84,D0:F0:18:43:F8:49,-93,1599813244679
6,0,85,D0:F0:18:43:F8:49,-90,1599813245183
6,0,86,D0:F0:18:43:F8:33,-99,1599813246194
6,1,87,D0:F0:18:43:F8:49,-92,1599813246196
6,0,88,D0:F0:18:43:F8:49,-89,1599813246700
6,0,89,D0:F0:18:43:F8:33,-101,1599813247711
6,1,90,D0:F0:18:43:F8:49,-89,1599813247713
6,0,91,D0:F0:18:43:F8:49,-89,1599813248216
6,0,92,D0:F0:18:43:F8:49,-91,1599813248722
6,0,93,D0:F0:18:43:F8:49,-89,1599813249227
6,0,94,D0:F0:18:43:F8:49,-100,1599813249733
6,0,95,D0:F0:18:43:F8:49,-89,1599813250238
6,0,96,D0:F0:18:43:F8:49,-89,1599813250744
6,0,97,D0:F0:18:43:F8:33,-99,1599813251251
6,1,98,D0:F0:18:43:F8:49,-91,1599813251253
6,0,99,D0:F0:18:43:F8:49,-89,1599813251754
6,0,100,D0:F0:18:43:F8:33,-100,1599813252261
6,1,101,D0:F0:18:43:F8:49,-101,1599813252263
6,0,102,D0:F0:18:43:F8:49,-92,1599813252768
6,0,103,D0:F0:18:43:F8:49,-89,1599813253273
6,0,104,D0:F0:18:43:F8:33,-101,1599813253779
6,1,105,D0:F0:18:43:F8:49,-89,1599813253781
6,0,106,D0:F0:18:43:F8:49,-92,1599813254790
6,0,107,D0:F0:18:43:F8:49,-89,1599813255296
6,0,108,D0:F0:18:43:F8:49,-99,1599813255802
6,0,109,D0:F0:18:43:F8:33,-101,1599813256308
6,1,110,D0:F0:18:43:F8:49,-90,1599813256310
6,0,111,D0:F0:18:43:F8:49,-91,1599813256813
6,0,112,D0:F0:18:43:F8:49,-92,1599813257319
6,0,113,D0:F0:18:43:F8:33,-100,1599813257826
6,1,114,D0:F0:18:43:F8:49,-90,1599813257828
6,0,115,D0:F0:18:43:F8:33,-100,1599813258836
6,1,116,D0:F0:18:43:F8:2F,-102,1599813258839
6,2,117,D0:F0:18:43:F8:49,-90,1599813258841
6,0,118,D0:F0:18:43:F8:2F,-102,1599813259847
6,1,119,D0:F0:18:43:F8:49,-92,1599813259849
7,0,0,D0:F0:18:43:F8:33,-98,1599813268435
7,1,1,D0:F0:18:43:F8:49,-96,1599813268437
7,0,2,D0:F0:18:43:F8:2F,-97,1599813268941
7,1,3,D0:F0:18:43:F8:49,-95,1599813268944
7,0,4,D0:F0:18:43:F8:49,-100,1599813269447
7,0,5,D0:F0:18:43:F8:33,-100,1599813269954
7,1,6,D0:F0:18:43:F8:49,-98,1599813269957
7,0,7,D0:F0:18:43:F8:2F,-100,1599813270460
7,0,8,D0:F0:18:43:F8:33,-99,1599813270967
7,1,9,D0:F0:18:43:F8:49,-96,1599813270969
7,0,10,D0:F0:18:43:F8:49,-95,1599813271471
7,0,11,D0:F0:18:43:F8:33,-97,1599813271976
7,1,12,D0:F0:18:43:F8:2F,-99,1599813271978
7,0,13,D0:F0:18:43:F8:49,-95,1599813272482
7,0,14,D0:F0:18:43:F8:33,-100,1599813272988
7,1,15,D0:F0:18:43:F8:2F,-99,1599813272990
7,0,16,D0:F0:18:43:F8:49,-104,1599813274000
7,0,17,D0:F0:18:43:F8:33,-99,1599813274506
7,1,18,D0:F0:18:43:F8:2F,-101,1599813274508
7,0,19,D0:F0:18:43:F8:33,-99,1599813275516
7,1,20,D0:F0:18:43:F8:2F,-100,1599813275519
7,0,21,D0:F0:18:43:F8:33,-99,1599813276022
7,1,22,D0:F0:18:43:F8:2F,-100,1599813276024
7,0,23,D0:F0:18:43:F8:33,-99,1599813276527
7,1,24,D0:F0:18:43:F8:2F,-100,1599813276529
7,2,25,D0:F0:18:43:F8:49,-96,1599813276530
7,0,26,D0:F0:18:43:F8:33,-98,1599813277032
7,1,27,D0:F0:18:43:F8:49,-96,1599813277034
7,0,28,D0:F0:18:43:F8:33,-98,1599813277533
7,0,29,D0:F0:18:43:F8:33,-100,1599813278039
7,1,30,D0:F0:18:43:F8:2F,-99,1599813278041
7,2,31,D0:F0:18:43:F8:49,-96,1599813278042
7,0,32,D0:F0:18:43:F8:49,-96,1599813278544
7,0,33,D0:F0:18:43:F8:2F,-99,1599813279049
7,0,34,D0:F0:18:43:F8:33,-99,1599813280060
7,1,35,D0:F0:18:43:F8:49,-96,1599813280062
7,0,36,D0:F0:18:43:F8:2F,-100,1599813280566
7,0,37,D0:F0:18:43:F8:33,-98,1599813281071
7,1,38,D0:F0:18:43:F8:49,-96,1599813281073
7,0,39,D0:F0:18:43:F8:33,-99,1599813281576
7,1,40,D0:F0:18:43:F8:2F,-99,1599813281578
7,2,41,D0:F0:18:43:F8:49,-96,1599813281579
7,0,42,D0:F0:18:43:F8:2F,-100,1599813282081
7,0,43,D0:F0:18:43:F8:33,-99,1599813282588
7,1,44,D0:F0:18:43:F8:2F,-101,1599813282591
7,2,45,D0:F0:18:43:F8:49,-96,1599813282592
7,0,46,D0:F0:18:43:F8:2F,-100,1599813283093
7,0,47,D0:F0:18:43:F8:33,-99,1599813284104
7,1,48,D0:F0:18:43:F8:2F,-102,1599813284106
7,2,49,D0:F0:18:43:F8:49,-95,1599813284107
7,0,50,D0:F0:18:43:F8:33,-100,1599813284610
7,1,51,D0:F0:18:43:F8:49,-103,1599813284612
7,0,52,D0:F0:18:43:F8:33,-98,1599813285115
7,1,53,D0:F0:18:43:F8:49,-96,1599813285118
7,0,54,D0:F0:18:43:F8:33,-98,1599813285622
7,1,55,D0:F0:18:43:F8:2F,-100,1599813285624
7,2,56,D0:F0:18:43:F8:49,-96,1599813285625
7,0,57,D0:F0:18:43:F8:2F,-99,1599813286127
7,0,58,D0:F0:18:43:F8:2F,-99,1599813286633
7,1,59,D0:F0:18:43:F8:49,-95,1599813286635
7,0,60,D0:F0:18:43:F8:33,-99,1599813287644
7,1,61,D0:F0:18:43:F8:2F,-98,1599813287648
7,2,62,D0:F0:18:43:F8:49,-96,1599813287653
7,0,63,D0:F0:18:43:F8:33,-99,1599813288150
7,1,64,D0:F0:18:43:F8:2F,-99,1599813288152
7,2,65,D0:F0:18:43:F8:49,-102,1599813288153
7,0,66,D0:F0:18:43:F8:33,-98,1599813288654
7,1,67,D0:F0:18:43:F8:2F,-99,1599813288657
7,0,68,D0:F0:18:43:F8:2F,-99,1599813289160
7,1,69,D0:F0:18:43:F8:49,-96,1599813289162
7,0,70,D0:F0:18:43:F8:2F,-100,1599813289666
7,0,71,D0:F0:18:43:F8:33,-100,1599813290676
7,1,72,D0:F0:18:43:F8:49,-96,1599813290678
7,0,73,D0:F0:18:43:F8:2F,-100,1599813291687
7,0,74,D0:F0:18:43:F8:33,-98,1599813292193
7,1,75,D0:F0:18:43:F8:2F,-100,1599813292195
7,2,76,D0:F0:18:43:F8:49,-96,1599813292196
7,0,77,D0:F0:18:43:F8:33,-99,1599813293204
7,1,78,D0:F0:18:43:F8:2F,-99,1599813293207
7,2,79,D0:F0:18:43:F8:49,-96,1599813293208
7,0,80,D0:F0:18:43:F8:2F,-99,1599813293710
7,0,81,D0:F0:18:43:F8:33,-100,1599813294214
7,1,82,D0:F0:18:43:F8:2F,-100,1599813294216
7,0,83,D0:F0:18:43:F8:2F,-101,1599813294720
7,0,84,D0:F0:18:43:F8:33,-99,1599813295226
7,1,85,D0:F0:18:43:F8:2F,-99,1599813295229
7,2,86,D0:F0:18:43:F8:49,-96,1599813295230
7,0,87,D0:F0:18:43:F8:33,-98,1599813295732
7,1,88,D0:F0:18:43:F8:2F,-99,1599813295734
7,2,89,D0:F0:18:43:F8:49,-96,1599813295735
7,0,90,D0:F0:18:43:F8:2F,-99,1599813296238
7,0,91,D0:F0:18:43:F8:33,-99,1599813296744
7,1,92,D0:F0:18:43:F8:2F,-99,1599813296747
7,2,93,D0:F0:18:43:F8:49,-95,1599813296748
7,0,94,D0:F0:18:43:F8:33,-99,1599813297250
7,0,95,D0:F0:18:43:F8:33,-100,1599813297756
7,1,96,D0:F0:18:43:F8:2F,-99,1599813297758
7,2,97,D0:F0:18:43:F8:49,-96,1599813297760
7,0,98,D0:F0:18:43:F8:33,-99,1599813298262
7,1,99,D0:F0:18:43:F8:2F,-99,1599813298264
7,2,100,D0:F0:18:43:F8:49,-96,1599813298265
7,0,101,D0:F0:18:43:F8:33,-99,1599813298769
7,0,102,D0:F0:18:43:F8:33,-100,1599813299274
7,1,103,D0:F0:18:43:F8:49,-96,1599813299276
7,0,104,D0:F0:18:43:F8:33,-98,1599813299780
7,1,105,D0:F0:18:43:F8:49,-102,1599813299782
7,0,106,D0:F0:18:43:F8:33,-99,1599813300287
7,1,107,D0:F0:18:43:F8:2F,-99,1599813300289
7,2,108,D0:F0:18:43:F8:49,-96,1599813300290
7,0,109,D0:F0:18:43:F8:33,-99,1599813300792
7,1,110,D0:F0:18:43:F8:49,-96,1599813300794
7,0,111,D0:F0:18:43:F8:33,-98,1599813301298
7,0,112,D0:F0:18:43:F8:2F,-99,1599813301804
7,1,113,D0:F0:18:43:F8:49,-96,1599813301807
7,0,114,D0:F0:18:43:F8:33,-99,1599813302311
7,1,115,D0:F0:18:43:F8:2F,-100,1599813302313
7,2,116,D0:F0:18:43:F8:49,-96,1599813302314
7,0,117,D0:F0:18:43:F8:2F,-99,1599813302818
7,0,118,D0:F0:18:43:F8:49,-96,1599813303322
7,0,119,D0:F0:18:43:F8:33,-99,1599813304333
8,0,0,D0:F0:18:43:F8:2F,-98,1599813315460
8,0,1,D0:F0:18:43:F8:33,-102,1599813315966
8,1,2,D0:F0:18:43:F8:2F,-100,1599813315968
8,0,3,D0:F0:18:43:F8:33,-99,1599813316471
8,1,4,D0:F0:18:43:F8:2F,-101,1599813316473
8,0,5,D0:F0:18:43:F8:33,-100,1599813316978
8,1,6,D0:F0:18:43:F8:2F,-97,1599813316980
8,2,7,D0:F0:18:43:F8:49,-101,1599813316981
8,0,8,D0:F0:18:43:F8:33,-101,1599813317480
8,1,9,D0:F0:18:43:F8:2F,-100,1599813317482
8,0,10,D0:F0:18:43:F8:2F,-98,1599813317988
8,1,11,D0:F0:18:43:F8:49,-97,1599813317990
8,0,12,D0:F0:18:43:F8:2F,-100,1599813318493
8,0,13,D0:F0:18:43:F8:2F,-98,1599813318999
8,0,14,D0:F0:18:43:F8:2F,-99,1599813319505
8,0,15,D0:F0:18:43:F8:33,-101,1599813320011
8,1,16,D0:F0:18:43:F8:2F,-99,1599813320013
8,0,17,D0:F0:18:43:F8:33,-98,1599813320516
8,1,18,D0:F0:18:43:F8:2F,-97,1599813320518
8,0,19,D0:F0:18:43:F8:33,-102,1599813321021
8,0,20,D0:F0:18:43:F8:33,-98,1599813321528
8,1,21,D0:F0:18:43:F8:2F,-99,1599813321530
8,0,22,D0:F0:18:43:F8:2F,-97,1599813322032
8,0,23,D0:F0:18:43:F8:33,-99,1599813322539
8,0,24,D0:F0:18:43:F8:2F,-97,1599813323045
8,0,25,D0:F0:18:43:F8:2F,-98,1599813324056
8,0,26,D0:F0:18:43:F8:33,-102,1599813324560
8,0,27,D0:F0:18:43:F8:33,-99,1599813325572
8,1,28,D0:F0:18:43:F8:2F,-98,1599813325575
8,2,29,D0:F0:18:43:F8:49,-101,1599813325576
8,0,30,D0:F0:18:43:F8:33,-99,1599813326581
8,1,31,D0:F0:18:43:F8:2F,-97,1599813326583
8,0,32,D0:F0:18:43:F8:33,-102,1599813327088
8,1,33,D0:F0:18:43:F8:2F,-99,1599813327090
8,0,34,D0:F0:18:43:F8:2F,-99,1599813327592
8,1,35,D0:F0:18:43:F8:49,-102,1599813327594
8,0,36,D0:F0:18:43:F8:33,-98,1599813328099
8,1,37,D0:F0:18:43:F8:2F,-98,1599813328101
8,0,38,D0:F0:18:43:F8:33,-102,1599813328603
8,0,39,D0:F0:18:43:F8:33,-99,1599813329110
8,1,40,D0:F0:18:43:F8:2F,-100,1599813329112
8,0,41,D0:F0:18:43:F8:2F,-100,1599813329617
8,0,42,D0:F0:18:43:F8:2F,-100,1599813330123
8,0,43,D0:F0:18:43:F8:33,-98,1599813331637
8,0,44,D0:F0:18:43:F8:2F,-98,1599813332143
8,0,45,D0:F0:18:43:F8:33,-102,1599813332648
8,0,46,D0:F0:18:43:F8:33,-100,1599813334162
8,0,47,D0:F0:18:43:F8:33,-99,1599813334668
8,1,48,D0:F0:18:43:F8:2F,-98,1599813334670
8,0,49,D0:F0:18:43:F8:33,-101,1599813335681
8,1,50,D0:F0:18:43:F8:2F,-97,1599813335683
8,2,51,D0:F0:18:43:F8:49,-99,1599813335685
8,0,52,D0:F0:18:43:F8:33,-102,1599813336691
8,1,53,D0:F0:18:43:F8:2F,-98,1599813336693
8,2,54,D0:F0:18:43:F8:49,-97,1599813336694
8,0,55,D0:F0:18:43:F8:33,-99,1599813337197
8,0,56,D0:F0:18:43:F8:2F,-101,1599813337702
8,0,57,D0:F0:18:43:F8:33,-96,1599813338206
8,0,58,D0:F0:18:43:F8:33,-102,1599813338711
8,0,59,D0:F0:18:43:F8:33,-100,1599813339216
8,1,60,D0:F0:18:43:F8:2F,-99,1599813339218
8,2,61,D0:F0:18:43:F8:49,-103,1599813339219
8,0,62,D0:F0:18:43:F8:2F,-100,1599813339721
8,0,63,D0:F0:18:43:F8:2F,-99,1599813340227
8,0,64,D0:F0:18:43:F8:33,-99,1599813340733
8,1,65,D0:F0:18:43:F8:2F,-100,1599813340735
8,2,66,D0:F0:18:43:F8:49,-100,1599813340736
8,0,67,D0:F0:18:43:F8:2F,-99,1599813342247
8,0,68,D0:F0:18:43:F8:33,-101,1599813343258
8,1,69,D0:F0:18:43:F8:2F,-98,1599813343261
8,0,70,D0:F0:18:43:F8:33,-100,1599813343763
8,0,71,D0:F0:18:43:F8:2F,-101,1599813344268
8,0,72,D0:F0:18:43:F8:33,-103,1599813344773
8,0,73,D0:F0:18:43:F8:2F,-97,1599813345783
8,0,74,D0:F0:18:43:F8:2F,-101,1599813346793
8,0,75,D0:F0:18:43:F8:2F,-98,1599813347298
8,0,76,D0:F0:18:43:F8:33,-99,1599813348310
8,1,77,D0:F0:18:43:F8:2F,-99,1599813348312
8,0,78,D0:F0:18:43:F8:33,-101,1599813348815
8,0,79,D0:F0:18:43:F8:2F,-101,1599813349321
8,0,80,D0:F0:18:43:F8:2F,-98,1599813349826
8,1,81,D0:F0:18:43:F8:49,-102,1599813349829
8,0,82,D0:F0:18:43:F8:33,-103,1599813350331
8,0,83,D0:F0:18:43:F8:2F,-97,1599813350836
8,0,84,D0:F0:18:43:F8:33,-102,1599813351849
8,0,85,D0:F0:18:43:F8:33,-101,1599813352353
8,0,86,D0:F0:18:43:F8:2F,-98,1599813352860
8,0,87,D0:F0:18:43:F8:33,-101,1599813353365
8,1,88,D0:F0:18:43:F8:2F,-98,1599813353367
8,0,89,D0:F0:18:43:F8:33,-100,1599813353871
8,0,90,D0:F0:18:43:F8:33,-102,1599813354377
8,0,91,D0:F0:18:43:F8:33,-101,1599813354882
8,1,92,D0:F0:18:43:F8:2F,-98,1599813354884
8,0,93,D0:F0:18:43:F8:33,-102,1599813355388
8,1,94,D0:F0:18:43:F8:2F,-101,1599813355391
8,0,95,D0:F0:18:43:F8:2F,-100,1599813355893
8,0,96,D0:F0:18:43:F8:33,-102,1599813356399
8,1,97,D0:F0:18:43:F8:2F,-98,1599813356401
8,0,98,D0:F0:18:43:F8:33,-100,1599813356905
8,0,99,D0:F0:18:43:F8:2F,-98,1599813357411
8,0,100,D0:F0:18:43:F8:33,-100,1599813358421
8,0,101,D0:F0:18:43:F8:2F,-98,1599813358926
8,0,102,D0:F0:18:43:F8:33,-101,1599813359937
8,1,103,D0:F0:18:43:F8:2F,-99,1599813359940
8,0,104,D0:F0:18:43:F8:33,-101,1599813360948
8,1,105,D0:F0:18:43:F8:2F,-100,1599813360950
8,0,106,D0:F0:18:43:F8:2F,-97,1599813361453
8,0,107,D0:F0:18:43:F8:33,-102,1599813361956
8,0,108,D0:F0:18:43:F8:33,-102,1599813362462
8,1,109,D0:F0:18:43:F8:2F,-100,1599813362464
8,0,110,D0:F0:18:43:F8:33,-100,1599813362968
8,1,111,D0:F0:18:43:F8:2F,-97,1599813362970
8,0,112,D0:F0:18:43:F8:33,-101,1599813363473
8,0,113,D0:F0:18:43:F8:2F,-98,1599813363979
8,0,114,D0:F0:18:43:F8:33,-101,1599813364485
8,0,115,D0:F0:18:43:F8:33,-100,1599813365496
8,1,116,D0:F0:18:43:F8:2F,-99,1599813365498
8,2,117,D0:F0:18:43:F8:49,-101,1599813365499
8,0,118,D0:F0:18:43:F8:49,-102,1599813366000
8,0,119,D0:F0:18:43:F8:2F,-98,1599813366506
9,0,0,D0:F0:18:43:F8:33,-96,1599813374591
9,1,1,D0:F0:18:43:F8:2F,-97,1599813374594
9,0,2,D0:F0:18:43:F8:2F,-97,1599813375096
9,0,3,D0:F0:18:43:F8:33,-97,1599813375601
9,1,4,D0:F0:18:43:F8:2F,-98,1599813375603
9,0,5,D0:F0:18:43:F8:2F,-99,1599813376107
9,0,6,D0:F0:18:43:F8:2F,-97,1599813376611
9,0,7,D0:F0:18:43:F8:33,-102,1599813377118
9,1,8,D0:F0:18:43:F8:49,-103,1599813377120
9,0,9,D0:F0:18:43:F8:33,-98,1599813378127
9,1,10,D0:F0:18:43:F8:2F,-97,1599813378129
9,0,11,D0:F0:18:43:F8:33,-99,1599813379643
9,0,12,D0:F0:18:43:F8:2F,-96,1599813380655
9,0,13,D0:F0:18:43:F8:49,-102,1599813382170
9,0,14,D0:F0:18:43:F8:2F,-97,1599813383179
9,0,15,D0:F0:18:43:F8:2F,-96,1599813384189
9,0,16,D0:F0:18:43:F8:33,-100,1599813384695
9,0,17,D0:F0:18:43:F8:33,-100,1599813385705
9,1,18,D0:F0:18:43:F8:2F,-97,1599813385708
9,0,19,D0:F0:18:43:F8:2F,-96,1599813386716
9,0,20,D0:F0:18:43:F8:33,-100,1599813387222
9,0,21,D0:F0:18:43:F8:2F,-96,1599813388231
9,0,22,D0:F0:18:43:F8:33,-100,1599813389241
9,0,23,D0:F0:18:43:F8:2F,-97,1599813389746
9,0,24,D0:F0:18:43:F8:33,-99,1599813390757
9,1,25,D0:F0:18:43:F8:2F,-96,1599813390759
9,0,26,D0:F0:18:43:F8:33,-100,1599813392272
9,1,27,D0:F0:18:43:F8:49,-103,1599813392274
9,0,28,D0:F0:18:43:F8:33,-99,1599813393282
9,1,29,D0:F0:18:43:F8:2F,-96,1599813393284
9,0,30,D0:F0:18:43:F8:2F,-96,1599813394293
9,0,31,D0:F0:18:43:F8:33,-100,1599813394794
9,1,32,D0:F0:18:43:F8:49,-102,1599813394795
9,0,33,D0:F0:18:43:F8:2F,-97,1599813395806
9,0,34,D0:F0:18:43:F8:2F,-97,1599813396817
9,0,35,D0:F0:18:43:F8:33,-100,1599813397322
9,0,36,D0:F0:18:43:F8:2F,-96,1599813397827
9,0,37,D0:F0:18:43:F8:33,-99,1599813398333
9,0,38,D0:F0:18:43:F8:49,-103,1599813398838
9,0,39,D0:F0:18:43:F8:2F,-97,1599813399849
9,1,40,D0:F0:18:43:F8:49,-103,1599813399851
9,0,41,D0:F0:18:43:F8:2F,-96,1599813401869
9,0,42,D0:F0:18:43:F8:33,-99,1599813402374
9,0,43,D0:F0:18:43:F8:33,-99,1599813403385
9,1,44,D0:F0:18:43:F8:2F,-97,1599813403387
9,0,45,D0:F0:18:43:F8:33,-100,1599813404899
9,0,46,D0:F0:18:43:F8:2F,-97,1599813405911
9,1,47,D0:F0:18:43:F8:49,-102,1599813405913
9,0,48,D0:F0:18:43:F8:33,-99,1599813406922
9,1,49,D0:F0:18:43:F8:49,-102,1599813406924
9,0,50,D0:F0:18:43:F8:33,-100,1599813408438
9,1,51,D0:F0:18:43:F8:2F,-96,1599813408441
9,0,52,D0:F0:18:43:F8:33,-100,1599813409954
9,0,53,D0:F0:18:43:F8:2F,-96,1599813410460
9,0,54,D0:F0:18:43:F8:33,-99,1599813410966
9,1,55,D0:F0:18:43:F8:2F,-97,1599813410968
9,0,56,D0:F0:18:43:F8:2F,-97,1599813411976
9,0,57,D0:F0:18:43:F8:2F,-97,1599813412987
9,0,58,D0:F0:18:43:F8:2F,-96,1599813413493
9,1,59,D0:F0:18:43:F8:49,-102,1599813413495
9,0,60,D0:F0:18:43:F8:33,-103,1599813413999
9,0,61,D0:F0:18:43:F8:2F,-96,1599813414503
9,0,62,D0:F0:18:43:F8:33,-99,1599813415008
9,1,63,D0:F0:18:43:F8:49,-102,1599813415010
9,0,64,D0:F0:18:43:F8:49,-102,1599813415514
9,0,65,D0:F0:18:43:F8:33,-99,1599813416018
9,1,66,D0:F0:18:43:F8:2F,-97,1599813416020
9,2,67,D0:F0:18:43:F8:49,-102,1599813416022
9,0,68,D0:F0:18:43:F8:49,-100,1599813417029
9,0,69,D0:F0:18:43:F8:2F,-97,1599813417534
9,0,70,D0:F0:18:43:F8:49,-101,1599813418038
9,0,71,D0:F0:18:43:F8:49,-100,1599813418543
9,0,72,D0:F0:18:43:F8:33,-100,1599813419049
9,1,73,D0:F0:18:43:F8:2F,-97,1599813419051
9,0,74,D0:F0:18:43:F8:33,-99,1599813419555
9,1,75,D0:F0:18:43:F8:49,-101,1599813419558
9,0,76,D0:F0:18:43:F8:2F,-97,1599813420066
9,0,77,D0:F0:18:43:F8:49,-102,1599813420570
9,0,78,D0:F0:18:43:F8:2F,-102,1599813421076
9,0,79,D0:F0:18:43:F8:2F,-97,1599813421582
9,0,80,D0:F0:18:43:F8:33,-99,1599813422083
9,1,81,D0:F0:18:43:F8:2F,-102,1599813422084
9,2,82,D0:F0:18:43:F8:49,-102,1599813422085
9,0,83,D0:F0:18:43:F8:2F,-103,1599813423096
9,0,84,D0:F0:18:43:F8:33,-100,1599813423601
9,0,85,D0:F0:18:43:F8:2F,-97,1599813424105
9,0,86,D0:F0:18:43:F8:33,-101,1599813425116
9,1,87,D0:F0:18:43:F8:2F,-97,1599813425118
9,0,88,D0:F0:18:43:F8:33,-101,1599813426127
9,0,89,D0:F0:18:43:F8:2F,-96,1599813426632
9,0,90,D0:F0:18:43:F8:2F,-97,1599813427642
9,0,91,D0:F0:18:43:F8:49,-101,1599813428652
9,0,92,D0:F0:18:43:F8:33,-101,1599813429158
9,1,93,D0:F0:18:43:F8:2F,-97,1599813429160
9,0,94,D0:F0:18:43:F8:33,-99,1599813430674
9,0,95,D0:F0:18:43:F8:2F,-102,1599813431180
9,1,96,D0:F0:18:43:F8:49,-102,1599813431182
9,0,97,D0:F0:18:43:F8:2F,-97,1599813431686
9,0,98,D0:F0:18:43:F8:2F,-97,1599813433202
9,0,99,D0:F0:18:43:F8:33,-100,1599813434213
9,1,100,D0:F0:18:43:F8:2F,-97,1599813434216
9,0,101,D0:F0:18:43:F8:2F,-97,1599813435223
9,0,102,D0:F0:18:43:F8:33,-99,1599813435728
9,0,103,D0:F0:18:43:F8:2F,-97,1599813436739
9,0,104,D0:F0:18:43:F8:33,-100,1599813437751
9,1,105,D0:F0:18:43:F8:2F,-97,1599813437753
9,2,106,D0:F0:18:43:F8:49,-102,1599813437754
9,0,107,D0:F0:18:43:F8:49,-102,1599813438761
9,0,108,D0:F0:18:43:F8:33,-100,1599813439266
9,1,109,D0:F0:18:43:F8:2F,-97,1599813439268
9,0,110,D0:F0:18:43:F8:49,-102,1599813440275
9,0,111,D0:F0:18:43:F8:2F,-97,1599813440781
9,0,112,D0:F0:18:43:F8:49,-102,1599813441286
9,0,113,D0:F0:18:43:F8:33,-100,1599813441792
9,1,114,D0:F0:18:43:F8:2F,-97,1599813441794
9,0,115,D0:F0:18:43:F8:33,-99,1599813442801
9,0,116,D0:F0:18:43:F8:2F,-97,1599813443813
9,0,117,D0:F0:18:43:F8:33,-100,1599813444318
9,1,118,D0:F0:18:43:F8:2F,-96,1599813444320
9,0,119,D0:F0:18:43:F8:2F,-97,1599813445329
