0,0,D0:F0:18:43:F8:33,-74,1597404243433
1,1,D0:F0:18:43:F8:2F,-71,1597404243437
2,2,D0:F0:18:43:F8:49,-33,1597404243438
0,3,D0:F0:18:43:F8:33,-67,1597404243939
1,4,D0:F0:18:43:F8:49,-34,1597404243942
0,5,D0:F0:18:43:F8:33,-72,1597404244491
1,6,D0:F0:18:43:F8:2F,-76,1597404244502
2,7,D0:F0:18:43:F8:49,-33,1597404244507
0,8,D0:F0:18:43:F8:33,-72,1597404245017
1,9,D0:F0:18:43:F8:49,-34,1597404245024
0,10,D0:F0:18:43:F8:33,-67,1597404245527
1,11,D0:F0:18:43:F8:2F,-73,1597404245530
2,12,D0:F0:18:43:F8:49,-33,1597404245532
0,13,D0:F0:18:43:F8:33,-73,1597404246042
1,14,D0:F0:18:43:F8:2F,-73,1597404246046
2,15,D0:F0:18:43:F8:49,-33,1597404246048
0,16,D0:F0:18:43:F8:33,-67,1597404246573
1,17,D0:F0:18:43:F8:2F,-80,1597404246582
2,18,D0:F0:18:43:F8:49,-34,1597404246585
0,19,D0:F0:18:43:F8:2F,-71,1597404247098
1,20,D0:F0:18:43:F8:49,-35,1597404247105
0,21,D0:F0:18:43:F8:33,-67,1597404247620
0,22,D0:F0:18:43:F8:33,-73,1597404248145
1,23,D0:F0:18:43:F8:2F,-73,1597404248153
2,24,D0:F0:18:43:F8:49,-33,1597404248157
0,25,D0:F0:18:43:F8:33,-68,1597404248672
1,26,D0:F0:18:43:F8:2F,-80,1597404248680
2,27,D0:F0:18:43:F8:49,-35,1597404248683
0,28,D0:F0:18:43:F8:33,-73,1597404249193
1,29,D0:F0:18:43:F8:2F,-72,1597404249201
0,30,D0:F0:18:43:F8:33,-73,1597404249714
1,31,D0:F0:18:43:F8:2F,-71,1597404249722
2,32,D0:F0:18:43:F8:49,-34,1597404249726
0,33,D0:F0:18:43:F8:33,-68,1597404250239
1,34,D0:F0:18:43:F8:2F,-80,1597404250247
2,35,D0:F0:18:43:F8:49,-35,1597404250251
0,36,D0:F0:18:43:F8:33,-73,1597404250761
1,37,D0:F0:18:43:F8:2F,-79,1597404250770
2,38,D0:F0:18:43:F8:49,-33,1597404250775
0,39,D0:F0:18:43:F8:33,-73,1597404251273
1,40,D0:F0:18:43:F8:2F,-71,1597404251278
2,41,D0:F0:18:43:F8:49,-35,1597404251280
0,42,D0:F0:18:43:F8:33,-69,1597404251793
1,43,D0:F0:18:43:F8:2F,-71,1597404251800
2,44,D0:F0:18:43:F8:49,-33,1597404251804
0,45,D0:F0:18:43:F8:33,-77,1597404252317
1,46,D0:F0:18:43:F8:2F,-72,1597404252325
2,47,D0:F0:18:43:F8:49,-35,1597404252329
0,48,D0:F0:18:43:F8:33,-69,1597404252836
1,49,D0:F0:18:43:F8:2F,-72,1597404252847
2,50,D0:F0:18:43:F8:49,-35,1597404252852
0,51,D0:F0:18:43:F8:2F,-78,1597404253353
1,52,D0:F0:18:43:F8:49,-33,1597404253361
0,53,D0:F0:18:43:F8:33,-69,1597404253872
0,54,D0:F0:18:43:F8:33,-73,1597404254395
1,55,D0:F0:18:43:F8:2F,-72,1597404254404
2,56,D0:F0:18:43:F8:49,-33,1597404254408
0,57,D0:F0:18:43:F8:33,-69,1597404254919
1,58,D0:F0:18:43:F8:2F,-72,1597404254927
2,59,D0:F0:18:43:F8:49,-33,1597404254931
0,0,D0:F0:18:43:F8:33,-80,1597404261178
1,1,D0:F0:18:43:F8:2F,-81,1597404261182
2,2,D0:F0:18:43:F8:49,-58,1597404261184
0,3,D0:F0:18:43:F8:33,-77,1597404261702
1,4,D0:F0:18:43:F8:49,-57,1597404261709
0,5,D0:F0:18:43:F8:33,-79,1597404262207
1,6,D0:F0:18:43:F8:2F,-77,1597404262210
2,7,D0:F0:18:43:F8:49,-61,1597404262212
0,8,D0:F0:18:43:F8:33,-79,1597404262726
0,9,D0:F0:18:43:F8:33,-77,1597404263249
1,10,D0:F0:18:43:F8:49,-57,1597404263257
0,11,D0:F0:18:43:F8:49,-57,1597404263768
0,12,D0:F0:18:43:F8:33,-77,1597404264291
1,13,D0:F0:18:43:F8:49,-58,1597404264299
0,14,D0:F0:18:43:F8:33,-79,1597404264813
1,15,D0:F0:18:43:F8:2F,-75,1597404264820
2,16,D0:F0:18:43:F8:49,-58,1597404264824
0,17,D0:F0:18:43:F8:49,-58,1597404265325
0,18,D0:F0:18:43:F8:2F,-73,1597404265842
1,19,D0:F0:18:43:F8:49,-58,1597404265851
0,20,D0:F0:18:43:F8:33,-77,1597404266358
1,21,D0:F0:18:43:F8:2F,-80,1597404266365
0,22,D0:F0:18:43:F8:33,-78,1597404266874
1,23,D0:F0:18:43:F8:49,-58,1597404266882
0,24,D0:F0:18:43:F8:2F,-74,1597404267386
1,25,D0:F0:18:43:F8:49,-58,1597404267391
0,26,D0:F0:18:43:F8:33,-78,1597404267901
0,27,D0:F0:18:43:F8:2F,-74,1597404268417
1,28,D0:F0:18:43:F8:49,-59,1597404268424
0,29,D0:F0:18:43:F8:33,-78,1597404268927
1,30,D0:F0:18:43:F8:49,-58,1597404268936
0,31,D0:F0:18:43:F8:33,-78,1597404269440
1,32,D0:F0:18:43:F8:49,-60,1597404269448
0,33,D0:F0:18:43:F8:33,-78,1597404269957
1,34,D0:F0:18:43:F8:2F,-75,1597404269965
2,35,D0:F0:18:43:F8:49,-59,1597404269969
0,36,D0:F0:18:43:F8:2F,-80,1597404270475
1,37,D0:F0:18:43:F8:49,-58,1597404270484
0,38,D0:F0:18:43:F8:33,-80,1597404270989
1,39,D0:F0:18:43:F8:2F,-74,1597404270997
2,40,D0:F0:18:43:F8:49,-59,1597404271001
0,41,D0:F0:18:43:F8:2F,-82,1597404271504
1,42,D0:F0:18:43:F8:49,-58,1597404271512
0,43,D0:F0:18:43:F8:33,-79,1597404272018
1,44,D0:F0:18:43:F8:49,-61,1597404272025
0,45,D0:F0:18:43:F8:33,-78,1597404272533
1,46,D0:F0:18:43:F8:2F,-81,1597404272540
2,47,D0:F0:18:43:F8:49,-59,1597404272544
0,48,D0:F0:18:43:F8:49,-58,1597404273045
0,49,D0:F0:18:43:F8:33,-79,1597404273562
1,50,D0:F0:18:43:F8:2F,-74,1597404273569
2,51,D0:F0:18:43:F8:49,-60,1597404273573
0,52,D0:F0:18:43:F8:33,-80,1597404274076
1,53,D0:F0:18:43:F8:49,-58,1597404274083
0,54,D0:F0:18:43:F8:33,-80,1597404274584
1,55,D0:F0:18:43:F8:49,-60,1597404274588
0,56,D0:F0:18:43:F8:33,-79,1597404275100
1,57,D0:F0:18:43:F8:2F,-76,1597404275108
2,58,D0:F0:18:43:F8:49,-59,1597404275112
0,59,D0:F0:18:43:F8:33,-80,1597404275604
0,0,D0:F0:18:43:F8:49,-68,1597404285868
0,1,D0:F0:18:43:F8:33,-80,1597404286382
1,2,D0:F0:18:43:F8:49,-65,1597404286389
0,3,D0:F0:18:43:F8:33,-77,1597404286891
1,4,D0:F0:18:43:F8:49,-70,1597404286900
0,5,D0:F0:18:43:F8:33,-79,1597404287409
1,6,D0:F0:18:43:F8:2F,-77,1597404287418
2,7,D0:F0:18:43:F8:49,-69,1597404287422
0,8,D0:F0:18:43:F8:49,-67,1597404287921
0,9,D0:F0:18:43:F8:33,-79,1597404288425
1,10,D0:F0:18:43:F8:49,-70,1597404288429
0,11,D0:F0:18:43:F8:33,-78,1597404288927
1,12,D0:F0:18:43:F8:49,-68,1597404288929
0,13,D0:F0:18:43:F8:33,-79,1597404289438
1,14,D0:F0:18:43:F8:2F,-76,1597404289449
2,15,D0:F0:18:43:F8:49,-71,1597404289452
0,16,D0:F0:18:43:F8:33,-76,1597404289949
1,17,D0:F0:18:43:F8:49,-65,1597404289956
0,18,D0:F0:18:43:F8:49,-68,1597404290451
0,19,D0:F0:18:43:F8:2F,-76,1597404290961
1,20,D0:F0:18:43:F8:49,-71,1597404290968
0,21,D0:F0:18:43:F8:33,-77,1597404291464
1,22,D0:F0:18:43:F8:49,-66,1597404291467
0,23,D0:F0:18:43:F8:33,-80,1597404291976
1,24,D0:F0:18:43:F8:2F,-75,1597404291979
2,25,D0:F0:18:43:F8:49,-71,1597404291980
0,26,D0:F0:18:43:F8:33,-77,1597404292482
1,27,D0:F0:18:43:F8:2F,-75,1597404292489
2,28,D0:F0:18:43:F8:49,-71,1597404292492
0,29,D0:F0:18:43:F8:49,-69,1597404292991
0,30,D0:F0:18:43:F8:33,-77,1597404293501
1,31,D0:F0:18:43:F8:2F,-74,1597404293508
2,32,D0:F0:18:43:F8:49,-71,1597404293511
0,33,D0:F0:18:43:F8:49,-66,1597404294009
0,34,D0:F0:18:43:F8:33,-76,1597404294518
1,35,D0:F0:18:43:F8:2F,-75,1597404294525
2,36,D0:F0:18:43:F8:49,-70,1597404294528
0,37,D0:F0:18:43:F8:49,-71,1597404295027
0,38,D0:F0:18:43:F8:33,-76,1597404295537
1,39,D0:F0:18:43:F8:49,-65,1597404295544
0,40,D0:F0:18:43:F8:33,-80,1597404296047
1,41,D0:F0:18:43:F8:2F,-76,1597404296053
0,42,D0:F0:18:43:F8:33,-79,1597404296549
1,43,D0:F0:18:43:F8:2F,-75,1597404296552
2,44,D0:F0:18:43:F8:49,-71,1597404296553
0,45,D0:F0:18:43:F8:2F,-76,1597404297055
1,46,D0:F0:18:43:F8:49,-65,1597404297058
0,47,D0:F0:18:43:F8:2F,-75,1597404297564
1,48,D0:F0:18:43:F8:49,-69,1597404297571
0,49,D0:F0:18:43:F8:49,-70,1597404298073
0,50,D0:F0:18:43:F8:2F,-76,1597404298580
0,51,D0:F0:18:43:F8:2F,-76,1597404299089
1,52,D0:F0:18:43:F8:49,-71,1597404299095
0,53,D0:F0:18:43:F8:33,-77,1597404299599
1,54,D0:F0:18:43:F8:49,-71,1597404299605
0,55,D0:F0:18:43:F8:2F,-76,1597404300103
1,56,D0:F0:18:43:F8:49,-71,1597404300107
0,57,D0:F0:18:43:F8:49,-66,1597404300613
0,58,D0:F0:18:43:F8:2F,-76,1597404301122
1,59,D0:F0:18:43:F8:49,-71,1597404301128
0,0,D0:F0:18:43:F8:49,-69,1597404311299
0,1,D0:F0:18:43:F8:33,-79,1597404311809
0,2,D0:F0:18:43:F8:33,-79,1597404312318
1,3,D0:F0:18:43:F8:2F,-79,1597404312324
2,4,D0:F0:18:43:F8:49,-68,1597404312328
0,5,D0:F0:18:43:F8:49,-70,1597404312827
0,6,D0:F0:18:43:F8:33,-81,1597404313334
0,7,D0:F0:18:43:F8:49,-71,1597404313842
0,8,D0:F0:18:43:F8:33,-82,1597404314347
1,9,D0:F0:18:43:F8:49,-71,1597404314349
0,10,D0:F0:18:43:F8:49,-71,1597404314859
0,11,D0:F0:18:43:F8:33,-80,1597404315371
1,12,D0:F0:18:43:F8:49,-70,1597404315378
0,13,D0:F0:18:43:F8:33,-83,1597404315878
1,14,D0:F0:18:43:F8:49,-70,1597404315884
0,15,D0:F0:18:43:F8:33,-79,1597404316388
1,16,D0:F0:18:43:F8:49,-71,1597404316398
0,17,D0:F0:18:43:F8:33,-79,1597404316898
1,18,D0:F0:18:43:F8:49,-70,1597404316908
0,19,D0:F0:18:43:F8:33,-82,1597404317405
1,20,D0:F0:18:43:F8:49,-71,1597404317413
0,21,D0:F0:18:43:F8:33,-77,1597404317913
0,22,D0:F0:18:43:F8:33,-81,1597404318424
1,23,D0:F0:18:43:F8:49,-79,1597404318432
0,24,D0:F0:18:43:F8:33,-79,1597404318933
1,25,D0:F0:18:43:F8:2F,-81,1597404318940
2,26,D0:F0:18:43:F8:49,-71,1597404318943
0,27,D0:F0:18:43:F8:33,-78,1597404319444
1,28,D0:F0:18:43:F8:49,-69,1597404319449
0,29,D0:F0:18:43:F8:33,-80,1597404319953
0,30,D0:F0:18:43:F8:33,-82,1597404320463
1,31,D0:F0:18:43:F8:2F,-80,1597404320471
2,32,D0:F0:18:43:F8:49,-70,1597404320473
0,33,D0:F0:18:43:F8:2F,-79,1597404320973
1,34,D0:F0:18:43:F8:49,-70,1597404320978
0,35,D0:F0:18:43:F8:33,-79,1597404321481
0,36,D0:F0:18:43:F8:2F,-81,1597404321989
0,37,D0:F0:18:43:F8:33,-80,1597404322497
1,38,D0:F0:18:43:F8:49,-71,1597404322502
0,39,D0:F0:18:43:F8:49,-69,1597404323007
0,40,D0:F0:18:43:F8:2F,-80,1597404324023
1,41,D0:F0:18:43:F8:49,-69,1597404324029
0,42,D0:F0:18:43:F8:33,-80,1597404324532
1,43,D0:F0:18:43:F8:49,-69,1597404324538
0,44,D0:F0:18:43:F8:49,-70,1597404325040
0,45,D0:F0:18:43:F8:33,-80,1597404325548
1,46,D0:F0:18:43:F8:49,-69,1597404325555
0,47,D0:F0:18:43:F8:49,-69,1597404326056
0,48,D0:F0:18:43:F8:2F,-81,1597404326573
1,49,D0:F0:18:43:F8:49,-70,1597404326580
0,50,D0:F0:18:43:F8:33,-80,1597404327082
1,51,D0:F0:18:43:F8:49,-70,1597404327088
0,52,D0:F0:18:43:F8:33,-80,1597404328604
1,53,D0:F0:18:43:F8:2F,-81,1597404328610
2,54,D0:F0:18:43:F8:49,-69,1597404328613
0,55,D0:F0:18:43:F8:33,-80,1597404329619
1,56,D0:F0:18:43:F8:49,-70,1597404329625
0,57,D0:F0:18:43:F8:2F,-79,1597404330127
1,58,D0:F0:18:43:F8:49,-69,1597404330133
0,59,D0:F0:18:43:F8:33,-81,1597404330636
0,0,D0:F0:18:43:F8:33,-77,1597404336735
1,1,D0:F0:18:43:F8:2F,-76,1597404336738
2,2,D0:F0:18:43:F8:49,-79,1597404336739
0,3,D0:F0:18:43:F8:33,-75,1597404337243
1,4,D0:F0:18:43:F8:2F,-75,1597404337248
0,5,D0:F0:18:43:F8:49,-71,1597404337750
0,6,D0:F0:18:43:F8:33,-75,1597404338259
1,7,D0:F0:18:43:F8:2F,-72,1597404338266
2,8,D0:F0:18:43:F8:49,-77,1597404338268
0,9,D0:F0:18:43:F8:33,-76,1597404338767
1,10,D0:F0:18:43:F8:2F,-73,1597404338772
2,11,D0:F0:18:43:F8:49,-74,1597404338774
0,12,D0:F0:18:43:F8:33,-74,1597404339276
1,13,D0:F0:18:43:F8:2F,-71,1597404339281
2,14,D0:F0:18:43:F8:49,-71,1597404339283
0,15,D0:F0:18:43:F8:33,-74,1597404339783
1,16,D0:F0:18:43:F8:2F,-71,1597404339788
0,17,D0:F0:18:43:F8:33,-75,1597404340292
1,18,D0:F0:18:43:F8:49,-73,1597404340298
0,19,D0:F0:18:43:F8:33,-74,1597404340802
1,20,D0:F0:18:43:F8:49,-74,1597404340807
0,21,D0:F0:18:43:F8:33,-73,1597404341312
1,22,D0:F0:18:43:F8:2F,-72,1597404341319
2,23,D0:F0:18:43:F8:49,-71,1597404341321
0,24,D0:F0:18:43:F8:33,-72,1597404341823
1,25,D0:F0:18:43:F8:2F,-73,1597404341828
2,26,D0:F0:18:43:F8:49,-77,1597404341830
0,27,D0:F0:18:43:F8:33,-73,1597404342331
1,28,D0:F0:18:43:F8:49,-71,1597404342335
0,29,D0:F0:18:43:F8:33,-77,1597404342839
1,30,D0:F0:18:43:F8:49,-71,1597404342845
0,31,D0:F0:18:43:F8:33,-72,1597404343350
1,32,D0:F0:18:43:F8:2F,-72,1597404343354
2,33,D0:F0:18:43:F8:49,-71,1597404343357
0,34,D0:F0:18:43:F8:33,-77,1597404343857
0,35,D0:F0:18:43:F8:2F,-73,1597404344367
1,36,D0:F0:18:43:F8:49,-77,1597404344372
0,37,D0:F0:18:43:F8:33,-72,1597404344877
1,38,D0:F0:18:43:F8:49,-73,1597404344884
0,39,D0:F0:18:43:F8:33,-77,1597404345384
1,40,D0:F0:18:43:F8:49,-71,1597404345388
0,41,D0:F0:18:43:F8:33,-74,1597404345892
1,42,D0:F0:18:43:F8:2F,-72,1597404345896
0,43,D0:F0:18:43:F8:33,-74,1597404346399
1,44,D0:F0:18:43:F8:49,-74,1597404346404
0,45,D0:F0:18:43:F8:2F,-71,1597404346907
1,46,D0:F0:18:43:F8:49,-75,1597404346912
0,47,D0:F0:18:43:F8:33,-74,1597404347418
1,48,D0:F0:18:43:F8:49,-74,1597404347422
0,49,D0:F0:18:43:F8:33,-76,1597404347926
1,50,D0:F0:18:43:F8:49,-72,1597404347934
0,51,D0:F0:18:43:F8:33,-73,1597404348434
1,52,D0:F0:18:43:F8:2F,-73,1597404348440
2,53,D0:F0:18:43:F8:49,-74,1597404348442
0,54,D0:F0:18:43:F8:33,-72,1597404348944
1,55,D0:F0:18:43:F8:49,-73,1597404348949
0,56,D0:F0:18:43:F8:33,-77,1597404349449
1,57,D0:F0:18:43:F8:2F,-73,1597404349454
0,58,D0:F0:18:43:F8:2F,-72,1597404349957
0,59,D0:F0:18:43:F8:33,-74,1597404350971
0,0,D0:F0:18:43:F8:33,-74,1597404357086
1,1,D0:F0:18:43:F8:49,-83,1597404357093
0,2,D0:F0:18:43:F8:33,-81,1597404357592
1,3,D0:F0:18:43:F8:49,-73,1597404357596
0,4,D0:F0:18:43:F8:2F,-80,1597404358092
0,5,D0:F0:18:43:F8:33,-77,1597404358600
1,6,D0:F0:18:43:F8:49,-73,1597404358604
0,7,D0:F0:18:43:F8:33,-75,1597404359614
1,8,D0:F0:18:43:F8:49,-77,1597404359621
0,9,D0:F0:18:43:F8:49,-75,1597404360116
0,10,D0:F0:18:43:F8:49,-78,1597404360622
0,11,D0:F0:18:43:F8:33,-84,1597404361131
1,12,D0:F0:18:43:F8:2F,-80,1597404361135
0,13,D0:F0:18:43:F8:49,-74,1597404361638
0,14,D0:F0:18:43:F8:33,-74,1597404362145
1,15,D0:F0:18:43:F8:2F,-80,1597404362149
0,16,D0:F0:18:43:F8:2F,-82,1597404362654
1,17,D0:F0:18:43:F8:49,-74,1597404362658
0,18,D0:F0:18:43:F8:2F,-80,1597404363164
1,19,D0:F0:18:43:F8:49,-79,1597404363168
0,20,D0:F0:18:43:F8:2F,-82,1597404363672
1,21,D0:F0:18:43:F8:49,-73,1597404363675
0,22,D0:F0:18:43:F8:33,-75,1597404364183
1,23,D0:F0:18:43:F8:49,-76,1597404364190
0,24,D0:F0:18:43:F8:2F,-77,1597404364690
0,25,D0:F0:18:43:F8:33,-76,1597404365198
1,26,D0:F0:18:43:F8:2F,-81,1597404365202
2,27,D0:F0:18:43:F8:49,-73,1597404365205
0,28,D0:F0:18:43:F8:49,-77,1597404365704
0,29,D0:F0:18:43:F8:49,-74,1597404366212
0,30,D0:F0:18:43:F8:33,-76,1597404366720
1,31,D0:F0:18:43:F8:2F,-83,1597404366724
2,32,D0:F0:18:43:F8:49,-75,1597404366726
0,33,D0:F0:18:43:F8:2F,-80,1597404367230
1,34,D0:F0:18:43:F8:49,-79,1597404367236
0,35,D0:F0:18:43:F8:33,-75,1597404368242
1,36,D0:F0:18:43:F8:49,-77,1597404368246
0,37,D0:F0:18:43:F8:49,-82,1597404368748
0,38,D0:F0:18:43:F8:2F,-80,1597404369255
1,39,D0:F0:18:43:F8:49,-74,1597404369259
0,40,D0:F0:18:43:F8:49,-76,1597404369762
0,41,D0:F0:18:43:F8:49,-77,1597404370269
0,42,D0:F0:18:43:F8:33,-76,1597404370778
1,43,D0:F0:18:43:F8:49,-77,1597404370783
0,44,D0:F0:18:43:F8:49,-74,1597404371790
0,45,D0:F0:18:43:F8:33,-78,1597404372296
0,46,D0:F0:18:43:F8:49,-74,1597404372803
0,47,D0:F0:18:43:F8:33,-75,1597404373310
1,48,D0:F0:18:43:F8:49,-74,1597404373314
0,49,D0:F0:18:43:F8:49,-72,1597404374321
0,50,D0:F0:18:43:F8:33,-76,1597404374825
1,51,D0:F0:18:43:F8:49,-83,1597404374830
0,52,D0:F0:18:43:F8:33,-76,1597404375332
1,53,D0:F0:18:43:F8:49,-76,1597404375335
0,54,D0:F0:18:43:F8:33,-84,1597404375840
0,55,D0:F0:18:43:F8:2F,-79,1597404376345
1,56,D0:F0:18:43:F8:49,-76,1597404376349
0,57,D0:F0:18:43:F8:33,-77,1597404376852
0,58,D0:F0:18:43:F8:2F,-79,1597404377359
1,59,D0:F0:18:43:F8:49,-73,1597404377364
0,0,D0:F0:18:43:F8:33,-77,1597404388017
1,1,D0:F0:18:43:F8:2F,-70,1597404388019
2,2,D0:F0:18:43:F8:49,-77,1597404388021
0,3,D0:F0:18:43:F8:2F,-76,1597404388499
1,4,D0:F0:18:43:F8:49,-77,1597404388503
0,5,D0:F0:18:43:F8:33,-76,1597404389005
1,6,D0:F0:18:43:F8:2F,-76,1597404389009
2,7,D0:F0:18:43:F8:49,-71,1597404389011
0,8,D0:F0:18:43:F8:2F,-71,1597404390017
1,9,D0:F0:18:43:F8:49,-71,1597404390022
0,10,D0:F0:18:43:F8:2F,-71,1597404390523
0,11,D0:F0:18:43:F8:33,-78,1597404391030
1,12,D0:F0:18:43:F8:49,-73,1597404391033
0,13,D0:F0:18:43:F8:33,-77,1597404391536
1,14,D0:F0:18:43:F8:2F,-79,1597404391540
2,15,D0:F0:18:43:F8:49,-73,1597404391541
0,16,D0:F0:18:43:F8:2F,-71,1597404392042
1,17,D0:F0:18:43:F8:49,-74,1597404392045
0,18,D0:F0:18:43:F8:33,-77,1597404392548
1,19,D0:F0:18:43:F8:49,-71,1597404392551
0,20,D0:F0:18:43:F8:33,-74,1597404393055
1,21,D0:F0:18:43:F8:2F,-70,1597404393059
2,22,D0:F0:18:43:F8:49,-71,1597404393061
0,23,D0:F0:18:43:F8:33,-77,1597404393562
1,24,D0:F0:18:43:F8:2F,-70,1597404393565
2,25,D0:F0:18:43:F8:49,-71,1597404393569
0,26,D0:F0:18:43:F8:49,-73,1597404394068
0,27,D0:F0:18:43:F8:33,-78,1597404394574
1,28,D0:F0:18:43:F8:2F,-69,1597404394578
2,29,D0:F0:18:43:F8:49,-73,1597404394579
0,30,D0:F0:18:43:F8:33,-77,1597404395081
1,31,D0:F0:18:43:F8:2F,-80,1597404395086
2,32,D0:F0:18:43:F8:49,-73,1597404395088
0,33,D0:F0:18:43:F8:33,-75,1597404395587
1,34,D0:F0:18:43:F8:2F,-79,1597404395590
2,35,D0:F0:18:43:F8:49,-74,1597404395592
0,36,D0:F0:18:43:F8:33,-79,1597404396092
1,37,D0:F0:18:43:F8:49,-71,1597404396096
0,38,D0:F0:18:43:F8:2F,-69,1597404396595
1,39,D0:F0:18:43:F8:49,-73,1597404396599
0,40,D0:F0:18:43:F8:33,-75,1597404397102
1,41,D0:F0:18:43:F8:2F,-81,1597404397105
2,42,D0:F0:18:43:F8:49,-70,1597404397107
0,43,D0:F0:18:43:F8:2F,-79,1597404397608
1,44,D0:F0:18:43:F8:49,-73,1597404397611
0,45,D0:F0:18:43:F8:33,-75,1597404398114
1,46,D0:F0:18:43:F8:2F,-69,1597404398117
2,47,D0:F0:18:43:F8:49,-73,1597404398119
0,48,D0:F0:18:43:F8:33,-75,1597404398620
1,49,D0:F0:18:43:F8:49,-71,1597404398623
0,50,D0:F0:18:43:F8:33,-79,1597404399127
1,51,D0:F0:18:43:F8:2F,-80,1597404399130
2,52,D0:F0:18:43:F8:49,-73,1597404399133
0,53,D0:F0:18:43:F8:33,-79,1597404399634
1,54,D0:F0:18:43:F8:2F,-79,1597404399637
2,55,D0:F0:18:43:F8:49,-74,1597404399639
0,56,D0:F0:18:43:F8:33,-76,1597404400140
1,57,D0:F0:18:43:F8:2F,-79,1597404400143
2,58,D0:F0:18:43:F8:49,-71,1597404400144
0,59,D0:F0:18:43:F8:33,-77,1597404400648
0,0,D0:F0:18:43:F8:33,-79,1597404415844
1,1,D0:F0:18:43:F8:2F,-64,1597404415849
2,2,D0:F0:18:43:F8:49,-77,1597404415851
0,3,D0:F0:18:43:F8:33,-77,1597404416350
1,4,D0:F0:18:43:F8:49,-75,1597404416353
0,5,D0:F0:18:43:F8:33,-79,1597404416854
1,6,D0:F0:18:43:F8:2F,-64,1597404416856
2,7,D0:F0:18:43:F8:49,-73,1597404416857
0,8,D0:F0:18:43:F8:33,-73,1597404417361
1,9,D0:F0:18:43:F8:49,-74,1597404417365
0,10,D0:F0:18:43:F8:33,-72,1597404417867
1,11,D0:F0:18:43:F8:2F,-65,1597404417870
0,12,D0:F0:18:43:F8:33,-78,1597404418374
1,13,D0:F0:18:43:F8:2F,-65,1597404418377
2,14,D0:F0:18:43:F8:49,-73,1597404418378
0,15,D0:F0:18:43:F8:33,-72,1597404418881
1,16,D0:F0:18:43:F8:2F,-64,1597404418884
2,17,D0:F0:18:43:F8:49,-73,1597404418887
0,18,D0:F0:18:43:F8:33,-76,1597404419387
1,19,D0:F0:18:43:F8:2F,-65,1597404419390
2,20,D0:F0:18:43:F8:49,-71,1597404419391
0,21,D0:F0:18:43:F8:33,-77,1597404419895
1,22,D0:F0:18:43:F8:2F,-65,1597404419899
2,23,D0:F0:18:43:F8:49,-76,1597404419901
0,24,D0:F0:18:43:F8:33,-71,1597404420402
1,25,D0:F0:18:43:F8:2F,-64,1597404420405
2,26,D0:F0:18:43:F8:49,-75,1597404420407
0,27,D0:F0:18:43:F8:33,-82,1597404420913
1,28,D0:F0:18:43:F8:2F,-64,1597404420916
2,29,D0:F0:18:43:F8:49,-76,1597404420917
0,30,D0:F0:18:43:F8:33,-72,1597404421424
1,31,D0:F0:18:43:F8:2F,-64,1597404421427
2,32,D0:F0:18:43:F8:49,-80,1597404421428
0,33,D0:F0:18:43:F8:33,-73,1597404421931
1,34,D0:F0:18:43:F8:2F,-64,1597404421934
2,35,D0:F0:18:43:F8:49,-71,1597404421937
0,36,D0:F0:18:43:F8:33,-80,1597404422436
1,37,D0:F0:18:43:F8:2F,-65,1597404422439
0,38,D0:F0:18:43:F8:33,-78,1597404422943
1,39,D0:F0:18:43:F8:49,-71,1597404422947
0,40,D0:F0:18:43:F8:33,-73,1597404423449
1,41,D0:F0:18:43:F8:2F,-62,1597404423452
2,42,D0:F0:18:43:F8:49,-75,1597404423453
0,43,D0:F0:18:43:F8:33,-74,1597404423955
1,44,D0:F0:18:43:F8:2F,-64,1597404423958
2,45,D0:F0:18:43:F8:49,-71,1597404423960
0,46,D0:F0:18:43:F8:33,-78,1597404424462
1,47,D0:F0:18:43:F8:2F,-65,1597404424465
2,48,D0:F0:18:43:F8:49,-74,1597404424466
0,49,D0:F0:18:43:F8:33,-74,1597404424970
1,50,D0:F0:18:43:F8:2F,-64,1597404424974
0,51,D0:F0:18:43:F8:2F,-64,1597404425480
1,52,D0:F0:18:43:F8:49,-71,1597404425483
0,53,D0:F0:18:43:F8:33,-75,1597404425986
1,54,D0:F0:18:43:F8:2F,-64,1597404425989
2,55,D0:F0:18:43:F8:49,-75,1597404425990
0,56,D0:F0:18:43:F8:33,-73,1597404426493
1,57,D0:F0:18:43:F8:2F,-65,1597404426496
2,58,D0:F0:18:43:F8:49,-77,1597404426497
0,59,D0:F0:18:43:F8:33,-77,1597404426999
0,0,D0:F0:18:43:F8:33,-64,1597404442708
1,1,D0:F0:18:43:F8:2F,-71,1597404442713
2,2,D0:F0:18:43:F8:49,-71,1597404442714
0,3,D0:F0:18:43:F8:33,-66,1597404443214
1,4,D0:F0:18:43:F8:2F,-76,1597404443217
2,5,D0:F0:18:43:F8:49,-71,1597404443218
0,6,D0:F0:18:43:F8:33,-67,1597404443721
1,7,D0:F0:18:43:F8:2F,-65,1597404443724
2,8,D0:F0:18:43:F8:49,-71,1597404443726
0,9,D0:F0:18:43:F8:33,-67,1597404444228
1,10,D0:F0:18:43:F8:2F,-70,1597404444231
2,11,D0:F0:18:43:F8:49,-71,1597404444232
0,12,D0:F0:18:43:F8:33,-66,1597404444734
1,13,D0:F0:18:43:F8:2F,-71,1597404444738
0,14,D0:F0:18:43:F8:2F,-71,1597404445241
1,15,D0:F0:18:43:F8:49,-71,1597404445244
0,16,D0:F0:18:43:F8:2F,-66,1597404445748
1,17,D0:F0:18:43:F8:49,-71,1597404445751
0,18,D0:F0:18:43:F8:33,-65,1597404446255
1,19,D0:F0:18:43:F8:2F,-71,1597404446257
2,20,D0:F0:18:43:F8:49,-71,1597404446258
0,21,D0:F0:18:43:F8:33,-68,1597404446763
1,22,D0:F0:18:43:F8:2F,-72,1597404446765
2,23,D0:F0:18:43:F8:49,-71,1597404446767
0,24,D0:F0:18:43:F8:33,-64,1597404447269
1,25,D0:F0:18:43:F8:2F,-64,1597404447272
2,26,D0:F0:18:43:F8:49,-71,1597404447273
0,27,D0:F0:18:43:F8:33,-69,1597404447777
1,28,D0:F0:18:43:F8:2F,-71,1597404447779
2,29,D0:F0:18:43:F8:49,-70,1597404447780
0,30,D0:F0:18:43:F8:33,-65,1597404448286
1,31,D0:F0:18:43:F8:2F,-65,1597404448288
2,32,D0:F0:18:43:F8:49,-71,1597404448289
0,33,D0:F0:18:43:F8:33,-65,1597404448792
1,34,D0:F0:18:43:F8:2F,-65,1597404448795
2,35,D0:F0:18:43:F8:49,-71,1597404448797
0,36,D0:F0:18:43:F8:33,-69,1597404449300
1,37,D0:F0:18:43:F8:2F,-71,1597404449302
2,38,D0:F0:18:43:F8:49,-71,1597404449304
0,39,D0:F0:18:43:F8:33,-65,1597404449807
1,40,D0:F0:18:43:F8:2F,-64,1597404449810
2,41,D0:F0:18:43:F8:49,-71,1597404449811
0,42,D0:F0:18:43:F8:33,-66,1597404450313
1,43,D0:F0:18:43:F8:2F,-70,1597404450316
2,44,D0:F0:18:43:F8:49,-71,1597404450317
0,45,D0:F0:18:43:F8:33,-63,1597404450820
1,46,D0:F0:18:43:F8:2F,-71,1597404450822
2,47,D0:F0:18:43:F8:49,-71,1597404450823
0,48,D0:F0:18:43:F8:33,-63,1597404451326
1,49,D0:F0:18:43:F8:2F,-64,1597404451329
2,50,D0:F0:18:43:F8:49,-73,1597404451330
0,51,D0:F0:18:43:F8:33,-67,1597404451832
1,52,D0:F0:18:43:F8:2F,-71,1597404451834
0,53,D0:F0:18:43:F8:33,-66,1597404452340
1,54,D0:F0:18:43:F8:49,-71,1597404452342
0,55,D0:F0:18:43:F8:33,-67,1597404452847
1,56,D0:F0:18:43:F8:2F,-71,1597404452850
2,57,D0:F0:18:43:F8:49,-73,1597404452851
0,58,D0:F0:18:43:F8:33,-66,1597404453354
1,59,D0:F0:18:43:F8:2F,-71,1597404453358
0,0,D0:F0:18:43:F8:33,-71,1597404472095
1,1,D0:F0:18:43:F8:2F,-59,1597404472098
0,2,D0:F0:18:43:F8:2F,-71,1597404472601
0,3,D0:F0:18:43:F8:2F,-59,1597404473107
1,4,D0:F0:18:43:F8:49,-79,1597404473109
0,5,D0:F0:18:43:F8:33,-69,1597404473613
1,6,D0:F0:18:43:F8:49,-77,1597404473616
0,7,D0:F0:18:43:F8:2F,-70,1597404474121
0,8,D0:F0:18:43:F8:33,-66,1597404474627
1,9,D0:F0:18:43:F8:2F,-59,1597404474630
2,10,D0:F0:18:43:F8:49,-76,1597404474631
0,11,D0:F0:18:43:F8:33,-69,1597404475133
0,12,D0:F0:18:43:F8:33,-70,1597404475639
1,13,D0:F0:18:43:F8:49,-80,1597404475641
0,14,D0:F0:18:43:F8:33,-68,1597404476146
1,15,D0:F0:18:43:F8:2F,-62,1597404476148
2,16,D0:F0:18:43:F8:49,-76,1597404476150
0,17,D0:F0:18:43:F8:33,-68,1597404476653
1,18,D0:F0:18:43:F8:2F,-71,1597404476655
2,19,D0:F0:18:43:F8:49,-78,1597404476656
0,20,D0:F0:18:43:F8:33,-69,1597404477159
1,21,D0:F0:18:43:F8:2F,-59,1597404477161
2,22,D0:F0:18:43:F8:49,-78,1597404477162
0,23,D0:F0:18:43:F8:33,-69,1597404477664
1,24,D0:F0:18:43:F8:2F,-59,1597404477667
0,25,D0:F0:18:43:F8:33,-69,1597404478170
0,26,D0:F0:18:43:F8:33,-68,1597404478676
1,27,D0:F0:18:43:F8:2F,-71,1597404478678
2,28,D0:F0:18:43:F8:49,-76,1597404478679
0,29,D0:F0:18:43:F8:33,-70,1597404479183
1,30,D0:F0:18:43:F8:2F,-59,1597404479185
0,31,D0:F0:18:43:F8:33,-71,1597404479688
1,32,D0:F0:18:43:F8:2F,-62,1597404479690
0,33,D0:F0:18:43:F8:33,-71,1597404480197
1,34,D0:F0:18:43:F8:2F,-71,1597404480200
2,35,D0:F0:18:43:F8:49,-83,1597404480201
0,36,D0:F0:18:43:F8:33,-71,1597404480701
1,37,D0:F0:18:43:F8:2F,-59,1597404480704
0,38,D0:F0:18:43:F8:33,-68,1597404481209
1,39,D0:F0:18:43:F8:2F,-62,1597404481211
2,40,D0:F0:18:43:F8:49,-78,1597404481212
0,41,D0:F0:18:43:F8:33,-69,1597404481714
1,42,D0:F0:18:43:F8:2F,-71,1597404481717
0,43,D0:F0:18:43:F8:33,-69,1597404482221
1,44,D0:F0:18:43:F8:2F,-63,1597404482223
0,45,D0:F0:18:43:F8:33,-68,1597404482727
1,46,D0:F0:18:43:F8:49,-78,1597404482729
0,47,D0:F0:18:43:F8:33,-69,1597404483233
1,48,D0:F0:18:43:F8:2F,-71,1597404483235
0,49,D0:F0:18:43:F8:33,-68,1597404483738
1,50,D0:F0:18:43:F8:2F,-63,1597404483740
0,51,D0:F0:18:43:F8:33,-68,1597404484750
1,52,D0:F0:18:43:F8:2F,-63,1597404484753
2,53,D0:F0:18:43:F8:49,-76,1597404484754
0,54,D0:F0:18:43:F8:33,-69,1597404485257
1,55,D0:F0:18:43:F8:2F,-59,1597404485259
2,56,D0:F0:18:43:F8:49,-79,1597404485260
0,57,D0:F0:18:43:F8:33,-69,1597404485764
1,58,D0:F0:18:43:F8:2F,-71,1597404485767
0,59,D0:F0:18:43:F8:33,-68,1597404486270
0,0,D0:F0:18:43:F8:33,-67,1597404489303
1,1,D0:F0:18:43:F8:2F,-59,1597404489304
2,2,D0:F0:18:43:F8:49,-73,1597404489304
0,3,D0:F0:18:43:F8:33,-68,1597404489810
1,4,D0:F0:18:43:F8:2F,-63,1597404489812
0,5,D0:F0:18:43:F8:33,-66,1597404490315
1,6,D0:F0:18:43:F8:49,-77,1597404490317
0,7,D0:F0:18:43:F8:33,-70,1597404490822
1,8,D0:F0:18:43:F8:2F,-63,1597404490823
2,9,D0:F0:18:43:F8:49,-78,1597404490824
0,10,D0:F0:18:43:F8:33,-68,1597404491328
1,11,D0:F0:18:43:F8:2F,-71,1597404491330
2,12,D0:F0:18:43:F8:49,-77,1597404491331
0,13,D0:F0:18:43:F8:33,-69,1597404491835
1,14,D0:F0:18:43:F8:2F,-59,1597404491838
0,15,D0:F0:18:43:F8:33,-66,1597404492338
1,16,D0:F0:18:43:F8:2F,-62,1597404492339
0,17,D0:F0:18:43:F8:33,-68,1597404492845
1,18,D0:F0:18:43:F8:2F,-61,1597404492848
2,19,D0:F0:18:43:F8:49,-76,1597404492849
0,20,D0:F0:18:43:F8:33,-69,1597404493352
1,21,D0:F0:18:43:F8:2F,-63,1597404493354
0,22,D0:F0:18:43:F8:33,-66,1597404493858
1,23,D0:F0:18:43:F8:2F,-71,1597404493860
2,24,D0:F0:18:43:F8:49,-76,1597404493861
0,25,D0:F0:18:43:F8:33,-70,1597404494363
1,26,D0:F0:18:43:F8:2F,-59,1597404494365
0,27,D0:F0:18:43:F8:33,-67,1597404494870
1,28,D0:F0:18:43:F8:2F,-63,1597404494872
2,29,D0:F0:18:43:F8:49,-76,1597404494873
0,30,D0:F0:18:43:F8:2F,-59,1597404495375
0,31,D0:F0:18:43:F8:33,-67,1597404495880
0,32,D0:F0:18:43:F8:2F,-59,1597404496385
1,33,D0:F0:18:43:F8:49,-76,1597404496387
0,34,D0:F0:18:43:F8:33,-66,1597404496891
1,35,D0:F0:18:43:F8:2F,-63,1597404496893
0,36,D0:F0:18:43:F8:33,-66,1597404497397
1,37,D0:F0:18:43:F8:2F,-71,1597404497399
2,38,D0:F0:18:43:F8:49,-83,1597404497400
0,39,D0:F0:18:43:F8:33,-70,1597404497904
1,40,D0:F0:18:43:F8:2F,-59,1597404497907
2,41,D0:F0:18:43:F8:49,-76,1597404497908
0,42,D0:F0:18:43:F8:2F,-59,1597404498410
0,43,D0:F0:18:43:F8:33,-70,1597404498916
1,44,D0:F0:18:43:F8:2F,-71,1597404498918
2,45,D0:F0:18:43:F8:49,-77,1597404498919
0,46,D0:F0:18:43:F8:33,-70,1597404499423
1,47,D0:F0:18:43:F8:2F,-59,1597404499425
0,48,D0:F0:18:43:F8:33,-66,1597404499929
1,49,D0:F0:18:43:F8:2F,-63,1597404499931
0,50,D0:F0:18:43:F8:2F,-71,1597404500434
0,51,D0:F0:18:43:F8:33,-70,1597404500941
1,52,D0:F0:18:43:F8:2F,-59,1597404500943
0,53,D0:F0:18:43:F8:33,-68,1597404501447
1,54,D0:F0:18:43:F8:2F,-63,1597404501449
2,55,D0:F0:18:43:F8:49,-77,1597404501450
0,56,D0:F0:18:43:F8:33,-69,1597404501952
1,57,D0:F0:18:43:F8:2F,-59,1597404501955
0,58,D0:F0:18:43:F8:33,-69,1597404502459
0,59,D0:F0:18:43:F8:33,-68,1597404502964
0,0,D0:F0:18:43:F8:33,-68,1597404513087
0,1,D0:F0:18:43:F8:33,-71,1597404513593
1,2,D0:F0:18:43:F8:2F,-73,1597404513595
2,3,D0:F0:18:43:F8:49,-71,1597404513596
0,4,D0:F0:18:43:F8:33,-65,1597404514100
1,5,D0:F0:18:43:F8:2F,-67,1597404514102
2,6,D0:F0:18:43:F8:49,-71,1597404514103
0,7,D0:F0:18:43:F8:33,-71,1597404514606
1,8,D0:F0:18:43:F8:49,-71,1597404514608
0,9,D0:F0:18:43:F8:33,-71,1597404515111
1,10,D0:F0:18:43:F8:2F,-70,1597404515113
0,11,D0:F0:18:43:F8:33,-71,1597404515618
1,12,D0:F0:18:43:F8:2F,-68,1597404515620
2,13,D0:F0:18:43:F8:49,-71,1597404515621
0,14,D0:F0:18:43:F8:33,-66,1597404516124
1,15,D0:F0:18:43:F8:2F,-71,1597404516126
2,16,D0:F0:18:43:F8:49,-74,1597404516128
0,17,D0:F0:18:43:F8:33,-71,1597404516630
1,18,D0:F0:18:43:F8:2F,-74,1597404516633
2,19,D0:F0:18:43:F8:49,-71,1597404516634
0,20,D0:F0:18:43:F8:33,-65,1597404517137
1,21,D0:F0:18:43:F8:2F,-68,1597404517139
2,22,D0:F0:18:43:F8:49,-72,1597404517140
0,23,D0:F0:18:43:F8:33,-65,1597404517643
1,24,D0:F0:18:43:F8:2F,-71,1597404517645
2,25,D0:F0:18:43:F8:49,-72,1597404517646
0,26,D0:F0:18:43:F8:33,-64,1597404518149
1,27,D0:F0:18:43:F8:2F,-74,1597404518151
2,28,D0:F0:18:43:F8:49,-72,1597404518152
0,29,D0:F0:18:43:F8:33,-65,1597404518656
1,30,D0:F0:18:43:F8:2F,-68,1597404518658
2,31,D0:F0:18:43:F8:49,-71,1597404518659
0,32,D0:F0:18:43:F8:33,-64,1597404519162
1,33,D0:F0:18:43:F8:2F,-71,1597404519164
2,34,D0:F0:18:43:F8:49,-71,1597404519165
0,35,D0:F0:18:43:F8:33,-66,1597404519668
1,36,D0:F0:18:43:F8:2F,-68,1597404519671
2,37,D0:F0:18:43:F8:49,-72,1597404519672
0,38,D0:F0:18:43:F8:33,-71,1597404520174
1,39,D0:F0:18:43:F8:2F,-71,1597404520176
2,40,D0:F0:18:43:F8:49,-71,1597404520177
0,41,D0:F0:18:43:F8:33,-64,1597404520680
1,42,D0:F0:18:43:F8:2F,-74,1597404520682
2,43,D0:F0:18:43:F8:49,-73,1597404520683
0,44,D0:F0:18:43:F8:33,-71,1597404521186
1,45,D0:F0:18:43:F8:2F,-71,1597404521188
2,46,D0:F0:18:43:F8:49,-71,1597404521189
0,47,D0:F0:18:43:F8:33,-71,1597404521692
1,48,D0:F0:18:43:F8:2F,-71,1597404521694
2,49,D0:F0:18:43:F8:49,-71,1597404521695
0,50,D0:F0:18:43:F8:33,-65,1597404522200
1,51,D0:F0:18:43:F8:2F,-68,1597404522202
2,52,D0:F0:18:43:F8:49,-72,1597404522203
0,53,D0:F0:18:43:F8:33,-71,1597404522706
1,54,D0:F0:18:43:F8:2F,-71,1597404522708
2,55,D0:F0:18:43:F8:49,-71,1597404522709
0,56,D0:F0:18:43:F8:33,-64,1597404523212
1,57,D0:F0:18:43:F8:2F,-74,1597404523214
2,58,D0:F0:18:43:F8:49,-71,1597404523215
0,59,D0:F0:18:43:F8:33,-66,1597404523719
0,0,D0:F0:18:43:F8:33,-79,1597404531323
1,1,D0:F0:18:43:F8:2F,-65,1597404531326
0,2,D0:F0:18:43:F8:2F,-65,1597404531829
1,3,D0:F0:18:43:F8:49,-72,1597404531831
0,4,D0:F0:18:43:F8:33,-71,1597404532336
1,5,D0:F0:18:43:F8:2F,-66,1597404532338
2,6,D0:F0:18:43:F8:49,-79,1597404532339
0,7,D0:F0:18:43:F8:33,-77,1597404532842
1,8,D0:F0:18:43:F8:2F,-66,1597404532844
2,9,D0:F0:18:43:F8:49,-71,1597404532845
0,10,D0:F0:18:43:F8:2F,-63,1597404533347
0,11,D0:F0:18:43:F8:33,-78,1597404533853
1,12,D0:F0:18:43:F8:2F,-63,1597404533855
2,13,D0:F0:18:43:F8:49,-71,1597404533856
0,14,D0:F0:18:43:F8:33,-77,1597404534361
1,15,D0:F0:18:43:F8:2F,-65,1597404534363
2,16,D0:F0:18:43:F8:49,-71,1597404534364
0,17,D0:F0:18:43:F8:33,-76,1597404534868
1,18,D0:F0:18:43:F8:2F,-63,1597404534870
2,19,D0:F0:18:43:F8:49,-75,1597404534871
0,20,D0:F0:18:43:F8:33,-75,1597404535376
1,21,D0:F0:18:43:F8:2F,-65,1597404535378
2,22,D0:F0:18:43:F8:49,-71,1597404535379
0,23,D0:F0:18:43:F8:33,-77,1597404535883
1,24,D0:F0:18:43:F8:2F,-64,1597404535885
2,25,D0:F0:18:43:F8:49,-71,1597404535886
0,26,D0:F0:18:43:F8:2F,-64,1597404536389
1,27,D0:F0:18:43:F8:49,-71,1597404536391
0,28,D0:F0:18:43:F8:33,-73,1597404536895
1,29,D0:F0:18:43:F8:2F,-65,1597404536898
2,30,D0:F0:18:43:F8:49,-70,1597404536899
0,31,D0:F0:18:43:F8:33,-84,1597404537401
1,32,D0:F0:18:43:F8:2F,-64,1597404537403
2,33,D0:F0:18:43:F8:49,-74,1597404537404
0,34,D0:F0:18:43:F8:33,-71,1597404537907
1,35,D0:F0:18:43:F8:2F,-65,1597404537909
0,36,D0:F0:18:43:F8:33,-77,1597404538413
1,37,D0:F0:18:43:F8:2F,-65,1597404538415
2,38,D0:F0:18:43:F8:49,-75,1597404538416
0,39,D0:F0:18:43:F8:33,-81,1597404538919
1,40,D0:F0:18:43:F8:2F,-63,1597404538921
2,41,D0:F0:18:43:F8:49,-74,1597404538922
0,42,D0:F0:18:43:F8:33,-71,1597404539425
1,43,D0:F0:18:43:F8:49,-71,1597404539428
0,44,D0:F0:18:43:F8:33,-78,1597404539932
1,45,D0:F0:18:43:F8:2F,-64,1597404539935
2,46,D0:F0:18:43:F8:49,-75,1597404539936
0,47,D0:F0:18:43:F8:2F,-63,1597404540471
0,48,D0:F0:18:43:F8:33,-71,1597404541310
1,49,D0:F0:18:43:F8:2F,-65,1597404541313
2,50,D0:F0:18:43:F8:49,-75,1597404541314
0,51,D0:F0:18:43:F8:33,-77,1597404541815
1,52,D0:F0:18:43:F8:2F,-63,1597404541817
0,53,D0:F0:18:43:F8:2F,-65,1597404542320
1,54,D0:F0:18:43:F8:49,-74,1597404542322
0,55,D0:F0:18:43:F8:33,-77,1597404542828
1,56,D0:F0:18:43:F8:2F,-63,1597404542829
2,57,D0:F0:18:43:F8:49,-74,1597404542830
0,58,D0:F0:18:43:F8:33,-72,1597404543331
1,59,D0:F0:18:43:F8:2F,-63,1597404543333
0,0,D0:F0:18:43:F8:33,-80,1597404548381
1,1,D0:F0:18:43:F8:49,-74,1597404548384
0,2,D0:F0:18:43:F8:49,-71,1597404548886
0,3,D0:F0:18:43:F8:33,-76,1597404549392
1,4,D0:F0:18:43:F8:49,-73,1597404549393
0,5,D0:F0:18:43:F8:49,-70,1597404549896
0,6,D0:F0:18:43:F8:33,-76,1597404550402
1,7,D0:F0:18:43:F8:2F,-71,1597404550404
2,8,D0:F0:18:43:F8:49,-71,1597404550405
0,9,D0:F0:18:43:F8:2F,-69,1597404550904
1,10,D0:F0:18:43:F8:49,-74,1597404550906
0,11,D0:F0:18:43:F8:2F,-80,1597404551410
1,12,D0:F0:18:43:F8:49,-73,1597404551412
0,13,D0:F0:18:43:F8:33,-77,1597404551915
1,14,D0:F0:18:43:F8:49,-75,1597404551917
0,15,D0:F0:18:43:F8:2F,-68,1597404552421
1,16,D0:F0:18:43:F8:49,-71,1597404552422
0,17,D0:F0:18:43:F8:49,-75,1597404553431
0,18,D0:F0:18:43:F8:33,-79,1597404553937
1,19,D0:F0:18:43:F8:2F,-68,1597404553938
2,20,D0:F0:18:43:F8:49,-72,1597404553939
0,21,D0:F0:18:43:F8:49,-76,1597404554442
0,22,D0:F0:18:43:F8:2F,-68,1597404554948
1,23,D0:F0:18:43:F8:49,-75,1597404554950
0,24,D0:F0:18:43:F8:33,-79,1597404555454
1,25,D0:F0:18:43:F8:49,-71,1597404555456
0,26,D0:F0:18:43:F8:33,-78,1597404556466
1,27,D0:F0:18:43:F8:2F,-69,1597404556468
2,28,D0:F0:18:43:F8:49,-70,1597404556469
0,29,D0:F0:18:43:F8:49,-70,1597404556973
0,30,D0:F0:18:43:F8:2F,-68,1597404557477
1,31,D0:F0:18:43:F8:49,-71,1597404557479
0,32,D0:F0:18:43:F8:33,-78,1597404557983
1,33,D0:F0:18:43:F8:49,-74,1597404557985
0,34,D0:F0:18:43:F8:49,-71,1597404558489
0,35,D0:F0:18:43:F8:49,-72,1597404558994
0,36,D0:F0:18:43:F8:33,-78,1597404559500
1,37,D0:F0:18:43:F8:2F,-68,1597404559502
2,38,D0:F0:18:43:F8:49,-74,1597404559503
0,39,D0:F0:18:43:F8:2F,-68,1597404560006
1,40,D0:F0:18:43:F8:49,-71,1597404560008
0,41,D0:F0:18:43:F8:33,-77,1597404560512
1,42,D0:F0:18:43:F8:49,-71,1597404560514
0,43,D0:F0:18:43:F8:2F,-68,1597404561017
0,44,D0:F0:18:43:F8:33,-81,1597404561522
1,45,D0:F0:18:43:F8:2F,-68,1597404561524
2,46,D0:F0:18:43:F8:49,-71,1597404561525
0,47,D0:F0:18:43:F8:33,-77,1597404562029
1,48,D0:F0:18:43:F8:49,-71,1597404562031
0,49,D0:F0:18:43:F8:2F,-68,1597404562534
1,50,D0:F0:18:43:F8:49,-71,1597404562536
0,51,D0:F0:18:43:F8:49,-74,1597404563039
0,52,D0:F0:18:43:F8:33,-80,1597404563545
1,53,D0:F0:18:43:F8:2F,-68,1597404563548
2,54,D0:F0:18:43:F8:49,-71,1597404563550
0,55,D0:F0:18:43:F8:33,-81,1597404564052
1,56,D0:F0:18:43:F8:2F,-68,1597404564054
2,57,D0:F0:18:43:F8:49,-71,1597404564054
0,58,D0:F0:18:43:F8:49,-74,1597404564557
0,59,D0:F0:18:43:F8:33,-81,1597404565062
0,0,D0:F0:18:43:F8:33,-77,1597404570625
1,1,D0:F0:18:43:F8:49,-77,1597404570627
0,2,D0:F0:18:43:F8:2F,-76,1597404571131
1,3,D0:F0:18:43:F8:49,-72,1597404571133
0,4,D0:F0:18:43:F8:49,-71,1597404571637
0,5,D0:F0:18:43:F8:49,-71,1597404572142
0,6,D0:F0:18:43:F8:2F,-82,1597404572648
1,7,D0:F0:18:43:F8:49,-74,1597404572650
0,8,D0:F0:18:43:F8:49,-71,1597404573150
0,9,D0:F0:18:43:F8:33,-77,1597404573653
1,10,D0:F0:18:43:F8:49,-74,1597404573654
0,11,D0:F0:18:43:F8:33,-77,1597404574159
1,12,D0:F0:18:43:F8:49,-72,1597404574161
0,13,D0:F0:18:43:F8:49,-71,1597404574665
0,14,D0:F0:18:43:F8:2F,-80,1597404575170
0,15,D0:F0:18:43:F8:33,-80,1597404575677
1,16,D0:F0:18:43:F8:49,-74,1597404575678
0,17,D0:F0:18:43:F8:2F,-80,1597404576182
1,18,D0:F0:18:43:F8:49,-75,1597404576184
0,19,D0:F0:18:43:F8:2F,-79,1597404576688
0,20,D0:F0:18:43:F8:2F,-80,1597404577192
0,21,D0:F0:18:43:F8:49,-74,1597404577698
0,22,D0:F0:18:43:F8:33,-82,1597404578203
1,23,D0:F0:18:43:F8:49,-73,1597404578205
0,24,D0:F0:18:43:F8:2F,-77,1597404578709
1,25,D0:F0:18:43:F8:49,-73,1597404578710
0,26,D0:F0:18:43:F8:33,-79,1597404579214
1,27,D0:F0:18:43:F8:49,-71,1597404579216
0,28,D0:F0:18:43:F8:33,-80,1597404579719
0,29,D0:F0:18:43:F8:33,-79,1597404580225
1,30,D0:F0:18:43:F8:2F,-74,1597404580227
2,31,D0:F0:18:43:F8:49,-74,1597404580227
0,32,D0:F0:18:43:F8:33,-78,1597404580731
1,33,D0:F0:18:43:F8:49,-71,1597404580732
0,34,D0:F0:18:43:F8:2F,-80,1597404581238
1,35,D0:F0:18:43:F8:49,-74,1597404581240
0,36,D0:F0:18:43:F8:33,-77,1597404581743
1,37,D0:F0:18:43:F8:49,-74,1597404581745
0,38,D0:F0:18:43:F8:49,-81,1597404582248
0,39,D0:F0:18:43:F8:49,-73,1597404582753
0,40,D0:F0:18:43:F8:33,-77,1597404583259
1,41,D0:F0:18:43:F8:49,-73,1597404583261
0,42,D0:F0:18:43:F8:2F,-77,1597404583766
1,43,D0:F0:18:43:F8:49,-79,1597404583768
0,44,D0:F0:18:43:F8:33,-77,1597404584272
1,45,D0:F0:18:43:F8:49,-74,1597404584274
0,46,D0:F0:18:43:F8:2F,-77,1597404584779
1,47,D0:F0:18:43:F8:49,-80,1597404584781
0,48,D0:F0:18:43:F8:33,-78,1597404585283
0,49,D0:F0:18:43:F8:33,-78,1597404585789
1,50,D0:F0:18:43:F8:49,-74,1597404585791
0,51,D0:F0:18:43:F8:33,-78,1597404586295
1,52,D0:F0:18:43:F8:2F,-77,1597404586297
2,53,D0:F0:18:43:F8:49,-74,1597404586298
0,54,D0:F0:18:43:F8:49,-73,1597404586800
0,55,D0:F0:18:43:F8:33,-78,1597404587305
1,56,D0:F0:18:43:F8:49,-79,1597404587307
0,57,D0:F0:18:43:F8:33,-78,1597404587812
1,58,D0:F0:18:43:F8:49,-73,1597404587814
0,59,D0:F0:18:43:F8:33,-78,1597404588319
0,0,D0:F0:18:43:F8:33,-74,1597404593373
1,1,D0:F0:18:43:F8:49,-73,1597404593376
0,2,D0:F0:18:43:F8:33,-77,1597404593880
1,3,D0:F0:18:43:F8:2F,-76,1597404593881
2,4,D0:F0:18:43:F8:49,-71,1597404593882
0,5,D0:F0:18:43:F8:33,-75,1597404594386
1,6,D0:F0:18:43:F8:49,-72,1597404594388
0,7,D0:F0:18:43:F8:2F,-75,1597404594892
1,8,D0:F0:18:43:F8:49,-80,1597404594894
0,9,D0:F0:18:43:F8:33,-74,1597404595398
1,10,D0:F0:18:43:F8:49,-73,1597404595400
0,11,D0:F0:18:43:F8:33,-74,1597404595899
1,12,D0:F0:18:43:F8:49,-74,1597404595900
0,13,D0:F0:18:43:F8:33,-78,1597404596406
1,14,D0:F0:18:43:F8:2F,-73,1597404596408
2,15,D0:F0:18:43:F8:49,-71,1597404596409
0,16,D0:F0:18:43:F8:33,-73,1597404596913
1,17,D0:F0:18:43:F8:2F,-78,1597404596914
2,18,D0:F0:18:43:F8:49,-73,1597404596915
0,19,D0:F0:18:43:F8:33,-73,1597404597419
1,20,D0:F0:18:43:F8:2F,-73,1597404597421
2,21,D0:F0:18:43:F8:49,-74,1597404597422
0,22,D0:F0:18:43:F8:2F,-77,1597404597925
1,23,D0:F0:18:43:F8:49,-72,1597404597928
0,24,D0:F0:18:43:F8:33,-72,1597404598439
1,25,D0:F0:18:43:F8:2F,-77,1597404598441
2,26,D0:F0:18:43:F8:49,-76,1597404598442
0,27,D0:F0:18:43:F8:2F,-77,1597404598945
1,28,D0:F0:18:43:F8:49,-74,1597404598947
0,29,D0:F0:18:43:F8:33,-72,1597404599451
1,30,D0:F0:18:43:F8:49,-76,1597404599453
0,31,D0:F0:18:43:F8:2F,-73,1597404599957
0,32,D0:F0:18:43:F8:2F,-77,1597404600463
1,33,D0:F0:18:43:F8:49,-72,1597404600464
0,34,D0:F0:18:43:F8:49,-74,1597404600968
0,35,D0:F0:18:43:F8:2F,-77,1597404601473
1,36,D0:F0:18:43:F8:49,-75,1597404601475
0,37,D0:F0:18:43:F8:33,-71,1597404601979
0,38,D0:F0:18:43:F8:33,-82,1597404602484
1,39,D0:F0:18:43:F8:2F,-73,1597404602486
2,40,D0:F0:18:43:F8:49,-72,1597404602487
0,41,D0:F0:18:43:F8:33,-71,1597404602990
1,42,D0:F0:18:43:F8:2F,-77,1597404602992
2,43,D0:F0:18:43:F8:49,-74,1597404602993
0,44,D0:F0:18:43:F8:49,-75,1597404603496
0,45,D0:F0:18:43:F8:2F,-77,1597404604001
1,46,D0:F0:18:43:F8:49,-73,1597404604003
0,47,D0:F0:18:43:F8:33,-71,1597404604507
1,48,D0:F0:18:43:F8:49,-74,1597404604509
0,49,D0:F0:18:43:F8:2F,-73,1597404605012
0,50,D0:F0:18:43:F8:33,-71,1597404605518
1,51,D0:F0:18:43:F8:2F,-77,1597404605520
2,52,D0:F0:18:43:F8:49,-75,1597404605521
0,53,D0:F0:18:43:F8:49,-73,1597404606023
0,54,D0:F0:18:43:F8:33,-71,1597404606529
1,55,D0:F0:18:43:F8:2F,-73,1597404606530
0,56,D0:F0:18:43:F8:33,-71,1597404607034
1,57,D0:F0:18:43:F8:2F,-77,1597404607038
2,58,D0:F0:18:43:F8:49,-74,1597404607039
0,59,D0:F0:18:43:F8:33,-82,1597404607540
0,0,D0:F0:18:43:F8:33,-77,1597404612106
1,1,D0:F0:18:43:F8:49,-70,1597404612107
0,2,D0:F0:18:43:F8:49,-70,1597404612608
0,3,D0:F0:18:43:F8:49,-71,1597404613113
0,4,D0:F0:18:43:F8:33,-77,1597404613619
1,5,D0:F0:18:43:F8:49,-71,1597404613620
0,6,D0:F0:18:43:F8:33,-81,1597404614124
0,7,D0:F0:18:43:F8:33,-78,1597404614630
1,8,D0:F0:18:43:F8:49,-69,1597404614631
0,9,D0:F0:18:43:F8:33,-79,1597404615135
1,10,D0:F0:18:43:F8:49,-71,1597404615137
0,11,D0:F0:18:43:F8:33,-79,1597404615641
1,12,D0:F0:18:43:F8:49,-71,1597404615643
0,13,D0:F0:18:43:F8:49,-70,1597404616651
0,14,D0:F0:18:43:F8:33,-77,1597404617156
0,15,D0:F0:18:43:F8:33,-78,1597404617661
0,16,D0:F0:18:43:F8:49,-71,1597404618167
0,17,D0:F0:18:43:F8:33,-77,1597404618673
1,18,D0:F0:18:43:F8:49,-71,1597404618675
0,19,D0:F0:18:43:F8:2F,-80,1597404619179
1,20,D0:F0:18:43:F8:49,-71,1597404619180
0,21,D0:F0:18:43:F8:33,-77,1597404619684
1,22,D0:F0:18:43:F8:49,-71,1597404619685
0,23,D0:F0:18:43:F8:49,-70,1597404620190
0,24,D0:F0:18:43:F8:33,-77,1597404620696
1,25,D0:F0:18:43:F8:2F,-81,1597404620698
2,26,D0:F0:18:43:F8:49,-71,1597404620699
0,27,D0:F0:18:43:F8:33,-80,1597404621203
1,28,D0:F0:18:43:F8:49,-71,1597404621204
0,29,D0:F0:18:43:F8:33,-80,1597404622213
1,30,D0:F0:18:43:F8:49,-70,1597404622214
0,31,D0:F0:18:43:F8:2F,-79,1597404623222
1,32,D0:F0:18:43:F8:49,-71,1597404623224
0,33,D0:F0:18:43:F8:49,-71,1597404623728
0,34,D0:F0:18:43:F8:49,-71,1597404624232
0,35,D0:F0:18:43:F8:33,-79,1597404624739
1,36,D0:F0:18:43:F8:49,-71,1597404624740
0,37,D0:F0:18:43:F8:33,-76,1597404625245
1,38,D0:F0:18:43:F8:2F,-79,1597404625247
2,39,D0:F0:18:43:F8:49,-71,1597404625248
0,40,D0:F0:18:43:F8:49,-71,1597404625750
0,41,D0:F0:18:43:F8:33,-77,1597404626256
1,42,D0:F0:18:43:F8:49,-71,1597404626257
0,43,D0:F0:18:43:F8:33,-77,1597404626761
1,44,D0:F0:18:43:F8:49,-71,1597404626762
0,45,D0:F0:18:43:F8:33,-80,1597404627267
1,46,D0:F0:18:43:F8:49,-70,1597404627269
0,47,D0:F0:18:43:F8:33,-76,1597404627772
0,48,D0:F0:18:43:F8:49,-72,1597404628278
0,49,D0:F0:18:43:F8:49,-81,1597404628783
0,50,D0:F0:18:43:F8:49,-71,1597404629288
0,51,D0:F0:18:43:F8:49,-71,1597404629793
0,52,D0:F0:18:43:F8:33,-79,1597404630804
1,53,D0:F0:18:43:F8:49,-71,1597404630805
0,54,D0:F0:18:43:F8:33,-77,1597404631309
0,55,D0:F0:18:43:F8:33,-77,1597404631813
0,56,D0:F0:18:43:F8:33,-76,1597404632319
1,57,D0:F0:18:43:F8:49,-71,1597404632321
0,58,D0:F0:18:43:F8:33,-76,1597404632825
0,59,D0:F0:18:43:F8:49,-71,1597404633330
0,0,D0:F0:18:43:F8:33,-83,1597404638388
1,1,D0:F0:18:43:F8:49,-68,1597404638390
0,2,D0:F0:18:43:F8:33,-77,1597404638893
1,3,D0:F0:18:43:F8:2F,-71,1597404638895
2,4,D0:F0:18:43:F8:49,-66,1597404638896
0,5,D0:F0:18:43:F8:49,-66,1597404639399
0,6,D0:F0:18:43:F8:33,-74,1597404639907
1,7,D0:F0:18:43:F8:49,-71,1597404639909
0,8,D0:F0:18:43:F8:33,-77,1597404640413
1,9,D0:F0:18:43:F8:2F,-72,1597404640415
2,10,D0:F0:18:43:F8:49,-66,1597404640416
0,11,D0:F0:18:43:F8:33,-80,1597404640918
1,12,D0:F0:18:43:F8:2F,-79,1597404640920
2,13,D0:F0:18:43:F8:49,-68,1597404640920
0,14,D0:F0:18:43:F8:33,-74,1597404641424
1,15,D0:F0:18:43:F8:2F,-72,1597404641426
2,16,D0:F0:18:43:F8:49,-65,1597404641427
0,17,D0:F0:18:43:F8:33,-81,1597404641930
1,18,D0:F0:18:43:F8:2F,-76,1597404641932
2,19,D0:F0:18:43:F8:49,-66,1597404641933
0,20,D0:F0:18:43:F8:2F,-81,1597404642437
1,21,D0:F0:18:43:F8:49,-66,1597404642438
0,22,D0:F0:18:43:F8:33,-78,1597404642943
1,23,D0:F0:18:43:F8:2F,-71,1597404642944
2,24,D0:F0:18:43:F8:49,-70,1597404642945
0,25,D0:F0:18:43:F8:33,-74,1597404643458
1,26,D0:F0:18:43:F8:49,-70,1597404643460
0,27,D0:F0:18:43:F8:2F,-79,1597404643963
1,28,D0:F0:18:43:F8:49,-65,1597404643964
0,29,D0:F0:18:43:F8:2F,-79,1597404644468
1,30,D0:F0:18:43:F8:49,-70,1597404644470
0,31,D0:F0:18:43:F8:33,-75,1597404644975
1,32,D0:F0:18:43:F8:2F,-72,1597404644977
2,33,D0:F0:18:43:F8:49,-69,1597404644978
0,34,D0:F0:18:43:F8:2F,-80,1597404645481
1,35,D0:F0:18:43:F8:49,-66,1597404645483
0,36,D0:F0:18:43:F8:33,-82,1597404645988
1,37,D0:F0:18:43:F8:2F,-79,1597404645989
2,38,D0:F0:18:43:F8:49,-69,1597404645990
0,39,D0:F0:18:43:F8:33,-74,1597404646493
1,40,D0:F0:18:43:F8:2F,-72,1597404646494
2,41,D0:F0:18:43:F8:49,-69,1597404646495
0,42,D0:F0:18:43:F8:33,-78,1597404646999
1,43,D0:F0:18:43:F8:2F,-80,1597404647001
2,44,D0:F0:18:43:F8:49,-69,1597404647002
0,45,D0:F0:18:43:F8:33,-74,1597404647505
1,46,D0:F0:18:43:F8:49,-70,1597404647508
0,47,D0:F0:18:43:F8:2F,-79,1597404648011
1,48,D0:F0:18:43:F8:49,-66,1597404648013
0,49,D0:F0:18:43:F8:33,-79,1597404648518
1,50,D0:F0:18:43:F8:2F,-78,1597404648520
2,51,D0:F0:18:43:F8:49,-69,1597404648521
0,52,D0:F0:18:43:F8:33,-74,1597404649025
1,53,D0:F0:18:43:F8:2F,-71,1597404649027
2,54,D0:F0:18:43:F8:49,-66,1597404649028
0,55,D0:F0:18:43:F8:2F,-78,1597404649531
1,56,D0:F0:18:43:F8:49,-65,1597404649533
0,57,D0:F0:18:43:F8:2F,-71,1597404650035
0,58,D0:F0:18:43:F8:33,-83,1597404650542
1,59,D0:F0:18:43:F8:2F,-77,1597404650544
0,0,D0:F0:18:43:F8:33,-83,1597404655601
1,1,D0:F0:18:43:F8:2F,-79,1597404655603
2,2,D0:F0:18:43:F8:49,-58,1597404655603
0,3,D0:F0:18:43:F8:33,-79,1597404656104
1,4,D0:F0:18:43:F8:2F,-80,1597404656105
0,5,D0:F0:18:43:F8:33,-77,1597404656613
1,6,D0:F0:18:43:F8:49,-58,1597404656615
0,7,D0:F0:18:43:F8:2F,-75,1597404657119
1,8,D0:F0:18:43:F8:49,-58,1597404657120
0,9,D0:F0:18:43:F8:33,-74,1597404657624
1,10,D0:F0:18:43:F8:2F,-79,1597404657626
0,11,D0:F0:18:43:F8:33,-78,1597404658131
1,12,D0:F0:18:43:F8:2F,-73,1597404658133
2,13,D0:F0:18:43:F8:49,-57,1597404658133
0,14,D0:F0:18:43:F8:2F,-73,1597404658638
1,15,D0:F0:18:43:F8:49,-58,1597404658639
0,16,D0:F0:18:43:F8:33,-78,1597404659144
1,17,D0:F0:18:43:F8:2F,-76,1597404659146
2,18,D0:F0:18:43:F8:49,-58,1597404659147
0,19,D0:F0:18:43:F8:2F,-81,1597404659649
0,20,D0:F0:18:43:F8:33,-76,1597404660154
1,21,D0:F0:18:43:F8:2F,-77,1597404660157
2,22,D0:F0:18:43:F8:49,-62,1597404660157
0,23,D0:F0:18:43:F8:2F,-77,1597404660657
1,24,D0:F0:18:43:F8:49,-58,1597404660658
0,25,D0:F0:18:43:F8:33,-80,1597404661164
1,26,D0:F0:18:43:F8:2F,-77,1597404661165
2,27,D0:F0:18:43:F8:49,-58,1597404661166
0,28,D0:F0:18:43:F8:33,-75,1597404661669
1,29,D0:F0:18:43:F8:2F,-73,1597404661671
2,30,D0:F0:18:43:F8:49,-62,1597404661671
0,31,D0:F0:18:43:F8:2F,-77,1597404662177
1,32,D0:F0:18:43:F8:49,-58,1597404662178
0,33,D0:F0:18:43:F8:2F,-77,1597404662683
1,34,D0:F0:18:43:F8:49,-58,1597404662684
0,35,D0:F0:18:43:F8:33,-83,1597404663189
1,36,D0:F0:18:43:F8:2F,-78,1597404663190
2,37,D0:F0:18:43:F8:49,-58,1597404663191
0,38,D0:F0:18:43:F8:2F,-78,1597404663694
1,39,D0:F0:18:43:F8:49,-58,1597404663695
0,40,D0:F0:18:43:F8:33,-75,1597404664199
1,41,D0:F0:18:43:F8:2F,-73,1597404664200
0,42,D0:F0:18:43:F8:2F,-79,1597404664704
0,43,D0:F0:18:43:F8:33,-75,1597404665211
1,44,D0:F0:18:43:F8:2F,-77,1597404665212
2,45,D0:F0:18:43:F8:49,-61,1597404665213
0,46,D0:F0:18:43:F8:49,-58,1597404665716
0,47,D0:F0:18:43:F8:49,-58,1597404666221
0,48,D0:F0:18:43:F8:33,-75,1597404666728
1,49,D0:F0:18:43:F8:2F,-74,1597404666730
2,50,D0:F0:18:43:F8:49,-58,1597404666731
0,51,D0:F0:18:43:F8:2F,-78,1597404667234
1,52,D0:F0:18:43:F8:49,-58,1597404667236
0,53,D0:F0:18:43:F8:33,-76,1597404667740
1,54,D0:F0:18:43:F8:2F,-76,1597404667742
2,55,D0:F0:18:43:F8:49,-62,1597404667743
0,56,D0:F0:18:43:F8:2F,-78,1597404668247
1,57,D0:F0:18:43:F8:49,-59,1597404668248
0,58,D0:F0:18:43:F8:33,-80,1597404668753
1,59,D0:F0:18:43:F8:2F,-77,1597404668754
0,0,D0:F0:18:43:F8:49,-35,1597404674812
0,1,D0:F0:18:43:F8:33,-73,1597404675319
1,2,D0:F0:18:43:F8:2F,-71,1597404675321
2,3,D0:F0:18:43:F8:49,-35,1597404675322
0,4,D0:F0:18:43:F8:33,-71,1597404675826
1,5,D0:F0:18:43:F8:2F,-80,1597404675828
2,6,D0:F0:18:43:F8:49,-35,1597404675828
0,7,D0:F0:18:43:F8:33,-71,1597404676332
1,8,D0:F0:18:43:F8:2F,-76,1597404676334
2,9,D0:F0:18:43:F8:49,-35,1597404676335
0,10,D0:F0:18:43:F8:33,-76,1597404676839
1,11,D0:F0:18:43:F8:2F,-70,1597404676840
2,12,D0:F0:18:43:F8:49,-35,1597404676841
0,13,D0:F0:18:43:F8:33,-71,1597404677346
1,14,D0:F0:18:43:F8:2F,-78,1597404677347
2,15,D0:F0:18:43:F8:49,-35,1597404677348
0,16,D0:F0:18:43:F8:33,-75,1597404677851
1,17,D0:F0:18:43:F8:2F,-76,1597404677853
2,18,D0:F0:18:43:F8:49,-36,1597404677854
0,19,D0:F0:18:43:F8:33,-75,1597404678358
1,20,D0:F0:18:43:F8:2F,-71,1597404678360
2,21,D0:F0:18:43:F8:49,-34,1597404678361
0,22,D0:F0:18:43:F8:33,-71,1597404678864
1,23,D0:F0:18:43:F8:2F,-77,1597404678866
2,24,D0:F0:18:43:F8:49,-35,1597404678867
0,25,D0:F0:18:43:F8:33,-76,1597404679370
1,26,D0:F0:18:43:F8:2F,-69,1597404679372
0,27,D0:F0:18:43:F8:33,-72,1597404679876
1,28,D0:F0:18:43:F8:2F,-77,1597404679878
2,29,D0:F0:18:43:F8:49,-34,1597404679879
0,30,D0:F0:18:43:F8:33,-74,1597404680382
1,31,D0:F0:18:43:F8:49,-36,1597404680384
0,32,D0:F0:18:43:F8:2F,-77,1597404680888
1,33,D0:F0:18:43:F8:49,-36,1597404680889
0,34,D0:F0:18:43:F8:49,-35,1597404681393
0,35,D0:F0:18:43:F8:33,-74,1597404681900
1,36,D0:F0:18:43:F8:2F,-71,1597404681901
2,37,D0:F0:18:43:F8:49,-35,1597404681902
0,38,D0:F0:18:43:F8:33,-76,1597404682405
1,39,D0:F0:18:43:F8:49,-35,1597404682407
0,40,D0:F0:18:43:F8:33,-76,1597404682911
1,41,D0:F0:18:43:F8:2F,-71,1597404682912
2,42,D0:F0:18:43:F8:49,-35,1597404682913
0,43,D0:F0:18:43:F8:33,-72,1597404683417
1,44,D0:F0:18:43:F8:2F,-80,1597404683418
2,45,D0:F0:18:43:F8:49,-35,1597404683419
0,46,D0:F0:18:43:F8:33,-75,1597404683923
1,47,D0:F0:18:43:F8:2F,-76,1597404683924
0,48,D0:F0:18:43:F8:33,-76,1597404684429
1,49,D0:F0:18:43:F8:2F,-82,1597404684431
2,50,D0:F0:18:43:F8:49,-35,1597404684432
0,51,D0:F0:18:43:F8:33,-71,1597404684936
1,52,D0:F0:18:43:F8:2F,-76,1597404684937
2,53,D0:F0:18:43:F8:49,-35,1597404684938
0,54,D0:F0:18:43:F8:33,-74,1597404685442
1,55,D0:F0:18:43:F8:2F,-70,1597404685443
2,56,D0:F0:18:43:F8:49,-36,1597404685444
0,57,D0:F0:18:43:F8:33,-75,1597404685948
1,58,D0:F0:18:43:F8:2F,-81,1597404685949
2,59,D0:F0:18:43:F8:49,-35,1597404685950
