0,0,D0:F0:18:43:F8:49,-38,1598443548556
1,1,D0:F0:18:43:F8:2F,-71,1598443548557
0,2,D0:F0:18:43:F8:49,-37,1598443549061
1,3,D0:F0:18:43:F8:2F,-69,1598443549062
0,4,D0:F0:18:43:F8:49,-38,1598443550078
1,5,D0:F0:18:43:F8:2F,-67,1598443550081
0,6,D0:F0:18:43:F8:49,-37,1598443550586
1,7,D0:F0:18:43:F8:2F,-66,1598443550589
0,8,D0:F0:18:43:F8:49,-36,1598443551601
1,9,D0:F0:18:43:F8:2F,-69,1598443551604
0,10,D0:F0:18:43:F8:49,-36,1598443552109
1,11,D0:F0:18:43:F8:2F,-70,1598443552111
0,12,D0:F0:18:43:F8:49,-36,1598443553124
1,13,D0:F0:18:43:F8:2F,-65,1598443553127
0,14,D0:F0:18:43:F8:49,-36,1598443553633
1,15,D0:F0:18:43:F8:2F,-66,1598443553636
0,16,D0:F0:18:43:F8:49,-36,1598443554142
1,17,D0:F0:18:43:F8:2F,-70,1598443554144
0,18,D0:F0:18:43:F8:49,-37,1598443554650
1,19,D0:F0:18:43:F8:2F,-65,1598443554653
0,20,D0:F0:18:43:F8:49,-36,1598443555159
1,21,D0:F0:18:43:F8:2F,-66,1598443555162
0,22,D0:F0:18:43:F8:49,-37,1598443556177
1,23,D0:F0:18:43:F8:2F,-66,1598443556180
0,24,D0:F0:18:43:F8:49,-45,1598443556686
1,25,D0:F0:18:43:F8:2F,-70,1598443556688
0,26,D0:F0:18:43:F8:49,-37,1598443557692
1,27,D0:F0:18:43:F8:2F,-66,1598443557693
0,28,D0:F0:18:43:F8:49,-36,1598443558194
1,29,D0:F0:18:43:F8:2F,-70,1598443558196
0,30,D0:F0:18:43:F8:49,-37,1598443558699
1,31,D0:F0:18:43:F8:2F,-65,1598443558700
0,32,D0:F0:18:43:F8:49,-37,1598443559707
1,33,D0:F0:18:43:F8:2F,-70,1598443559710
0,34,D0:F0:18:43:F8:49,-37,1598443560217
1,35,D0:F0:18:43:F8:2F,-66,1598443560220
0,36,D0:F0:18:43:F8:49,-36,1598443560726
1,37,D0:F0:18:43:F8:2F,-67,1598443560729
0,38,D0:F0:18:43:F8:49,-38,1598443561236
1,39,D0:F0:18:43:F8:2F,-66,1598443561239
0,40,D0:F0:18:43:F8:49,-37,1598443561745
1,41,D0:F0:18:43:F8:2F,-70,1598443561748
0,42,D0:F0:18:43:F8:49,-37,1598443562763
1,43,D0:F0:18:43:F8:2F,-66,1598443562766
0,44,D0:F0:18:43:F8:49,-36,1598443564288
1,45,D0:F0:18:43:F8:2F,-66,1598443564291
0,46,D0:F0:18:43:F8:49,-36,1598443565308
1,47,D0:F0:18:43:F8:2F,-70,1598443565311
0,48,D0:F0:18:43:F8:49,-36,1598443565823
1,49,D0:F0:18:43:F8:2F,-66,1598443565825
0,50,D0:F0:18:43:F8:49,-38,1598443566332
1,51,D0:F0:18:43:F8:2F,-67,1598443566335
0,52,D0:F0:18:43:F8:49,-37,1598443567848
1,53,D0:F0:18:43:F8:2F,-70,1598443567850
0,54,D0:F0:18:43:F8:49,-36,1598443568358
1,55,D0:F0:18:43:F8:2F,-66,1598443568361
0,56,D0:F0:18:43:F8:49,-36,1598443569376
1,57,D0:F0:18:43:F8:2F,-70,1598443569378
0,58,D0:F0:18:43:F8:49,-37,1598443569885
1,59,D0:F0:18:43:F8:2F,-66,1598443569888
0,60,D0:F0:18:43:F8:49,-37,1598443570400
1,61,D0:F0:18:43:F8:2F,-70,1598443570403
0,62,D0:F0:18:43:F8:49,-37,1598443570913
1,63,D0:F0:18:43:F8:2F,-70,1598443570916
0,64,D0:F0:18:43:F8:49,-37,1598443571422
1,65,D0:F0:18:43:F8:2F,-66,1598443571425
0,66,D0:F0:18:43:F8:49,-36,1598443571932
1,67,D0:F0:18:43:F8:2F,-67,1598443571935
0,68,D0:F0:18:43:F8:49,-37,1598443572442
1,69,D0:F0:18:43:F8:2F,-70,1598443572445
0,70,D0:F0:18:43:F8:49,-37,1598443573459
1,71,D0:F0:18:43:F8:2F,-66,1598443573461
0,72,D0:F0:18:43:F8:49,-37,1598443574475
1,73,D0:F0:18:43:F8:2F,-70,1598443574480
0,74,D0:F0:18:43:F8:49,-36,1598443574986
1,75,D0:F0:18:43:F8:2F,-66,1598443574989
0,76,D0:F0:18:43:F8:49,-37,1598443575496
1,77,D0:F0:18:43:F8:2F,-66,1598443575499
0,78,D0:F0:18:43:F8:49,-36,1598443576005
1,79,D0:F0:18:43:F8:2F,-66,1598443576007
0,0,D0:F0:18:43:F8:49,-46,1598443614158
1,1,D0:F0:18:43:F8:2F,-75,1598443614159
0,2,D0:F0:18:43:F8:49,-58,1598443614664
1,3,D0:F0:18:43:F8:2F,-78,1598443614665
0,4,D0:F0:18:43:F8:49,-49,1598443615682
1,5,D0:F0:18:43:F8:2F,-80,1598443615685
0,6,D0:F0:18:43:F8:49,-48,1598443616193
1,7,D0:F0:18:43:F8:2F,-80,1598443616195
0,8,D0:F0:18:43:F8:49,-57,1598443617718
1,9,D0:F0:18:43:F8:2F,-79,1598443617720
0,10,D0:F0:18:43:F8:49,-46,1598443618228
1,11,D0:F0:18:43:F8:2F,-77,1598443618230
0,12,D0:F0:18:43:F8:49,-58,1598443624282
1,13,D0:F0:18:43:F8:2F,-79,1598443624284
0,14,D0:F0:18:43:F8:49,-47,1598443624786
1,15,D0:F0:18:43:F8:2F,-79,1598443624788
0,16,D0:F0:18:43:F8:49,-48,1598443625799
1,17,D0:F0:18:43:F8:2F,-75,1598443625804
0,18,D0:F0:18:43:F8:49,-58,1598443626298
1,19,D0:F0:18:43:F8:2F,-80,1598443626300
0,20,D0:F0:18:43:F8:49,-46,1598443626801
1,21,D0:F0:18:43:F8:2F,-80,1598443626803
0,22,D0:F0:18:43:F8:49,-48,1598443627304
1,23,D0:F0:18:43:F8:2F,-75,1598443627306
0,24,D0:F0:18:43:F8:49,-46,1598443628319
1,25,D0:F0:18:43:F8:2F,-79,1598443628322
0,26,D0:F0:18:43:F8:49,-48,1598443628829
1,27,D0:F0:18:43:F8:2F,-74,1598443628831
0,28,D0:F0:18:43:F8:49,-46,1598443629337
1,29,D0:F0:18:43:F8:2F,-79,1598443629340
0,30,D0:F0:18:43:F8:49,-49,1598443629846
1,31,D0:F0:18:43:F8:2F,-74,1598443629849
0,32,D0:F0:18:43:F8:49,-58,1598443630355
1,33,D0:F0:18:43:F8:2F,-79,1598443630358
0,34,D0:F0:18:43:F8:49,-58,1598443631374
1,35,D0:F0:18:43:F8:2F,-74,1598443631377
0,36,D0:F0:18:43:F8:49,-46,1598443632391
1,37,D0:F0:18:43:F8:2F,-75,1598443632394
0,38,D0:F0:18:43:F8:49,-46,1598443633407
1,39,D0:F0:18:43:F8:2F,-79,1598443633409
0,40,D0:F0:18:43:F8:49,-48,1598443633915
1,41,D0:F0:18:43:F8:2F,-80,1598443633918
0,42,D0:F0:18:43:F8:49,-48,1598443634932
1,43,D0:F0:18:43:F8:2F,-75,1598443634934
0,44,D0:F0:18:43:F8:49,-48,1598443636457
1,45,D0:F0:18:43:F8:2F,-74,1598443636459
0,46,D0:F0:18:43:F8:49,-46,1598443638482
1,47,D0:F0:18:43:F8:2F,-79,1598443638485
0,48,D0:F0:18:43:F8:49,-48,1598443638991
1,49,D0:F0:18:43:F8:2F,-74,1598443638994
0,50,D0:F0:18:43:F8:49,-58,1598443639500
1,51,D0:F0:18:43:F8:2F,-74,1598443639503
0,52,D0:F0:18:43:F8:49,-48,1598443642057
1,53,D0:F0:18:43:F8:2F,-74,1598443642060
0,54,D0:F0:18:43:F8:49,-58,1598443643072
1,55,D0:F0:18:43:F8:2F,-75,1598443643075
0,56,D0:F0:18:43:F8:49,-48,1598443644090
1,57,D0:F0:18:43:F8:2F,-74,1598443644093
0,58,D0:F0:18:43:F8:49,-58,1598443644601
1,59,D0:F0:18:43:F8:2F,-74,1598443644603
0,60,D0:F0:18:43:F8:49,-48,1598443645111
1,61,D0:F0:18:43:F8:2F,-80,1598443645114
0,62,D0:F0:18:43:F8:49,-58,1598443645622
1,63,D0:F0:18:43:F8:2F,-74,1598443645625
0,64,D0:F0:18:43:F8:49,-46,1598443646132
1,65,D0:F0:18:43:F8:2F,-79,1598443646134
0,66,D0:F0:18:43:F8:49,-58,1598443647153
1,67,D0:F0:18:43:F8:2F,-74,1598443647156
0,68,D0:F0:18:43:F8:49,-58,1598443647662
1,69,D0:F0:18:43:F8:2F,-74,1598443647665
0,70,D0:F0:18:43:F8:49,-46,1598443649696
1,71,D0:F0:18:43:F8:2F,-79,1598443649699
0,72,D0:F0:18:43:F8:49,-46,1598443651226
1,73,D0:F0:18:43:F8:2F,-74,1598443651229
0,74,D0:F0:18:43:F8:49,-48,1598443652242
1,75,D0:F0:18:43:F8:2F,-76,1598443652245
0,76,D0:F0:18:43:F8:49,-58,1598443653768
1,77,D0:F0:18:43:F8:2F,-77,1598443653770
0,78,D0:F0:18:43:F8:49,-58,1598443655292
1,79,D0:F0:18:43:F8:2F,-79,1598443655295
0,0,D0:F0:18:43:F8:49,-64,1598443661371
1,1,D0:F0:18:43:F8:2F,-73,1598443661372
0,2,D0:F0:18:43:F8:49,-64,1598443661877
1,3,D0:F0:18:43:F8:2F,-75,1598443661879
0,4,D0:F0:18:43:F8:49,-71,1598443662386
1,5,D0:F0:18:43:F8:2F,-71,1598443662389
0,6,D0:F0:18:43:F8:49,-60,1598443662896
1,7,D0:F0:18:43:F8:2F,-70,1598443662899
0,8,D0:F0:18:43:F8:49,-68,1598443663405
1,9,D0:F0:18:43:F8:2F,-80,1598443663408
0,10,D0:F0:18:43:F8:49,-68,1598443663914
1,11,D0:F0:18:43:F8:2F,-79,1598443663916
0,12,D0:F0:18:43:F8:49,-71,1598443664423
1,13,D0:F0:18:43:F8:2F,-70,1598443664425
0,14,D0:F0:18:43:F8:49,-60,1598443665426
1,15,D0:F0:18:43:F8:2F,-70,1598443665428
0,16,D0:F0:18:43:F8:49,-60,1598443666937
1,17,D0:F0:18:43:F8:2F,-69,1598443666938
0,18,D0:F0:18:43:F8:49,-62,1598443667942
1,19,D0:F0:18:43:F8:2F,-77,1598443667943
0,20,D0:F0:18:43:F8:49,-59,1598443668961
1,21,D0:F0:18:43:F8:2F,-77,1598443668964
0,22,D0:F0:18:43:F8:49,-61,1598443670488
1,23,D0:F0:18:43:F8:2F,-69,1598443670491
0,24,D0:F0:18:43:F8:49,-59,1598443670997
1,25,D0:F0:18:43:F8:2F,-77,1598443671000
0,26,D0:F0:18:43:F8:49,-59,1598443671505
1,27,D0:F0:18:43:F8:2F,-69,1598443671508
0,28,D0:F0:18:43:F8:49,-61,1598443673030
1,29,D0:F0:18:43:F8:2F,-70,1598443673033
0,30,D0:F0:18:43:F8:49,-62,1598443676587
1,31,D0:F0:18:43:F8:2F,-69,1598443676589
0,32,D0:F0:18:43:F8:49,-69,1598443677098
1,33,D0:F0:18:43:F8:2F,-77,1598443677100
0,34,D0:F0:18:43:F8:49,-60,1598443677607
1,35,D0:F0:18:43:F8:2F,-69,1598443677609
0,36,D0:F0:18:43:F8:49,-61,1598443679134
1,37,D0:F0:18:43:F8:2F,-69,1598443679136
0,38,D0:F0:18:43:F8:49,-61,1598443681162
1,39,D0:F0:18:43:F8:2F,-79,1598443681165
0,40,D0:F0:18:43:F8:49,-62,1598443681671
1,41,D0:F0:18:43:F8:2F,-69,1598443681674
0,42,D0:F0:18:43:F8:49,-62,1598443682691
1,43,D0:F0:18:43:F8:2F,-78,1598443682694
0,44,D0:F0:18:43:F8:49,-61,1598443683708
1,45,D0:F0:18:43:F8:2F,-77,1598443683711
0,46,D0:F0:18:43:F8:49,-60,1598443684217
1,47,D0:F0:18:43:F8:2F,-77,1598443684219
0,48,D0:F0:18:43:F8:49,-59,1598443684726
1,49,D0:F0:18:43:F8:2F,-70,1598443684729
0,50,D0:F0:18:43:F8:49,-61,1598443685235
1,51,D0:F0:18:43:F8:2F,-77,1598443685238
0,52,D0:F0:18:43:F8:49,-59,1598443687261
1,53,D0:F0:18:43:F8:2F,-68,1598443687262
0,54,D0:F0:18:43:F8:49,-61,1598443687764
1,55,D0:F0:18:43:F8:2F,-79,1598443687764
0,56,D0:F0:18:43:F8:49,-70,1598443688269
1,57,D0:F0:18:43:F8:2F,-80,1598443688271
0,58,D0:F0:18:43:F8:49,-61,1598443689277
1,59,D0:F0:18:43:F8:2F,-78,1598443689279
0,60,D0:F0:18:43:F8:49,-70,1598443689782
1,61,D0:F0:18:43:F8:2F,-68,1598443689784
0,62,D0:F0:18:43:F8:49,-62,1598443692804
1,63,D0:F0:18:43:F8:2F,-69,1598443692806
0,64,D0:F0:18:43:F8:49,-69,1598443693308
1,65,D0:F0:18:43:F8:2F,-68,1598443693310
0,66,D0:F0:18:43:F8:49,-61,1598443694314
1,67,D0:F0:18:43:F8:2F,-68,1598443694316
0,68,D0:F0:18:43:F8:49,-71,1598443695826
1,69,D0:F0:18:43:F8:2F,-68,1598443695827
0,70,D0:F0:18:43:F8:49,-61,1598443697858
1,71,D0:F0:18:43:F8:2F,-77,1598443697860
0,72,D0:F0:18:43:F8:49,-61,1598443698361
1,73,D0:F0:18:43:F8:2F,-68,1598443698362
0,74,D0:F0:18:43:F8:49,-61,1598443699368
1,75,D0:F0:18:43:F8:2F,-77,1598443699369
0,76,D0:F0:18:43:F8:49,-71,1598443699872
1,77,D0:F0:18:43:F8:2F,-69,1598443699873
0,78,D0:F0:18:43:F8:49,-61,1598443700879
1,79,D0:F0:18:43:F8:2F,-77,1598443700880
0,0,D0:F0:18:43:F8:49,-53,1598443710460
1,1,D0:F0:18:43:F8:2F,-76,1598443710462
0,2,D0:F0:18:43:F8:49,-51,1598443711468
1,3,D0:F0:18:43:F8:2F,-73,1598443711469
0,4,D0:F0:18:43:F8:49,-51,1598443711972
1,5,D0:F0:18:43:F8:2F,-74,1598443711974
0,6,D0:F0:18:43:F8:49,-51,1598443712476
1,7,D0:F0:18:43:F8:2F,-74,1598443712478
0,8,D0:F0:18:43:F8:49,-51,1598443712980
1,9,D0:F0:18:43:F8:2F,-71,1598443712982
0,10,D0:F0:18:43:F8:49,-52,1598443713486
1,11,D0:F0:18:43:F8:2F,-76,1598443713489
0,12,D0:F0:18:43:F8:49,-52,1598443716002
1,13,D0:F0:18:43:F8:2F,-75,1598443716004
0,14,D0:F0:18:43:F8:49,-51,1598443716508
1,15,D0:F0:18:43:F8:2F,-73,1598443716510
0,16,D0:F0:18:43:F8:49,-54,1598443717010
1,17,D0:F0:18:43:F8:2F,-74,1598443717012
0,18,D0:F0:18:43:F8:49,-52,1598443717514
1,19,D0:F0:18:43:F8:2F,-76,1598443717515
0,20,D0:F0:18:43:F8:49,-51,1598443718017
1,21,D0:F0:18:43:F8:2F,-74,1598443718018
0,22,D0:F0:18:43:F8:49,-52,1598443718522
1,23,D0:F0:18:43:F8:2F,-76,1598443718527
0,24,D0:F0:18:43:F8:49,-51,1598443719025
1,25,D0:F0:18:43:F8:2F,-72,1598443719027
0,26,D0:F0:18:43:F8:49,-51,1598443719529
1,27,D0:F0:18:43:F8:2F,-76,1598443719530
0,28,D0:F0:18:43:F8:49,-51,1598443720033
1,29,D0:F0:18:43:F8:2F,-75,1598443720035
0,30,D0:F0:18:43:F8:49,-51,1598443720536
1,31,D0:F0:18:43:F8:2F,-76,1598443720538
0,32,D0:F0:18:43:F8:49,-52,1598443721040
1,33,D0:F0:18:43:F8:2F,-74,1598443721042
0,34,D0:F0:18:43:F8:49,-52,1598443722552
1,35,D0:F0:18:43:F8:2F,-72,1598443722553
0,36,D0:F0:18:43:F8:49,-51,1598443723055
1,37,D0:F0:18:43:F8:2F,-76,1598443723057
0,38,D0:F0:18:43:F8:49,-51,1598443724063
1,39,D0:F0:18:43:F8:2F,-72,1598443724064
0,40,D0:F0:18:43:F8:49,-52,1598443724566
1,41,D0:F0:18:43:F8:2F,-74,1598443724568
0,42,D0:F0:18:43:F8:49,-52,1598443725574
1,43,D0:F0:18:43:F8:2F,-76,1598443725576
0,44,D0:F0:18:43:F8:49,-51,1598443726078
1,45,D0:F0:18:43:F8:2F,-74,1598443726080
0,46,D0:F0:18:43:F8:49,-51,1598443726581
1,47,D0:F0:18:43:F8:2F,-72,1598443726583
0,48,D0:F0:18:43:F8:49,-51,1598443727591
1,49,D0:F0:18:43:F8:2F,-74,1598443727592
0,50,D0:F0:18:43:F8:49,-51,1598443728098
1,51,D0:F0:18:43:F8:2F,-76,1598443728101
0,52,D0:F0:18:43:F8:49,-51,1598443729612
1,53,D0:F0:18:43:F8:2F,-76,1598443729614
0,54,D0:F0:18:43:F8:49,-52,1598443730620
1,55,D0:F0:18:43:F8:2F,-72,1598443730622
0,56,D0:F0:18:43:F8:49,-51,1598443731124
1,57,D0:F0:18:43:F8:2F,-74,1598443731126
0,58,D0:F0:18:43:F8:49,-51,1598443731628
1,59,D0:F0:18:43:F8:2F,-74,1598443731630
0,60,D0:F0:18:43:F8:49,-51,1598443732637
1,61,D0:F0:18:43:F8:2F,-74,1598443732639
0,62,D0:F0:18:43:F8:49,-51,1598443733141
1,63,D0:F0:18:43:F8:2F,-72,1598443733142
0,64,D0:F0:18:43:F8:49,-51,1598443733646
1,65,D0:F0:18:43:F8:2F,-74,1598443733647
0,66,D0:F0:18:43:F8:49,-52,1598443734149
1,67,D0:F0:18:43:F8:2F,-75,1598443734150
0,68,D0:F0:18:43:F8:49,-51,1598443734655
1,69,D0:F0:18:43:F8:2F,-72,1598443734658
0,70,D0:F0:18:43:F8:49,-51,1598443735157
1,71,D0:F0:18:43:F8:2F,-74,1598443735159
0,72,D0:F0:18:43:F8:49,-51,1598443735662
1,73,D0:F0:18:43:F8:2F,-72,1598443735663
0,74,D0:F0:18:43:F8:49,-51,1598443736165
1,75,D0:F0:18:43:F8:2F,-77,1598443736166
0,76,D0:F0:18:43:F8:49,-54,1598443737173
1,77,D0:F0:18:43:F8:2F,-76,1598443737174
0,78,D0:F0:18:43:F8:49,-51,1598443737678
1,79,D0:F0:18:43:F8:2F,-72,1598443737679
0,0,D0:F0:18:43:F8:49,-61,1598443744255
1,1,D0:F0:18:43:F8:2F,-71,1598443744256
0,2,D0:F0:18:43:F8:49,-67,1598443745273
1,3,D0:F0:18:43:F8:2F,-76,1598443745275
0,4,D0:F0:18:43:F8:49,-66,1598443745782
1,5,D0:F0:18:43:F8:2F,-71,1598443745784
0,6,D0:F0:18:43:F8:49,-64,1598443746291
1,7,D0:F0:18:43:F8:2F,-75,1598443746294
0,8,D0:F0:18:43:F8:49,-64,1598443747309
1,9,D0:F0:18:43:F8:2F,-77,1598443747312
0,10,D0:F0:18:43:F8:49,-68,1598443747810
1,11,D0:F0:18:43:F8:2F,-74,1598443747811
0,12,D0:F0:18:43:F8:49,-61,1598443748314
1,13,D0:F0:18:43:F8:2F,-74,1598443748315
0,14,D0:F0:18:43:F8:49,-67,1598443748816
1,15,D0:F0:18:43:F8:2F,-78,1598443748818
0,16,D0:F0:18:43:F8:49,-63,1598443749828
1,17,D0:F0:18:43:F8:2F,-77,1598443749830
0,18,D0:F0:18:43:F8:49,-68,1598443750334
1,19,D0:F0:18:43:F8:2F,-73,1598443750335
0,20,D0:F0:18:43:F8:49,-61,1598443750838
1,21,D0:F0:18:43:F8:2F,-73,1598443750840
0,22,D0:F0:18:43:F8:49,-63,1598443751342
1,23,D0:F0:18:43:F8:2F,-74,1598443751344
0,24,D0:F0:18:43:F8:49,-68,1598443751847
1,25,D0:F0:18:43:F8:2F,-74,1598443751850
0,26,D0:F0:18:43:F8:49,-61,1598443752353
1,27,D0:F0:18:43:F8:2F,-74,1598443752355
0,28,D0:F0:18:43:F8:49,-68,1598443752856
1,29,D0:F0:18:43:F8:2F,-74,1598443752858
0,30,D0:F0:18:43:F8:49,-68,1598443753360
1,31,D0:F0:18:43:F8:2F,-74,1598443753362
0,32,D0:F0:18:43:F8:49,-63,1598443753866
1,33,D0:F0:18:43:F8:2F,-78,1598443753868
0,34,D0:F0:18:43:F8:49,-67,1598443754369
1,35,D0:F0:18:43:F8:2F,-74,1598443754371
0,36,D0:F0:18:43:F8:49,-61,1598443754874
1,37,D0:F0:18:43:F8:2F,-74,1598443754875
0,38,D0:F0:18:43:F8:49,-68,1598443755884
1,39,D0:F0:18:43:F8:2F,-74,1598443755885
0,40,D0:F0:18:43:F8:49,-63,1598443756388
1,41,D0:F0:18:43:F8:2F,-79,1598443756390
0,42,D0:F0:18:43:F8:49,-67,1598443757898
1,43,D0:F0:18:43:F8:2F,-78,1598443757899
0,44,D0:F0:18:43:F8:49,-61,1598443758409
1,45,D0:F0:18:43:F8:2F,-74,1598443758412
0,46,D0:F0:18:43:F8:49,-63,1598443758920
1,47,D0:F0:18:43:F8:2F,-74,1598443758922
0,48,D0:F0:18:43:F8:49,-61,1598443759937
1,49,D0:F0:18:43:F8:2F,-74,1598443759939
0,50,D0:F0:18:43:F8:49,-61,1598443760954
1,51,D0:F0:18:43:F8:2F,-74,1598443760956
0,52,D0:F0:18:43:F8:49,-63,1598443761464
1,53,D0:F0:18:43:F8:2F,-74,1598443761466
0,54,D0:F0:18:43:F8:49,-61,1598443762480
1,55,D0:F0:18:43:F8:2F,-77,1598443762483
0,56,D0:F0:18:43:F8:49,-68,1598443762990
1,57,D0:F0:18:43:F8:2F,-73,1598443762992
0,58,D0:F0:18:43:F8:49,-61,1598443764008
1,59,D0:F0:18:43:F8:2F,-79,1598443764010
0,60,D0:F0:18:43:F8:49,-61,1598443764518
1,61,D0:F0:18:43:F8:2F,-73,1598443764520
0,62,D0:F0:18:43:F8:49,-64,1598443765028
1,63,D0:F0:18:43:F8:2F,-73,1598443765031
0,64,D0:F0:18:43:F8:49,-61,1598443765538
1,65,D0:F0:18:43:F8:2F,-72,1598443765541
0,66,D0:F0:18:43:F8:49,-61,1598443766047
1,67,D0:F0:18:43:F8:2F,-74,1598443766050
0,68,D0:F0:18:43:F8:49,-70,1598443766558
1,69,D0:F0:18:43:F8:2F,-78,1598443766560
0,70,D0:F0:18:43:F8:49,-63,1598443767573
1,71,D0:F0:18:43:F8:2F,-78,1598443767576
0,72,D0:F0:18:43:F8:49,-61,1598443768592
1,73,D0:F0:18:43:F8:2F,-78,1598443768595
0,74,D0:F0:18:43:F8:49,-63,1598443769104
1,75,D0:F0:18:43:F8:2F,-72,1598443769107
0,76,D0:F0:18:43:F8:49,-60,1598443770122
1,77,D0:F0:18:43:F8:2F,-79,1598443770124
0,78,D0:F0:18:43:F8:49,-63,1598443770631
1,79,D0:F0:18:43:F8:2F,-73,1598443770634
0,0,D0:F0:18:43:F8:49,-75,1598443779284
1,1,D0:F0:18:43:F8:2F,-76,1598443779285
0,2,D0:F0:18:43:F8:49,-63,1598443779790
1,3,D0:F0:18:43:F8:2F,-76,1598443779791
0,4,D0:F0:18:43:F8:49,-67,1598443780808
1,5,D0:F0:18:43:F8:2F,-78,1598443780811
0,6,D0:F0:18:43:F8:49,-64,1598443782334
1,7,D0:F0:18:43:F8:2F,-77,1598443782337
0,8,D0:F0:18:43:F8:49,-64,1598443783854
1,9,D0:F0:18:43:F8:2F,-77,1598443783857
0,10,D0:F0:18:43:F8:49,-65,1598443784362
1,11,D0:F0:18:43:F8:2F,-77,1598443784364
0,12,D0:F0:18:43:F8:49,-64,1598443785887
1,13,D0:F0:18:43:F8:2F,-77,1598443785890
0,14,D0:F0:18:43:F8:49,-65,1598443787412
1,15,D0:F0:18:43:F8:2F,-77,1598443787415
0,16,D0:F0:18:43:F8:49,-65,1598443788422
1,17,D0:F0:18:43:F8:2F,-76,1598443788425
0,18,D0:F0:18:43:F8:49,-65,1598443789439
1,19,D0:F0:18:43:F8:2F,-77,1598443789442
0,20,D0:F0:18:43:F8:49,-65,1598443790963
1,21,D0:F0:18:43:F8:2F,-77,1598443790966
0,22,D0:F0:18:43:F8:49,-70,1598443791982
1,23,D0:F0:18:43:F8:2F,-77,1598443791985
0,24,D0:F0:18:43:F8:49,-65,1598443793506
1,25,D0:F0:18:43:F8:2F,-77,1598443793509
0,26,D0:F0:18:43:F8:49,-68,1598443794523
1,27,D0:F0:18:43:F8:2F,-77,1598443794526
0,28,D0:F0:18:43:F8:49,-65,1598443796048
1,29,D0:F0:18:43:F8:2F,-77,1598443796051
0,30,D0:F0:18:43:F8:49,-65,1598443797574
1,31,D0:F0:18:43:F8:2F,-77,1598443797576
0,32,D0:F0:18:43:F8:49,-64,1598443799098
1,33,D0:F0:18:43:F8:2F,-79,1598443799101
0,34,D0:F0:18:43:F8:49,-72,1598443800110
1,35,D0:F0:18:43:F8:2F,-77,1598443800112
0,36,D0:F0:18:43:F8:49,-69,1598443802146
1,37,D0:F0:18:43:F8:2F,-79,1598443802149
0,38,D0:F0:18:43:F8:49,-69,1598443802655
1,39,D0:F0:18:43:F8:2F,-78,1598443802658
0,40,D0:F0:18:43:F8:49,-63,1598443803165
1,41,D0:F0:18:43:F8:2F,-78,1598443803168
0,42,D0:F0:18:43:F8:49,-63,1598443806214
1,43,D0:F0:18:43:F8:2F,-78,1598443806217
0,44,D0:F0:18:43:F8:49,-69,1598443807232
1,45,D0:F0:18:43:F8:2F,-78,1598443807235
0,46,D0:F0:18:43:F8:49,-63,1598443808762
1,47,D0:F0:18:43:F8:2F,-78,1598443808763
0,48,D0:F0:18:43:F8:49,-65,1598443813339
1,49,D0:F0:18:43:F8:2F,-78,1598443813341
0,50,D0:F0:18:43:F8:49,-69,1598443813847
1,51,D0:F0:18:43:F8:2F,-78,1598443813855
0,52,D0:F0:18:43:F8:49,-65,1598443814862
1,53,D0:F0:18:43:F8:2F,-77,1598443814865
0,54,D0:F0:18:43:F8:49,-69,1598443820441
1,55,D0:F0:18:43:F8:2F,-77,1598443820444
0,56,D0:F0:18:43:F8:49,-65,1598443821965
1,57,D0:F0:18:43:F8:2F,-77,1598443821968
0,58,D0:F0:18:43:F8:49,-70,1598443822474
1,59,D0:F0:18:43:F8:2F,-77,1598443822476
0,60,D0:F0:18:43:F8:49,-70,1598443825015
1,61,D0:F0:18:43:F8:2F,-77,1598443825018
0,62,D0:F0:18:43:F8:49,-65,1598443827049
1,63,D0:F0:18:43:F8:2F,-77,1598443827052
0,64,D0:F0:18:43:F8:49,-65,1598443827556
1,65,D0:F0:18:43:F8:2F,-77,1598443827559
0,66,D0:F0:18:43:F8:49,-70,1598443829078
1,67,D0:F0:18:43:F8:2F,-77,1598443829080
0,68,D0:F0:18:43:F8:49,-63,1598443831617
1,69,D0:F0:18:43:F8:2F,-77,1598443831620
0,70,D0:F0:18:43:F8:49,-65,1598443832126
1,71,D0:F0:18:43:F8:2F,-77,1598443832129
0,72,D0:F0:18:43:F8:49,-70,1598443832635
1,73,D0:F0:18:43:F8:2F,-77,1598443832638
0,74,D0:F0:18:43:F8:49,-70,1598443833654
1,75,D0:F0:18:43:F8:2F,-77,1598443833657
0,76,D0:F0:18:43:F8:49,-63,1598443834163
1,77,D0:F0:18:43:F8:2F,-77,1598443834166
0,78,D0:F0:18:43:F8:49,-65,1598443834673
1,79,D0:F0:18:43:F8:2F,-77,1598443834675
0,0,D0:F0:18:43:F8:49,-74,1598443841803
1,1,D0:F0:18:43:F8:2F,-72,1598443841804
0,2,D0:F0:18:43:F8:49,-72,1598443842308
1,3,D0:F0:18:43:F8:2F,-73,1598443842310
0,4,D0:F0:18:43:F8:49,-72,1598443843326
1,5,D0:F0:18:43:F8:2F,-75,1598443843329
0,6,D0:F0:18:43:F8:49,-77,1598443843834
1,7,D0:F0:18:43:F8:2F,-76,1598443843837
0,8,D0:F0:18:43:F8:49,-71,1598443844344
1,9,D0:F0:18:43:F8:2F,-74,1598443844346
0,10,D0:F0:18:43:F8:49,-72,1598443845862
1,11,D0:F0:18:43:F8:2F,-77,1598443845863
0,12,D0:F0:18:43:F8:49,-71,1598443846881
1,13,D0:F0:18:43:F8:2F,-74,1598443846884
0,14,D0:F0:18:43:F8:49,-78,1598443847389
1,15,D0:F0:18:43:F8:2F,-77,1598443847391
0,16,D0:F0:18:43:F8:49,-70,1598443847890
1,17,D0:F0:18:43:F8:2F,-79,1598443847891
0,18,D0:F0:18:43:F8:49,-76,1598443848908
1,19,D0:F0:18:43:F8:2F,-77,1598443848911
0,20,D0:F0:18:43:F8:49,-71,1598443849417
1,21,D0:F0:18:43:F8:2F,-74,1598443849420
0,22,D0:F0:18:43:F8:49,-71,1598443850433
1,23,D0:F0:18:43:F8:2F,-81,1598443850436
0,24,D0:F0:18:43:F8:49,-77,1598443850943
1,25,D0:F0:18:43:F8:2F,-74,1598443850945
0,26,D0:F0:18:43:F8:49,-77,1598443852467
1,27,D0:F0:18:43:F8:2F,-74,1598443852470
0,28,D0:F0:18:43:F8:49,-79,1598443853484
1,29,D0:F0:18:43:F8:2F,-74,1598443853487
0,30,D0:F0:18:43:F8:49,-79,1598443855517
1,31,D0:F0:18:43:F8:2F,-75,1598443855520
0,32,D0:F0:18:43:F8:49,-74,1598443856026
1,33,D0:F0:18:43:F8:2F,-77,1598443856029
0,34,D0:F0:18:43:F8:49,-79,1598443856535
1,35,D0:F0:18:43:F8:2F,-76,1598443856538
0,36,D0:F0:18:43:F8:49,-79,1598443857044
1,37,D0:F0:18:43:F8:2F,-78,1598443857047
0,38,D0:F0:18:43:F8:49,-73,1598443857557
1,39,D0:F0:18:43:F8:2F,-76,1598443857562
0,40,D0:F0:18:43:F8:49,-80,1598443858061
1,41,D0:F0:18:43:F8:2F,-75,1598443858062
0,42,D0:F0:18:43:F8:49,-79,1598443859070
1,43,D0:F0:18:43:F8:2F,-79,1598443859072
0,44,D0:F0:18:43:F8:49,-79,1598443859573
1,45,D0:F0:18:43:F8:2F,-74,1598443859575
0,46,D0:F0:18:43:F8:49,-71,1598443860080
1,47,D0:F0:18:43:F8:2F,-76,1598443860081
0,48,D0:F0:18:43:F8:49,-79,1598443860584
1,49,D0:F0:18:43:F8:2F,-78,1598443860586
0,50,D0:F0:18:43:F8:49,-71,1598443861088
1,51,D0:F0:18:43:F8:2F,-73,1598443861090
0,52,D0:F0:18:43:F8:49,-78,1598443862095
1,53,D0:F0:18:43:F8:2F,-78,1598443862098
0,54,D0:F0:18:43:F8:49,-71,1598443863103
1,55,D0:F0:18:43:F8:2F,-80,1598443863105
0,56,D0:F0:18:43:F8:49,-71,1598443863608
1,57,D0:F0:18:43:F8:2F,-80,1598443863609
0,58,D0:F0:18:43:F8:49,-76,1598443864112
1,59,D0:F0:18:43:F8:2F,-74,1598443864114
0,60,D0:F0:18:43:F8:49,-71,1598443864615
1,61,D0:F0:18:43:F8:2F,-76,1598443864617
0,62,D0:F0:18:43:F8:49,-78,1598443865118
1,63,D0:F0:18:43:F8:2F,-74,1598443865120
0,64,D0:F0:18:43:F8:49,-75,1598443865623
1,65,D0:F0:18:43:F8:2F,-76,1598443865624
0,66,D0:F0:18:43:F8:49,-75,1598443866126
1,67,D0:F0:18:43:F8:2F,-76,1598443866128
0,68,D0:F0:18:43:F8:49,-72,1598443866630
1,69,D0:F0:18:43:F8:2F,-75,1598443866631
0,70,D0:F0:18:43:F8:49,-75,1598443867133
1,71,D0:F0:18:43:F8:2F,-75,1598443867135
0,72,D0:F0:18:43:F8:49,-75,1598443867637
1,73,D0:F0:18:43:F8:2F,-75,1598443867639
0,74,D0:F0:18:43:F8:49,-72,1598443868140
1,75,D0:F0:18:43:F8:2F,-75,1598443868142
0,76,D0:F0:18:43:F8:49,-79,1598443869146
1,77,D0:F0:18:43:F8:2F,-75,1598443869148
0,78,D0:F0:18:43:F8:49,-79,1598443869652
1,79,D0:F0:18:43:F8:2F,-75,1598443869653
0,0,D0:F0:18:43:F8:49,-74,1598443880267
1,1,D0:F0:18:43:F8:2F,-76,1598443880268
0,2,D0:F0:18:43:F8:49,-77,1598443885851
1,3,D0:F0:18:43:F8:2F,-78,1598443885854
0,4,D0:F0:18:43:F8:49,-77,1598443887376
1,5,D0:F0:18:43:F8:2F,-76,1598443887378
0,6,D0:F0:18:43:F8:49,-76,1598443888387
1,7,D0:F0:18:43:F8:2F,-76,1598443888390
0,8,D0:F0:18:43:F8:49,-75,1598443894483
1,9,D0:F0:18:43:F8:2F,-77,1598443894486
0,10,D0:F0:18:43:F8:49,-75,1598443896516
1,11,D0:F0:18:43:F8:2F,-77,1598443896520
0,12,D0:F0:18:43:F8:49,-76,1598443897530
1,13,D0:F0:18:43:F8:2F,-77,1598443897533
0,14,D0:F0:18:43:F8:49,-75,1598443898039
1,15,D0:F0:18:43:F8:2F,-77,1598443898041
0,16,D0:F0:18:43:F8:49,-76,1598443899054
1,17,D0:F0:18:43:F8:2F,-78,1598443899057
0,18,D0:F0:18:43:F8:49,-75,1598443906675
1,19,D0:F0:18:43:F8:2F,-77,1598443906677
0,20,D0:F0:18:43:F8:49,-75,1598443907690
1,21,D0:F0:18:43:F8:2F,-79,1598443907693
0,22,D0:F0:18:43:F8:49,-77,1598443909215
1,23,D0:F0:18:43:F8:2F,-77,1598443909218
0,24,D0:F0:18:43:F8:49,-79,1598443912778
1,25,D0:F0:18:43:F8:2F,-77,1598443912781
0,26,D0:F0:18:43:F8:49,-67,1598443915319
1,27,D0:F0:18:43:F8:2F,-77,1598443915321
0,28,D0:F0:18:43:F8:49,-77,1598443918883
1,29,D0:F0:18:43:F8:2F,-77,1598443918885
0,30,D0:F0:18:43:F8:49,-67,1598443923924
1,31,D0:F0:18:43:F8:2F,-77,1598443923926
0,32,D0:F0:18:43:F8:49,-67,1598443927953
1,33,D0:F0:18:43:F8:2F,-78,1598443927954
0,34,D0:F0:18:43:F8:49,-77,1598443928967
1,35,D0:F0:18:43:F8:2F,-78,1598443928970
0,36,D0:F0:18:43:F8:49,-77,1598443929982
1,37,D0:F0:18:43:F8:2F,-78,1598443929985
0,38,D0:F0:18:43:F8:49,-76,1598443932524
1,39,D0:F0:18:43:F8:2F,-79,1598443932526
0,40,D0:F0:18:43:F8:49,-79,1598443935064
1,41,D0:F0:18:43:F8:2F,-79,1598443935067
0,42,D0:F0:18:43:F8:49,-74,1598443939111
1,43,D0:F0:18:43:F8:2F,-82,1598443939113
0,44,D0:F0:18:43:F8:49,-74,1598443940119
1,45,D0:F0:18:43:F8:2F,-77,1598443940120
0,46,D0:F0:18:43:F8:49,-76,1598443941125
1,47,D0:F0:18:43:F8:2F,-80,1598443941127
0,48,D0:F0:18:43:F8:49,-78,1598443949684
1,49,D0:F0:18:43:F8:2F,-79,1598443949686
0,50,D0:F0:18:43:F8:49,-78,1598443954722
1,51,D0:F0:18:43:F8:2F,-78,1598443954725
0,52,D0:F0:18:43:F8:49,-66,1598443955730
1,53,D0:F0:18:43:F8:2F,-77,1598443955732
0,54,D0:F0:18:43:F8:49,-76,1598443956234
1,55,D0:F0:18:43:F8:2F,-80,1598443956235
0,56,D0:F0:18:43:F8:49,-73,1598443962277
1,57,D0:F0:18:43:F8:2F,-77,1598443962279
0,58,D0:F0:18:43:F8:49,-74,1598443965299
1,59,D0:F0:18:43:F8:2F,-81,1598443965301
0,60,D0:F0:18:43:F8:49,-78,1598443966306
1,61,D0:F0:18:43:F8:2F,-79,1598443966308
0,62,D0:F0:18:43:F8:49,-76,1598443967816
1,63,D0:F0:18:43:F8:2F,-82,1598443967817
0,64,D0:F0:18:43:F8:49,-77,1598443968833
1,65,D0:F0:18:43:F8:2F,-79,1598443968836
0,66,D0:F0:18:43:F8:49,-77,1598443970358
1,67,D0:F0:18:43:F8:2F,-79,1598443970361
0,68,D0:F0:18:43:F8:49,-77,1598443971376
1,69,D0:F0:18:43:F8:2F,-79,1598443971379
0,70,D0:F0:18:43:F8:49,-67,1598443972392
1,71,D0:F0:18:43:F8:2F,-81,1598443972395
0,72,D0:F0:18:43:F8:49,-67,1598443973919
1,73,D0:F0:18:43:F8:2F,-79,1598443973922
0,74,D0:F0:18:43:F8:49,-77,1598443976461
1,75,D0:F0:18:43:F8:2F,-81,1598443976464
0,76,D0:F0:18:43:F8:49,-67,1598443976970
1,77,D0:F0:18:43:F8:2F,-79,1598443976973
0,78,D0:F0:18:43:F8:49,-68,1598443979514
1,79,D0:F0:18:43:F8:2F,-79,1598443979517
0,0,D0:F0:18:43:F8:49,-66,1598443986126
1,1,D0:F0:18:43:F8:2F,-74,1598443986128
0,2,D0:F0:18:43:F8:49,-65,1598443987653
1,3,D0:F0:18:43:F8:2F,-75,1598443987655
0,4,D0:F0:18:43:F8:49,-67,1598443988162
1,5,D0:F0:18:43:F8:2F,-73,1598443988164
0,6,D0:F0:18:43:F8:49,-65,1598443988671
1,7,D0:F0:18:43:F8:2F,-73,1598443988674
0,8,D0:F0:18:43:F8:49,-67,1598443989688
1,9,D0:F0:18:43:F8:2F,-74,1598443989691
0,10,D0:F0:18:43:F8:49,-66,1598443990704
1,11,D0:F0:18:43:F8:2F,-75,1598443990707
0,12,D0:F0:18:43:F8:49,-66,1598443992231
1,13,D0:F0:18:43:F8:2F,-73,1598443992233
0,14,D0:F0:18:43:F8:49,-66,1598443992740
1,15,D0:F0:18:43:F8:2F,-73,1598443992743
0,16,D0:F0:18:43:F8:49,-64,1598443993249
1,17,D0:F0:18:43:F8:2F,-75,1598443993251
0,18,D0:F0:18:43:F8:49,-65,1598443993758
1,19,D0:F0:18:43:F8:2F,-73,1598443993761
0,20,D0:F0:18:43:F8:49,-68,1598443994266
1,21,D0:F0:18:43:F8:2F,-76,1598443994269
0,22,D0:F0:18:43:F8:49,-66,1598443995284
1,23,D0:F0:18:43:F8:2F,-73,1598443995286
0,24,D0:F0:18:43:F8:49,-67,1598443995793
1,25,D0:F0:18:43:F8:2F,-75,1598443995795
0,26,D0:F0:18:43:F8:49,-66,1598443996809
1,27,D0:F0:18:43:F8:2F,-73,1598443996812
0,28,D0:F0:18:43:F8:49,-64,1598443997318
1,29,D0:F0:18:43:F8:2F,-74,1598443997321
0,30,D0:F0:18:43:F8:49,-66,1598443998332
1,31,D0:F0:18:43:F8:2F,-79,1598443998335
0,32,D0:F0:18:43:F8:49,-66,1598443999349
1,33,D0:F0:18:43:F8:2F,-73,1598443999352
0,34,D0:F0:18:43:F8:49,-66,1598443999858
1,35,D0:F0:18:43:F8:2F,-81,1598443999860
0,36,D0:F0:18:43:F8:49,-64,1598444000875
1,37,D0:F0:18:43:F8:2F,-76,1598444000877
0,38,D0:F0:18:43:F8:49,-68,1598444001891
1,39,D0:F0:18:43:F8:2F,-73,1598444001893
0,40,D0:F0:18:43:F8:49,-64,1598444002401
1,41,D0:F0:18:43:F8:2F,-75,1598444002405
0,42,D0:F0:18:43:F8:49,-64,1598444003417
1,43,D0:F0:18:43:F8:2F,-75,1598444003420
0,44,D0:F0:18:43:F8:49,-68,1598444004435
1,45,D0:F0:18:43:F8:2F,-75,1598444004437
0,46,D0:F0:18:43:F8:49,-66,1598444005452
1,47,D0:F0:18:43:F8:2F,-73,1598444005455
0,48,D0:F0:18:43:F8:49,-68,1598444006470
1,49,D0:F0:18:43:F8:2F,-73,1598444006472
0,50,D0:F0:18:43:F8:49,-66,1598444007486
1,51,D0:F0:18:43:F8:2F,-75,1598444007489
0,52,D0:F0:18:43:F8:49,-68,1598444007986
1,53,D0:F0:18:43:F8:2F,-74,1598444007987
0,54,D0:F0:18:43:F8:49,-64,1598444008496
1,55,D0:F0:18:43:F8:2F,-75,1598444008499
0,56,D0:F0:18:43:F8:49,-68,1598444009514
1,57,D0:F0:18:43:F8:2F,-73,1598444009517
0,58,D0:F0:18:43:F8:49,-66,1598444010016
1,59,D0:F0:18:43:F8:2F,-76,1598444010016
0,60,D0:F0:18:43:F8:49,-64,1598444013574
1,61,D0:F0:18:43:F8:2F,-76,1598444013577
0,62,D0:F0:18:43:F8:49,-67,1598444014593
1,63,D0:F0:18:43:F8:2F,-73,1598444014595
0,64,D0:F0:18:43:F8:49,-64,1598444015102
1,65,D0:F0:18:43:F8:2F,-76,1598444015104
0,66,D0:F0:18:43:F8:49,-67,1598444016118
1,67,D0:F0:18:43:F8:2F,-73,1598444016120
0,68,D0:F0:18:43:F8:49,-66,1598444018144
1,69,D0:F0:18:43:F8:2F,-73,1598444018145
0,70,D0:F0:18:43:F8:49,-67,1598444018647
1,71,D0:F0:18:43:F8:2F,-76,1598444018649
0,72,D0:F0:18:43:F8:49,-66,1598444019654
1,73,D0:F0:18:43:F8:2F,-73,1598444019656
0,74,D0:F0:18:43:F8:49,-64,1598444020159
1,75,D0:F0:18:43:F8:2F,-76,1598444020160
0,76,D0:F0:18:43:F8:49,-66,1598444020662
1,77,D0:F0:18:43:F8:2F,-73,1598444020663
0,78,D0:F0:18:43:F8:49,-68,1598444021164
1,79,D0:F0:18:43:F8:2F,-77,1598444021166
0,0,D0:F0:18:43:F8:49,-65,1598444029748
1,1,D0:F0:18:43:F8:2F,-75,1598444029750
0,2,D0:F0:18:43:F8:49,-68,1598444030257
1,3,D0:F0:18:43:F8:2F,-76,1598444030259
0,4,D0:F0:18:43:F8:49,-64,1598444030766
1,5,D0:F0:18:43:F8:2F,-77,1598444030768
0,6,D0:F0:18:43:F8:49,-66,1598444031274
1,7,D0:F0:18:43:F8:2F,-73,1598444031277
0,8,D0:F0:18:43:F8:49,-65,1598444031784
1,9,D0:F0:18:43:F8:2F,-71,1598444031786
0,10,D0:F0:18:43:F8:49,-65,1598444032293
1,11,D0:F0:18:43:F8:2F,-77,1598444032295
0,12,D0:F0:18:43:F8:49,-65,1598444032802
1,13,D0:F0:18:43:F8:2F,-70,1598444032804
0,14,D0:F0:18:43:F8:49,-65,1598444033311
1,15,D0:F0:18:43:F8:2F,-73,1598444033313
0,16,D0:F0:18:43:F8:49,-65,1598444034834
1,17,D0:F0:18:43:F8:2F,-72,1598444034837
0,18,D0:F0:18:43:F8:49,-68,1598444035342
1,19,D0:F0:18:43:F8:2F,-70,1598444035345
0,20,D0:F0:18:43:F8:49,-66,1598444035845
1,21,D0:F0:18:43:F8:2F,-73,1598444035846
0,22,D0:F0:18:43:F8:49,-64,1598444036354
1,23,D0:F0:18:43:F8:2F,-73,1598444036357
0,24,D0:F0:18:43:F8:49,-68,1598444036864
1,25,D0:F0:18:43:F8:2F,-71,1598444036866
0,26,D0:F0:18:43:F8:49,-64,1598444037868
1,27,D0:F0:18:43:F8:2F,-72,1598444037869
0,28,D0:F0:18:43:F8:49,-67,1598444039433
1,29,D0:F0:18:43:F8:2F,-71,1598444039434
0,30,D0:F0:18:43:F8:49,-64,1598444040440
1,31,D0:F0:18:43:F8:2F,-81,1598444040441
0,32,D0:F0:18:43:F8:49,-68,1598444040949
1,33,D0:F0:18:43:F8:2F,-80,1598444040952
0,34,D0:F0:18:43:F8:49,-68,1598444041968
1,35,D0:F0:18:43:F8:2F,-71,1598444041971
0,36,D0:F0:18:43:F8:49,-65,1598444043493
1,37,D0:F0:18:43:F8:2F,-71,1598444043496
0,38,D0:F0:18:43:F8:49,-69,1598444044508
1,39,D0:F0:18:43:F8:2F,-71,1598444044508
0,40,D0:F0:18:43:F8:49,-68,1598444045526
1,41,D0:F0:18:43:F8:2F,-77,1598444045527
0,42,D0:F0:18:43:F8:49,-64,1598444046034
1,43,D0:F0:18:43:F8:2F,-74,1598444046037
0,44,D0:F0:18:43:F8:49,-66,1598444046544
1,45,D0:F0:18:43:F8:2F,-83,1598444046546
0,46,D0:F0:18:43:F8:49,-64,1598444047054
1,47,D0:F0:18:43:F8:2F,-71,1598444047056
0,48,D0:F0:18:43:F8:49,-68,1598444048072
1,49,D0:F0:18:43:F8:2F,-73,1598444048075
0,50,D0:F0:18:43:F8:49,-64,1598444049090
1,51,D0:F0:18:43:F8:2F,-73,1598444049093
0,52,D0:F0:18:43:F8:49,-68,1598444049604
1,53,D0:F0:18:43:F8:2F,-71,1598444049607
0,54,D0:F0:18:43:F8:49,-68,1598444050114
1,55,D0:F0:18:43:F8:2F,-73,1598444050117
0,56,D0:F0:18:43:F8:49,-65,1598444050623
1,57,D0:F0:18:43:F8:2F,-73,1598444050626
0,58,D0:F0:18:43:F8:49,-64,1598444051132
1,59,D0:F0:18:43:F8:2F,-71,1598444051136
0,60,D0:F0:18:43:F8:49,-64,1598444053673
1,61,D0:F0:18:43:F8:2F,-71,1598444053675
0,62,D0:F0:18:43:F8:49,-68,1598444055196
1,63,D0:F0:18:43:F8:2F,-71,1598444055199
0,64,D0:F0:18:43:F8:49,-64,1598444056214
1,65,D0:F0:18:43:F8:2F,-70,1598444056216
0,66,D0:F0:18:43:F8:49,-64,1598444057230
1,67,D0:F0:18:43:F8:2F,-71,1598444057233
0,68,D0:F0:18:43:F8:49,-65,1598444058241
1,69,D0:F0:18:43:F8:2F,-73,1598444058242
0,70,D0:F0:18:43:F8:49,-64,1598444058747
1,71,D0:F0:18:43:F8:2F,-71,1598444058749
0,72,D0:F0:18:43:F8:49,-64,1598444059752
1,73,D0:F0:18:43:F8:2F,-71,1598444059754
0,74,D0:F0:18:43:F8:49,-68,1598444061769
1,75,D0:F0:18:43:F8:2F,-83,1598444061770
0,76,D0:F0:18:43:F8:49,-65,1598444062273
1,77,D0:F0:18:43:F8:2F,-73,1598444062274
0,78,D0:F0:18:43:F8:49,-68,1598444062778
1,79,D0:F0:18:43:F8:2F,-71,1598444062780
0,0,D0:F0:18:43:F8:49,-60,1598444068828
1,1,D0:F0:18:43:F8:2F,-71,1598444068830
0,2,D0:F0:18:43:F8:49,-60,1598444070345
1,3,D0:F0:18:43:F8:2F,-76,1598444070346
0,4,D0:F0:18:43:F8:49,-64,1598444070851
1,5,D0:F0:18:43:F8:2F,-77,1598444070852
0,6,D0:F0:18:43:F8:49,-61,1598444071863
1,7,D0:F0:18:43:F8:2F,-75,1598444071866
0,8,D0:F0:18:43:F8:49,-60,1598444072881
1,9,D0:F0:18:43:F8:2F,-75,1598444072883
0,10,D0:F0:18:43:F8:49,-60,1598444073390
1,11,D0:F0:18:43:F8:2F,-74,1598444073392
0,12,D0:F0:18:43:F8:49,-65,1598444073900
1,13,D0:F0:18:43:F8:2F,-78,1598444073902
0,14,D0:F0:18:43:F8:49,-60,1598444074409
1,15,D0:F0:18:43:F8:2F,-77,1598444074410
0,16,D0:F0:18:43:F8:49,-61,1598444074920
1,17,D0:F0:18:43:F8:2F,-75,1598444074922
0,18,D0:F0:18:43:F8:49,-65,1598444075428
1,19,D0:F0:18:43:F8:2F,-76,1598444075431
0,20,D0:F0:18:43:F8:49,-65,1598444076446
1,21,D0:F0:18:43:F8:2F,-77,1598444076449
0,22,D0:F0:18:43:F8:49,-65,1598444078474
1,23,D0:F0:18:43:F8:2F,-77,1598444078477
0,24,D0:F0:18:43:F8:49,-60,1598444080001
1,25,D0:F0:18:43:F8:2F,-77,1598444080003
0,26,D0:F0:18:43:F8:49,-65,1598444080511
1,27,D0:F0:18:43:F8:2F,-78,1598444080513
0,28,D0:F0:18:43:F8:49,-60,1598444082546
1,29,D0:F0:18:43:F8:2F,-77,1598444082548
0,30,D0:F0:18:43:F8:49,-61,1598444083055
1,31,D0:F0:18:43:F8:2F,-78,1598444083060
0,32,D0:F0:18:43:F8:49,-61,1598444084067
1,33,D0:F0:18:43:F8:2F,-78,1598444084069
0,34,D0:F0:18:43:F8:49,-65,1598444084579
1,35,D0:F0:18:43:F8:2F,-78,1598444084581
0,36,D0:F0:18:43:F8:49,-61,1598444085089
1,37,D0:F0:18:43:F8:2F,-79,1598444085091
0,38,D0:F0:18:43:F8:49,-61,1598444086611
1,39,D0:F0:18:43:F8:2F,-78,1598444086613
0,40,D0:F0:18:43:F8:49,-65,1598444087122
1,41,D0:F0:18:43:F8:2F,-76,1598444087124
0,42,D0:F0:18:43:F8:49,-60,1598444087630
1,43,D0:F0:18:43:F8:2F,-77,1598444087633
0,44,D0:F0:18:43:F8:49,-60,1598444088647
1,45,D0:F0:18:43:F8:2F,-76,1598444088650
0,46,D0:F0:18:43:F8:49,-65,1598444089663
1,47,D0:F0:18:43:F8:2F,-75,1598444089666
0,48,D0:F0:18:43:F8:49,-60,1598444090174
1,49,D0:F0:18:43:F8:2F,-75,1598444090189
0,50,D0:F0:18:43:F8:49,-65,1598444090684
1,51,D0:F0:18:43:F8:2F,-77,1598444090686
0,52,D0:F0:18:43:F8:49,-60,1598444091193
1,53,D0:F0:18:43:F8:2F,-76,1598444091196
0,54,D0:F0:18:43:F8:49,-61,1598444091703
1,55,D0:F0:18:43:F8:2F,-77,1598444091707
0,56,D0:F0:18:43:F8:49,-61,1598444092212
1,57,D0:F0:18:43:F8:2F,-76,1598444092215
0,58,D0:F0:18:43:F8:49,-61,1598444092722
1,59,D0:F0:18:43:F8:2F,-77,1598444092724
0,60,D0:F0:18:43:F8:49,-60,1598444093232
1,61,D0:F0:18:43:F8:2F,-78,1598444093235
0,62,D0:F0:18:43:F8:49,-65,1598444094251
1,63,D0:F0:18:43:F8:2F,-78,1598444094253
0,64,D0:F0:18:43:F8:49,-61,1598444095270
1,65,D0:F0:18:43:F8:2F,-77,1598444095280
0,66,D0:F0:18:43:F8:49,-60,1598444095779
1,67,D0:F0:18:43:F8:2F,-75,1598444095781
0,68,D0:F0:18:43:F8:49,-60,1598444097812
1,69,D0:F0:18:43:F8:2F,-77,1598444097814
0,70,D0:F0:18:43:F8:49,-60,1598444098322
1,71,D0:F0:18:43:F8:2F,-78,1598444098325
0,72,D0:F0:18:43:F8:49,-60,1598444098832
1,73,D0:F0:18:43:F8:2F,-78,1598444098834
0,74,D0:F0:18:43:F8:49,-61,1598444099342
1,75,D0:F0:18:43:F8:2F,-76,1598444099344
0,76,D0:F0:18:43:F8:49,-60,1598444099853
1,77,D0:F0:18:43:F8:2F,-77,1598444099856
0,78,D0:F0:18:43:F8:49,-61,1598444100362
1,79,D0:F0:18:43:F8:2F,-77,1598444100366
0,0,D0:F0:18:43:F8:49,-62,1598444107471
1,1,D0:F0:18:43:F8:2F,-73,1598444107472
0,2,D0:F0:18:43:F8:49,-61,1598444107974
1,3,D0:F0:18:43:F8:2F,-69,1598444107975
0,4,D0:F0:18:43:F8:49,-63,1598444108485
1,5,D0:F0:18:43:F8:2F,-74,1598444108488
0,6,D0:F0:18:43:F8:49,-61,1598444108995
1,7,D0:F0:18:43:F8:2F,-69,1598444108998
0,8,D0:F0:18:43:F8:49,-61,1598444110516
1,9,D0:F0:18:43:F8:2F,-67,1598444110519
0,10,D0:F0:18:43:F8:49,-64,1598444111026
1,11,D0:F0:18:43:F8:2F,-71,1598444111030
0,12,D0:F0:18:43:F8:49,-61,1598444111535
1,13,D0:F0:18:43:F8:2F,-71,1598444111538
0,14,D0:F0:18:43:F8:49,-64,1598444112552
1,15,D0:F0:18:43:F8:2F,-70,1598444112555
0,16,D0:F0:18:43:F8:49,-65,1598444113570
1,17,D0:F0:18:43:F8:2F,-67,1598444113573
0,18,D0:F0:18:43:F8:49,-64,1598444114588
1,19,D0:F0:18:43:F8:2F,-70,1598444114591
0,20,D0:F0:18:43:F8:49,-61,1598444115098
1,21,D0:F0:18:43:F8:2F,-67,1598444115100
0,22,D0:F0:18:43:F8:49,-64,1598444116114
1,23,D0:F0:18:43:F8:2F,-67,1598444116118
0,24,D0:F0:18:43:F8:49,-61,1598444116624
1,25,D0:F0:18:43:F8:2F,-71,1598444116626
0,26,D0:F0:18:43:F8:49,-61,1598444117133
1,27,D0:F0:18:43:F8:2F,-67,1598444117136
0,28,D0:F0:18:43:F8:49,-64,1598444117643
1,29,D0:F0:18:43:F8:2F,-68,1598444117645
0,30,D0:F0:18:43:F8:49,-61,1598444118152
1,31,D0:F0:18:43:F8:2F,-71,1598444118155
0,32,D0:F0:18:43:F8:49,-61,1598444118661
1,33,D0:F0:18:43:F8:2F,-70,1598444118664
0,34,D0:F0:18:43:F8:49,-61,1598444119171
1,35,D0:F0:18:43:F8:2F,-71,1598444119173
0,36,D0:F0:18:43:F8:49,-61,1598444119680
1,37,D0:F0:18:43:F8:2F,-67,1598444119683
0,38,D0:F0:18:43:F8:49,-64,1598444120189
1,39,D0:F0:18:43:F8:2F,-69,1598444120192
0,40,D0:F0:18:43:F8:49,-61,1598444120699
1,41,D0:F0:18:43:F8:2F,-71,1598444120702
0,42,D0:F0:18:43:F8:49,-64,1598444122732
1,43,D0:F0:18:43:F8:2F,-67,1598444122734
0,44,D0:F0:18:43:F8:49,-61,1598444123242
1,45,D0:F0:18:43:F8:2F,-67,1598444123245
0,46,D0:F0:18:43:F8:49,-64,1598444123752
1,47,D0:F0:18:43:F8:2F,-70,1598444123755
0,48,D0:F0:18:43:F8:49,-61,1598444124262
1,49,D0:F0:18:43:F8:2F,-67,1598444124265
0,50,D0:F0:18:43:F8:49,-61,1598444124771
1,51,D0:F0:18:43:F8:2F,-67,1598444124774
0,52,D0:F0:18:43:F8:49,-61,1598444125281
1,53,D0:F0:18:43:F8:2F,-70,1598444125283
0,54,D0:F0:18:43:F8:49,-64,1598444126299
1,55,D0:F0:18:43:F8:2F,-70,1598444126302
0,56,D0:F0:18:43:F8:49,-61,1598444126809
1,57,D0:F0:18:43:F8:2F,-71,1598444126812
0,58,D0:F0:18:43:F8:49,-61,1598444127318
1,59,D0:F0:18:43:F8:2F,-70,1598444127321
0,60,D0:F0:18:43:F8:49,-65,1598444127829
1,61,D0:F0:18:43:F8:2F,-77,1598444127831
0,62,D0:F0:18:43:F8:49,-61,1598444128339
1,63,D0:F0:18:43:F8:2F,-74,1598444128341
0,64,D0:F0:18:43:F8:49,-61,1598444129356
1,65,D0:F0:18:43:F8:2F,-72,1598444129358
0,66,D0:F0:18:43:F8:49,-62,1598444129865
1,67,D0:F0:18:43:F8:2F,-67,1598444129868
0,68,D0:F0:18:43:F8:49,-60,1598444130886
1,69,D0:F0:18:43:F8:2F,-72,1598444130888
0,70,D0:F0:18:43:F8:49,-61,1598444131904
1,71,D0:F0:18:43:F8:2F,-71,1598444131909
0,72,D0:F0:18:43:F8:49,-61,1598444132414
1,73,D0:F0:18:43:F8:2F,-71,1598444132417
0,74,D0:F0:18:43:F8:49,-61,1598444133433
1,75,D0:F0:18:43:F8:2F,-66,1598444133435
0,76,D0:F0:18:43:F8:49,-64,1598444133942
1,77,D0:F0:18:43:F8:2F,-69,1598444133945
0,78,D0:F0:18:43:F8:49,-61,1598444134452
1,79,D0:F0:18:43:F8:2F,-71,1598444134455
0,0,D0:F0:18:43:F8:49,-67,1598444141574
1,1,D0:F0:18:43:F8:2F,-71,1598444141576
0,2,D0:F0:18:43:F8:49,-65,1598444143100
1,3,D0:F0:18:43:F8:2F,-72,1598444143103
0,4,D0:F0:18:43:F8:49,-65,1598444143609
1,5,D0:F0:18:43:F8:2F,-68,1598444143611
0,6,D0:F0:18:43:F8:49,-61,1598444144118
1,7,D0:F0:18:43:F8:2F,-70,1598444144120
0,8,D0:F0:18:43:F8:49,-67,1598444144627
1,9,D0:F0:18:43:F8:2F,-65,1598444144630
0,10,D0:F0:18:43:F8:49,-61,1598444146662
1,11,D0:F0:18:43:F8:2F,-72,1598444146665
0,12,D0:F0:18:43:F8:49,-67,1598444147171
1,13,D0:F0:18:43:F8:2F,-65,1598444147174
0,14,D0:F0:18:43:F8:49,-67,1598444147681
1,15,D0:F0:18:43:F8:2F,-65,1598444147683
0,16,D0:F0:18:43:F8:49,-67,1598444148190
1,17,D0:F0:18:43:F8:2F,-74,1598444148192
0,18,D0:F0:18:43:F8:49,-61,1598444149208
1,19,D0:F0:18:43:F8:2F,-71,1598444149210
0,20,D0:F0:18:43:F8:49,-61,1598444150226
1,21,D0:F0:18:43:F8:2F,-65,1598444150228
0,22,D0:F0:18:43:F8:49,-65,1598444150735
1,23,D0:F0:18:43:F8:2F,-74,1598444150738
0,24,D0:F0:18:43:F8:49,-61,1598444151755
1,25,D0:F0:18:43:F8:2F,-65,1598444151757
0,26,D0:F0:18:43:F8:49,-67,1598444152771
1,27,D0:F0:18:43:F8:2F,-65,1598444152774
0,28,D0:F0:18:43:F8:49,-61,1598444153281
1,29,D0:F0:18:43:F8:2F,-66,1598444153284
0,30,D0:F0:18:43:F8:49,-64,1598444153791
1,31,D0:F0:18:43:F8:2F,-71,1598444153794
0,32,D0:F0:18:43:F8:49,-64,1598444154809
1,33,D0:F0:18:43:F8:2F,-72,1598444154811
0,34,D0:F0:18:43:F8:49,-65,1598444155319
1,35,D0:F0:18:43:F8:2F,-67,1598444155321
0,36,D0:F0:18:43:F8:49,-61,1598444155829
1,37,D0:F0:18:43:F8:2F,-71,1598444155831
0,38,D0:F0:18:43:F8:49,-65,1598444156339
1,39,D0:F0:18:43:F8:2F,-71,1598444156342
0,40,D0:F0:18:43:F8:49,-67,1598444156849
1,41,D0:F0:18:43:F8:2F,-67,1598444156852
0,42,D0:F0:18:43:F8:49,-65,1598444157359
1,43,D0:F0:18:43:F8:2F,-72,1598444157361
0,44,D0:F0:18:43:F8:49,-67,1598444157867
1,45,D0:F0:18:43:F8:2F,-73,1598444157869
0,46,D0:F0:18:43:F8:49,-64,1598444158378
1,47,D0:F0:18:43:F8:2F,-70,1598444158381
0,48,D0:F0:18:43:F8:49,-61,1598444159396
1,49,D0:F0:18:43:F8:2F,-70,1598444159399
0,50,D0:F0:18:43:F8:49,-65,1598444159905
1,51,D0:F0:18:43:F8:2F,-66,1598444159908
0,52,D0:F0:18:43:F8:49,-70,1598444160415
1,53,D0:F0:18:43:F8:2F,-69,1598444160417
0,54,D0:F0:18:43:F8:49,-61,1598444160924
1,55,D0:F0:18:43:F8:2F,-72,1598444160927
0,56,D0:F0:18:43:F8:49,-69,1598444161434
1,57,D0:F0:18:43:F8:2F,-65,1598444161437
0,58,D0:F0:18:43:F8:49,-62,1598444161943
1,59,D0:F0:18:43:F8:2F,-72,1598444161945
0,60,D0:F0:18:43:F8:49,-64,1598444162452
1,61,D0:F0:18:43:F8:2F,-71,1598444162455
0,62,D0:F0:18:43:F8:49,-69,1598444162961
1,63,D0:F0:18:43:F8:2F,-68,1598444162964
0,64,D0:F0:18:43:F8:49,-68,1598444163980
1,65,D0:F0:18:43:F8:2F,-71,1598444163982
0,66,D0:F0:18:43:F8:49,-68,1598444164489
1,67,D0:F0:18:43:F8:2F,-71,1598444164492
0,68,D0:F0:18:43:F8:49,-64,1598444164999
1,69,D0:F0:18:43:F8:2F,-66,1598444165001
0,70,D0:F0:18:43:F8:49,-61,1598444165509
1,71,D0:F0:18:43:F8:2F,-71,1598444165511
0,72,D0:F0:18:43:F8:49,-65,1598444166018
1,73,D0:F0:18:43:F8:2F,-73,1598444166021
0,74,D0:F0:18:43:F8:49,-62,1598444167544
1,75,D0:F0:18:43:F8:2F,-64,1598444167547
0,76,D0:F0:18:43:F8:49,-68,1598444169072
1,77,D0:F0:18:43:F8:2F,-62,1598444169075
0,78,D0:F0:18:43:F8:49,-70,1598444169583
1,79,D0:F0:18:43:F8:2F,-76,1598444169585
0,0,D0:F0:18:43:F8:49,-79,1598444180706
1,1,D0:F0:18:43:F8:2F,-49,1598444180709
0,2,D0:F0:18:43:F8:49,-71,1598444181214
1,3,D0:F0:18:43:F8:2F,-55,1598444181217
0,4,D0:F0:18:43:F8:49,-77,1598444182233
1,5,D0:F0:18:43:F8:2F,-51,1598444182236
0,6,D0:F0:18:43:F8:49,-77,1598444183254
1,7,D0:F0:18:43:F8:2F,-55,1598444183256
0,8,D0:F0:18:43:F8:49,-70,1598444183763
1,9,D0:F0:18:43:F8:2F,-58,1598444183766
0,10,D0:F0:18:43:F8:49,-77,1598444184273
1,11,D0:F0:18:43:F8:2F,-55,1598444184275
0,12,D0:F0:18:43:F8:49,-77,1598444184783
1,13,D0:F0:18:43:F8:2F,-51,1598444184786
0,14,D0:F0:18:43:F8:49,-70,1598444185293
1,15,D0:F0:18:43:F8:2F,-58,1598444185296
0,16,D0:F0:18:43:F8:49,-77,1598444185802
1,17,D0:F0:18:43:F8:2F,-55,1598444185805
0,18,D0:F0:18:43:F8:49,-77,1598444186820
1,19,D0:F0:18:43:F8:2F,-55,1598444186823
0,20,D0:F0:18:43:F8:49,-77,1598444187331
1,21,D0:F0:18:43:F8:2F,-51,1598444187333
0,22,D0:F0:18:43:F8:49,-76,1598444187841
1,23,D0:F0:18:43:F8:2F,-54,1598444187843
0,24,D0:F0:18:43:F8:49,-77,1598444188350
1,25,D0:F0:18:43:F8:2F,-51,1598444188353
0,26,D0:F0:18:43:F8:49,-71,1598444188862
1,27,D0:F0:18:43:F8:2F,-57,1598444188864
0,28,D0:F0:18:43:F8:49,-77,1598444189372
1,29,D0:F0:18:43:F8:2F,-51,1598444189374
0,30,D0:F0:18:43:F8:49,-77,1598444189882
1,31,D0:F0:18:43:F8:2F,-51,1598444189885
0,32,D0:F0:18:43:F8:49,-77,1598444190391
1,33,D0:F0:18:43:F8:2F,-57,1598444190393
0,34,D0:F0:18:43:F8:49,-77,1598444191409
1,35,D0:F0:18:43:F8:2F,-55,1598444191412
0,36,D0:F0:18:43:F8:49,-70,1598444193442
1,37,D0:F0:18:43:F8:2F,-58,1598444193444
0,38,D0:F0:18:43:F8:49,-77,1598444194459
1,39,D0:F0:18:43:F8:2F,-58,1598444194463
0,40,D0:F0:18:43:F8:49,-71,1598444195476
1,41,D0:F0:18:43:F8:2F,-51,1598444195479
0,42,D0:F0:18:43:F8:49,-77,1598444195985
1,43,D0:F0:18:43:F8:2F,-51,1598444195988
0,44,D0:F0:18:43:F8:49,-77,1598444196495
1,45,D0:F0:18:43:F8:2F,-55,1598444196498
0,46,D0:F0:18:43:F8:49,-77,1598444197005
1,47,D0:F0:18:43:F8:2F,-51,1598444197008
0,48,D0:F0:18:43:F8:49,-77,1598444197514
1,49,D0:F0:18:43:F8:2F,-58,1598444197517
0,50,D0:F0:18:43:F8:49,-71,1598444198024
1,51,D0:F0:18:43:F8:2F,-55,1598444198027
0,52,D0:F0:18:43:F8:49,-77,1598444198538
1,53,D0:F0:18:43:F8:2F,-51,1598444198541
0,54,D0:F0:18:43:F8:49,-77,1598444199048
1,55,D0:F0:18:43:F8:2F,-57,1598444199050
0,56,D0:F0:18:43:F8:49,-77,1598444199557
1,57,D0:F0:18:43:F8:2F,-51,1598444199560
0,58,D0:F0:18:43:F8:49,-76,1598444200066
1,59,D0:F0:18:43:F8:2F,-51,1598444200068
0,60,D0:F0:18:43:F8:49,-70,1598444200575
1,61,D0:F0:18:43:F8:2F,-58,1598444200578
0,62,D0:F0:18:43:F8:49,-76,1598444202101
1,63,D0:F0:18:43:F8:2F,-56,1598444202104
0,64,D0:F0:18:43:F8:49,-70,1598444203637
1,65,D0:F0:18:43:F8:2F,-59,1598444203640
0,66,D0:F0:18:43:F8:49,-80,1598444204147
1,67,D0:F0:18:43:F8:2F,-59,1598444204150
0,68,D0:F0:18:43:F8:49,-70,1598444205164
1,69,D0:F0:18:43:F8:2F,-50,1598444205167
0,70,D0:F0:18:43:F8:49,-77,1598444205675
1,71,D0:F0:18:43:F8:2F,-59,1598444205681
0,72,D0:F0:18:43:F8:49,-77,1598444206186
1,73,D0:F0:18:43:F8:2F,-51,1598444206188
0,74,D0:F0:18:43:F8:49,-77,1598444206695
1,75,D0:F0:18:43:F8:2F,-51,1598444206698
0,76,D0:F0:18:43:F8:49,-79,1598444207204
1,77,D0:F0:18:43:F8:2F,-54,1598444207207
0,78,D0:F0:18:43:F8:49,-76,1598444208222
1,79,D0:F0:18:43:F8:2F,-58,1598444208225
0,0,D0:F0:18:43:F8:49,-77,1598444215839
1,1,D0:F0:18:43:F8:2F,-21,1598444215840
0,2,D0:F0:18:43:F8:49,-68,1598444216349
1,3,D0:F0:18:43:F8:2F,-21,1598444216352
0,4,D0:F0:18:43:F8:49,-69,1598444216858
1,5,D0:F0:18:43:F8:2F,-21,1598444216860
0,6,D0:F0:18:43:F8:49,-71,1598444217368
1,7,D0:F0:18:43:F8:2F,-21,1598444217370
0,8,D0:F0:18:43:F8:49,-69,1598444217870
1,9,D0:F0:18:43:F8:2F,-21,1598444217871
0,10,D0:F0:18:43:F8:49,-74,1598444218415
1,11,D0:F0:18:43:F8:2F,-21,1598444218418
0,12,D0:F0:18:43:F8:49,-68,1598444218919
1,13,D0:F0:18:43:F8:2F,-21,1598444218921
0,14,D0:F0:18:43:F8:49,-68,1598444219426
1,15,D0:F0:18:43:F8:2F,-21,1598444219427
0,16,D0:F0:18:43:F8:49,-72,1598444219935
1,17,D0:F0:18:43:F8:2F,-21,1598444219936
0,18,D0:F0:18:43:F8:49,-68,1598444220445
1,19,D0:F0:18:43:F8:2F,-21,1598444220448
0,20,D0:F0:18:43:F8:49,-71,1598444221462
1,21,D0:F0:18:43:F8:2F,-21,1598444221470
0,22,D0:F0:18:43:F8:49,-72,1598444221971
1,23,D0:F0:18:43:F8:2F,-21,1598444221974
0,24,D0:F0:18:43:F8:49,-68,1598444222482
1,25,D0:F0:18:43:F8:2F,-21,1598444222484
0,26,D0:F0:18:43:F8:49,-68,1598444223497
1,27,D0:F0:18:43:F8:2F,-21,1598444223500
0,28,D0:F0:18:43:F8:49,-72,1598444224011
1,29,D0:F0:18:43:F8:2F,-21,1598444224014
0,30,D0:F0:18:43:F8:49,-72,1598444225539
1,31,D0:F0:18:43:F8:2F,-21,1598444225541
0,32,D0:F0:18:43:F8:49,-68,1598444226048
1,33,D0:F0:18:43:F8:2F,-21,1598444226051
0,34,D0:F0:18:43:F8:49,-72,1598444226558
1,35,D0:F0:18:43:F8:2F,-21,1598444226560
0,36,D0:F0:18:43:F8:49,-68,1598444227067
1,37,D0:F0:18:43:F8:2F,-21,1598444227069
0,38,D0:F0:18:43:F8:49,-79,1598444227577
1,39,D0:F0:18:43:F8:2F,-21,1598444227580
0,40,D0:F0:18:43:F8:49,-68,1598444228087
1,41,D0:F0:18:43:F8:2F,-21,1598444228089
0,42,D0:F0:18:43:F8:49,-69,1598444229097
1,43,D0:F0:18:43:F8:2F,-21,1598444229098
0,44,D0:F0:18:43:F8:49,-68,1598444229608
1,45,D0:F0:18:43:F8:2F,-21,1598444229610
0,46,D0:F0:18:43:F8:49,-69,1598444230120
1,47,D0:F0:18:43:F8:2F,-21,1598444230123
0,48,D0:F0:18:43:F8:49,-80,1598444230632
1,49,D0:F0:18:43:F8:2F,-21,1598444230634
0,50,D0:F0:18:43:F8:49,-68,1598444231140
1,51,D0:F0:18:43:F8:2F,-21,1598444231143
0,52,D0:F0:18:43:F8:49,-69,1598444231650
1,53,D0:F0:18:43:F8:2F,-21,1598444231655
0,54,D0:F0:18:43:F8:49,-69,1598444232668
1,55,D0:F0:18:43:F8:2F,-21,1598444232670
0,56,D0:F0:18:43:F8:49,-79,1598444233178
1,57,D0:F0:18:43:F8:2F,-21,1598444233180
0,58,D0:F0:18:43:F8:49,-72,1598444233688
1,59,D0:F0:18:43:F8:2F,-21,1598444233690
0,60,D0:F0:18:43:F8:49,-75,1598444235215
1,61,D0:F0:18:43:F8:2F,-21,1598444235218
0,62,D0:F0:18:43:F8:49,-77,1598444236234
1,63,D0:F0:18:43:F8:2F,-21,1598444236237
0,64,D0:F0:18:43:F8:49,-72,1598444236744
1,65,D0:F0:18:43:F8:2F,-21,1598444236747
0,66,D0:F0:18:43:F8:49,-68,1598444237253
1,67,D0:F0:18:43:F8:2F,-21,1598444237256
0,68,D0:F0:18:43:F8:49,-69,1598444239288
1,69,D0:F0:18:43:F8:2F,-21,1598444239291
0,70,D0:F0:18:43:F8:49,-72,1598444240304
1,71,D0:F0:18:43:F8:2F,-21,1598444240307
0,72,D0:F0:18:43:F8:49,-69,1598444240813
1,73,D0:F0:18:43:F8:2F,-21,1598444240815
0,74,D0:F0:18:43:F8:49,-68,1598444241829
1,75,D0:F0:18:43:F8:2F,-21,1598444241833
0,76,D0:F0:18:43:F8:49,-68,1598444242340
1,77,D0:F0:18:43:F8:2F,-21,1598444242343
0,78,D0:F0:18:43:F8:49,-72,1598444242849
1,79,D0:F0:18:43:F8:2F,-21,1598444242852
0,0,D0:F0:18:43:F8:49,-77,1598444250479
1,1,D0:F0:18:43:F8:2F,-50,1598444250480
0,2,D0:F0:18:43:F8:49,-71,1598444250989
1,3,D0:F0:18:43:F8:2F,-53,1598444250992
0,4,D0:F0:18:43:F8:49,-71,1598444252006
1,5,D0:F0:18:43:F8:2F,-55,1598444252009
0,6,D0:F0:18:43:F8:49,-71,1598444253532
1,7,D0:F0:18:43:F8:2F,-56,1598444253535
0,8,D0:F0:18:43:F8:49,-71,1598444254550
1,9,D0:F0:18:43:F8:2F,-53,1598444254552
0,10,D0:F0:18:43:F8:49,-71,1598444255565
1,11,D0:F0:18:43:F8:2F,-50,1598444255568
0,12,D0:F0:18:43:F8:49,-70,1598444256583
1,13,D0:F0:18:43:F8:2F,-56,1598444256586
0,14,D0:F0:18:43:F8:49,-71,1598444257600
1,15,D0:F0:18:43:F8:2F,-54,1598444257603
0,16,D0:F0:18:43:F8:49,-71,1598444259124
1,17,D0:F0:18:43:F8:2F,-50,1598444259127
0,18,D0:F0:18:43:F8:49,-71,1598444260140
1,19,D0:F0:18:43:F8:2F,-56,1598444260142
0,20,D0:F0:18:43:F8:49,-82,1598444262171
1,21,D0:F0:18:43:F8:2F,-56,1598444262173
0,22,D0:F0:18:43:F8:49,-71,1598444263187
1,23,D0:F0:18:43:F8:2F,-50,1598444263190
0,24,D0:F0:18:43:F8:49,-71,1598444264711
1,25,D0:F0:18:43:F8:2F,-53,1598444264714
0,26,D0:F0:18:43:F8:49,-71,1598444271316
1,27,D0:F0:18:43:F8:2F,-50,1598444271319
0,28,D0:F0:18:43:F8:49,-71,1598444272333
1,29,D0:F0:18:43:F8:2F,-53,1598444272336
0,30,D0:F0:18:43:F8:49,-71,1598444273858
1,31,D0:F0:18:43:F8:2F,-50,1598444273861
0,32,D0:F0:18:43:F8:49,-71,1598444274875
1,33,D0:F0:18:43:F8:2F,-54,1598444274878
0,34,D0:F0:18:43:F8:49,-71,1598444277416
1,35,D0:F0:18:43:F8:2F,-54,1598444277419
0,36,D0:F0:18:43:F8:49,-71,1598444278426
1,37,D0:F0:18:43:F8:2F,-56,1598444278429
0,38,D0:F0:18:43:F8:49,-71,1598444280457
1,39,D0:F0:18:43:F8:2F,-50,1598444280459
0,40,D0:F0:18:43:F8:49,-71,1598444281980
1,41,D0:F0:18:43:F8:2F,-50,1598444281982
0,42,D0:F0:18:43:F8:49,-71,1598444283504
1,43,D0:F0:18:43:F8:2F,-54,1598444283507
0,44,D0:F0:18:43:F8:49,-71,1598444286553
1,45,D0:F0:18:43:F8:2F,-54,1598444286555
0,46,D0:F0:18:43:F8:49,-71,1598444287570
1,47,D0:F0:18:43:F8:2F,-56,1598444287573
0,48,D0:F0:18:43:F8:49,-71,1598444292650
1,49,D0:F0:18:43:F8:2F,-56,1598444292652
0,50,D0:F0:18:43:F8:49,-83,1598444293158
1,51,D0:F0:18:43:F8:2F,-50,1598444293161
0,52,D0:F0:18:43:F8:49,-71,1598444294174
1,53,D0:F0:18:43:F8:2F,-56,1598444294177
0,54,D0:F0:18:43:F8:49,-71,1598444295191
1,55,D0:F0:18:43:F8:2F,-56,1598444295194
0,56,D0:F0:18:43:F8:49,-71,1598444296717
1,57,D0:F0:18:43:F8:2F,-56,1598444296720
0,58,D0:F0:18:43:F8:49,-71,1598444298243
1,59,D0:F0:18:43:F8:2F,-50,1598444298246
0,60,D0:F0:18:43:F8:49,-71,1598444299260
1,61,D0:F0:18:43:F8:2F,-53,1598444299262
0,62,D0:F0:18:43:F8:49,-71,1598444300784
1,63,D0:F0:18:43:F8:2F,-50,1598444300787
0,64,D0:F0:18:43:F8:49,-71,1598444303323
1,65,D0:F0:18:43:F8:2F,-56,1598444303326
0,66,D0:F0:18:43:F8:49,-70,1598444304341
1,67,D0:F0:18:43:F8:2F,-49,1598444304344
0,68,D0:F0:18:43:F8:49,-71,1598444306376
1,69,D0:F0:18:43:F8:2F,-55,1598444306378
0,70,D0:F0:18:43:F8:49,-71,1598444308401
1,71,D0:F0:18:43:F8:2F,-50,1598444308404
0,72,D0:F0:18:43:F8:49,-71,1598444309926
1,73,D0:F0:18:43:F8:2F,-53,1598444309929
0,74,D0:F0:18:43:F8:49,-71,1598444310943
1,75,D0:F0:18:43:F8:2F,-57,1598444310946
0,76,D0:F0:18:43:F8:49,-70,1598444314501
1,77,D0:F0:18:43:F8:2F,-53,1598444314504
0,78,D0:F0:18:43:F8:49,-71,1598444316027
1,79,D0:F0:18:43:F8:2F,-50,1598444316029
0,0,D0:F0:18:43:F8:49,-65,1598444344493
1,1,D0:F0:18:43:F8:2F,-76,1598444344494
0,2,D0:F0:18:43:F8:49,-63,1598444346016
1,3,D0:F0:18:43:F8:2F,-70,1598444346018
0,4,D0:F0:18:43:F8:49,-62,1598444347032
1,5,D0:F0:18:43:F8:2F,-71,1598444347034
0,6,D0:F0:18:43:F8:49,-66,1598444347541
1,7,D0:F0:18:43:F8:2F,-76,1598444347544
0,8,D0:F0:18:43:F8:49,-63,1598444349067
1,9,D0:F0:18:43:F8:2F,-73,1598444349070
0,10,D0:F0:18:43:F8:49,-63,1598444349576
1,11,D0:F0:18:43:F8:2F,-69,1598444349578
0,12,D0:F0:18:43:F8:49,-66,1598444350084
1,13,D0:F0:18:43:F8:2F,-73,1598444350087
0,14,D0:F0:18:43:F8:49,-63,1598444351102
1,15,D0:F0:18:43:F8:2F,-68,1598444351104
0,16,D0:F0:18:43:F8:49,-66,1598444351611
1,17,D0:F0:18:43:F8:2F,-73,1598444351613
0,18,D0:F0:18:43:F8:49,-67,1598444352120
1,19,D0:F0:18:43:F8:2F,-69,1598444352123
0,20,D0:F0:18:43:F8:49,-62,1598444352631
1,21,D0:F0:18:43:F8:2F,-71,1598444352634
0,22,D0:F0:18:43:F8:49,-68,1598444353140
1,23,D0:F0:18:43:F8:2F,-73,1598444353143
0,24,D0:F0:18:43:F8:49,-63,1598444353650
1,25,D0:F0:18:43:F8:2F,-68,1598444353652
0,26,D0:F0:18:43:F8:49,-65,1598444355682
1,27,D0:F0:18:43:F8:2F,-72,1598444355685
0,28,D0:F0:18:43:F8:49,-68,1598444356701
1,29,D0:F0:18:43:F8:2F,-66,1598444356704
0,30,D0:F0:18:43:F8:49,-67,1598444357212
1,31,D0:F0:18:43:F8:2F,-71,1598444357214
0,32,D0:F0:18:43:F8:49,-62,1598444357720
1,33,D0:F0:18:43:F8:2F,-70,1598444357723
0,34,D0:F0:18:43:F8:49,-67,1598444358229
1,35,D0:F0:18:43:F8:2F,-71,1598444358232
0,36,D0:F0:18:43:F8:49,-67,1598444358739
1,37,D0:F0:18:43:F8:2F,-71,1598444358742
0,38,D0:F0:18:43:F8:49,-66,1598444359248
1,39,D0:F0:18:43:F8:2F,-69,1598444359251
0,40,D0:F0:18:43:F8:49,-67,1598444359759
1,41,D0:F0:18:43:F8:2F,-71,1598444359761
0,42,D0:F0:18:43:F8:49,-63,1598444360267
1,43,D0:F0:18:43:F8:2F,-70,1598444360270
0,44,D0:F0:18:43:F8:49,-66,1598444360777
1,45,D0:F0:18:43:F8:2F,-71,1598444360780
0,46,D0:F0:18:43:F8:49,-67,1598444361287
1,47,D0:F0:18:43:F8:2F,-73,1598444361290
0,48,D0:F0:18:43:F8:49,-63,1598444361797
1,49,D0:F0:18:43:F8:2F,-70,1598444361800
0,50,D0:F0:18:43:F8:49,-67,1598444362307
1,51,D0:F0:18:43:F8:2F,-73,1598444362309
0,52,D0:F0:18:43:F8:49,-63,1598444362816
1,53,D0:F0:18:43:F8:2F,-70,1598444362819
0,54,D0:F0:18:43:F8:49,-66,1598444363326
1,55,D0:F0:18:43:F8:2F,-76,1598444363329
0,56,D0:F0:18:43:F8:49,-62,1598444364344
1,57,D0:F0:18:43:F8:2F,-71,1598444364346
0,58,D0:F0:18:43:F8:49,-62,1598444364854
1,59,D0:F0:18:43:F8:2F,-70,1598444364856
0,60,D0:F0:18:43:F8:49,-65,1598444365876
1,61,D0:F0:18:43:F8:2F,-71,1598444365878
0,62,D0:F0:18:43:F8:49,-66,1598444366386
1,63,D0:F0:18:43:F8:2F,-74,1598444366389
0,64,D0:F0:18:43:F8:49,-62,1598444366895
1,65,D0:F0:18:43:F8:2F,-71,1598444366898
0,66,D0:F0:18:43:F8:49,-66,1598444367404
1,67,D0:F0:18:43:F8:2F,-70,1598444367406
0,68,D0:F0:18:43:F8:49,-66,1598444368416
1,69,D0:F0:18:43:F8:2F,-68,1598444368419
0,70,D0:F0:18:43:F8:49,-66,1598444369433
1,71,D0:F0:18:43:F8:2F,-71,1598444369436
0,72,D0:F0:18:43:F8:49,-66,1598444369944
1,73,D0:F0:18:43:F8:2F,-69,1598444369948
0,74,D0:F0:18:43:F8:49,-63,1598444370454
1,75,D0:F0:18:43:F8:2F,-77,1598444370457
0,76,D0:F0:18:43:F8:49,-66,1598444370971
1,77,D0:F0:18:43:F8:2F,-70,1598444370976
0,78,D0:F0:18:43:F8:49,-62,1598444371982
1,79,D0:F0:18:43:F8:2F,-70,1598444371988
0,0,D0:F0:18:43:F8:49,-64,1598444386760
1,1,D0:F0:18:43:F8:2F,-69,1598444386761
0,2,D0:F0:18:43:F8:49,-60,1598444387266
1,3,D0:F0:18:43:F8:2F,-67,1598444387267
0,4,D0:F0:18:43:F8:49,-64,1598444387776
1,5,D0:F0:18:43:F8:2F,-71,1598444387779
0,6,D0:F0:18:43:F8:49,-65,1598444388286
1,7,D0:F0:18:43:F8:2F,-72,1598444388291
0,8,D0:F0:18:43:F8:49,-61,1598444388788
1,9,D0:F0:18:43:F8:2F,-73,1598444388788
0,10,D0:F0:18:43:F8:49,-64,1598444389304
1,11,D0:F0:18:43:F8:2F,-71,1598444389307
0,12,D0:F0:18:43:F8:49,-61,1598444389810
1,13,D0:F0:18:43:F8:2F,-65,1598444389812
0,14,D0:F0:18:43:F8:49,-64,1598444390319
1,15,D0:F0:18:43:F8:2F,-76,1598444390322
0,16,D0:F0:18:43:F8:49,-64,1598444391336
1,17,D0:F0:18:43:F8:2F,-73,1598444391339
0,18,D0:F0:18:43:F8:49,-60,1598444391845
1,19,D0:F0:18:43:F8:2F,-73,1598444391848
0,20,D0:F0:18:43:F8:49,-61,1598444392356
1,21,D0:F0:18:43:F8:2F,-68,1598444392358
0,22,D0:F0:18:43:F8:49,-60,1598444393378
1,23,D0:F0:18:43:F8:2F,-73,1598444393380
0,24,D0:F0:18:43:F8:49,-61,1598444393888
1,25,D0:F0:18:43:F8:2F,-71,1598444393890
0,26,D0:F0:18:43:F8:49,-60,1598444394398
1,27,D0:F0:18:43:F8:2F,-74,1598444394401
0,28,D0:F0:18:43:F8:49,-61,1598444394900
1,29,D0:F0:18:43:F8:2F,-68,1598444394902
0,30,D0:F0:18:43:F8:49,-64,1598444395412
1,31,D0:F0:18:43:F8:2F,-72,1598444395414
0,32,D0:F0:18:43:F8:49,-61,1598444396429
1,33,D0:F0:18:43:F8:2F,-69,1598444396432
0,34,D0:F0:18:43:F8:49,-64,1598444396940
1,35,D0:F0:18:43:F8:2F,-74,1598444396943
0,36,D0:F0:18:43:F8:49,-60,1598444397451
1,37,D0:F0:18:43:F8:2F,-68,1598444397453
0,38,D0:F0:18:43:F8:49,-61,1598444398973
1,39,D0:F0:18:43:F8:2F,-69,1598444398976
0,40,D0:F0:18:43:F8:49,-64,1598444399484
1,41,D0:F0:18:43:F8:2F,-70,1598444399486
0,42,D0:F0:18:43:F8:49,-60,1598444399993
1,43,D0:F0:18:43:F8:2F,-76,1598444399997
0,44,D0:F0:18:43:F8:49,-60,1598444401521
1,45,D0:F0:18:43:F8:2F,-70,1598444401523
0,46,D0:F0:18:43:F8:49,-61,1598444402536
1,47,D0:F0:18:43:F8:2F,-74,1598444402537
0,48,D0:F0:18:43:F8:49,-65,1598444403039
1,49,D0:F0:18:43:F8:2F,-70,1598444403040
0,50,D0:F0:18:43:F8:49,-64,1598444405063
1,51,D0:F0:18:43:F8:2F,-71,1598444405067
0,52,D0:F0:18:43:F8:49,-61,1598444406079
1,53,D0:F0:18:43:F8:2F,-70,1598444406081
0,54,D0:F0:18:43:F8:49,-61,1598444408611
1,55,D0:F0:18:43:F8:2F,-69,1598444408613
0,56,D0:F0:18:43:F8:49,-64,1598444409123
1,57,D0:F0:18:43:F8:2F,-71,1598444409126
0,58,D0:F0:18:43:F8:49,-61,1598444409631
1,59,D0:F0:18:43:F8:2F,-76,1598444409634
0,60,D0:F0:18:43:F8:49,-61,1598444410141
1,61,D0:F0:18:43:F8:2F,-69,1598444410144
0,62,D0:F0:18:43:F8:49,-64,1598444410651
1,63,D0:F0:18:43:F8:2F,-76,1598444410653
0,64,D0:F0:18:43:F8:49,-61,1598444411161
1,65,D0:F0:18:43:F8:2F,-69,1598444411164
0,66,D0:F0:18:43:F8:49,-64,1598444411670
1,67,D0:F0:18:43:F8:2F,-71,1598444411674
0,68,D0:F0:18:43:F8:49,-60,1598444412180
1,69,D0:F0:18:43:F8:2F,-69,1598444412182
0,70,D0:F0:18:43:F8:49,-61,1598444413200
1,71,D0:F0:18:43:F8:2F,-69,1598444413203
0,72,D0:F0:18:43:F8:49,-60,1598444414219
1,73,D0:F0:18:43:F8:2F,-74,1598444414227
0,74,D0:F0:18:43:F8:49,-61,1598444414729
1,75,D0:F0:18:43:F8:2F,-69,1598444414731
0,76,D0:F0:18:43:F8:49,-61,1598444415238
1,77,D0:F0:18:43:F8:2F,-69,1598444415242
0,78,D0:F0:18:43:F8:49,-60,1598444416260
1,79,D0:F0:18:43:F8:2F,-77,1598444416262
0,0,D0:F0:18:43:F8:49,-60,1598444423894
1,1,D0:F0:18:43:F8:2F,-72,1598444423898
0,2,D0:F0:18:43:F8:49,-61,1598444428948
1,3,D0:F0:18:43:F8:2F,-73,1598444428950
0,4,D0:F0:18:43:F8:49,-64,1598444429457
1,5,D0:F0:18:43:F8:2F,-71,1598444429460
0,6,D0:F0:18:43:F8:49,-62,1598444430986
1,7,D0:F0:18:43:F8:2F,-72,1598444430988
0,8,D0:F0:18:43:F8:49,-61,1598444431495
1,9,D0:F0:18:43:F8:2F,-77,1598444431498
0,10,D0:F0:18:43:F8:49,-65,1598444432004
1,11,D0:F0:18:43:F8:2F,-71,1598444432007
0,12,D0:F0:18:43:F8:49,-60,1598444433532
1,13,D0:F0:18:43:F8:2F,-71,1598444433535
0,14,D0:F0:18:43:F8:49,-61,1598444434549
1,15,D0:F0:18:43:F8:2F,-72,1598444434551
0,16,D0:F0:18:43:F8:49,-65,1598444435568
1,17,D0:F0:18:43:F8:2F,-79,1598444435570
0,18,D0:F0:18:43:F8:49,-61,1598444436077
1,19,D0:F0:18:43:F8:2F,-72,1598444436080
0,20,D0:F0:18:43:F8:49,-65,1598444437094
1,21,D0:F0:18:43:F8:2F,-71,1598444437097
0,22,D0:F0:18:43:F8:49,-61,1598444438618
1,23,D0:F0:18:43:F8:2F,-71,1598444438621
0,24,D0:F0:18:43:F8:49,-61,1598444441158
1,25,D0:F0:18:43:F8:2F,-71,1598444441161
0,26,D0:F0:18:43:F8:49,-61,1598444442175
1,27,D0:F0:18:43:F8:2F,-77,1598444442178
0,28,D0:F0:18:43:F8:49,-65,1598444443193
1,29,D0:F0:18:43:F8:2F,-76,1598444443196
0,30,D0:F0:18:43:F8:49,-61,1598444443701
1,31,D0:F0:18:43:F8:2F,-73,1598444443703
0,32,D0:F0:18:43:F8:49,-65,1598444444210
1,33,D0:F0:18:43:F8:2F,-84,1598444444213
0,34,D0:F0:18:43:F8:49,-60,1598444444719
1,35,D0:F0:18:43:F8:2F,-76,1598444444721
0,36,D0:F0:18:43:F8:49,-66,1598444445228
1,37,D0:F0:18:43:F8:2F,-77,1598444445231
0,38,D0:F0:18:43:F8:49,-65,1598444447262
1,39,D0:F0:18:43:F8:2F,-71,1598444447265
0,40,D0:F0:18:43:F8:49,-61,1598444447772
1,41,D0:F0:18:43:F8:2F,-78,1598444447774
0,42,D0:F0:18:43:F8:49,-60,1598444448281
1,43,D0:F0:18:43:F8:2F,-72,1598444448284
0,44,D0:F0:18:43:F8:49,-60,1598444449298
1,45,D0:F0:18:43:F8:2F,-72,1598444449301
0,46,D0:F0:18:43:F8:49,-60,1598444449808
1,47,D0:F0:18:43:F8:2F,-72,1598444449810
0,48,D0:F0:18:43:F8:49,-61,1598444450317
1,49,D0:F0:18:43:F8:2F,-79,1598444450320
0,50,D0:F0:18:43:F8:49,-61,1598444450826
1,51,D0:F0:18:43:F8:2F,-72,1598444450829
0,52,D0:F0:18:43:F8:49,-61,1598444451842
1,53,D0:F0:18:43:F8:2F,-78,1598444451845
0,54,D0:F0:18:43:F8:49,-61,1598444452352
1,55,D0:F0:18:43:F8:2F,-72,1598444452355
0,56,D0:F0:18:43:F8:49,-61,1598444452861
1,57,D0:F0:18:43:F8:2F,-76,1598444452864
0,58,D0:F0:18:43:F8:49,-61,1598444453371
1,59,D0:F0:18:43:F8:2F,-72,1598444453373
0,60,D0:F0:18:43:F8:49,-61,1598444454388
1,61,D0:F0:18:43:F8:2F,-73,1598444454391
0,62,D0:F0:18:43:F8:49,-65,1598444454898
1,63,D0:F0:18:43:F8:2F,-73,1598444454900
0,64,D0:F0:18:43:F8:49,-61,1598444455407
1,65,D0:F0:18:43:F8:2F,-71,1598444455409
0,66,D0:F0:18:43:F8:49,-61,1598444456933
1,67,D0:F0:18:43:F8:2F,-78,1598444456937
0,68,D0:F0:18:43:F8:49,-65,1598444457442
1,69,D0:F0:18:43:F8:2F,-74,1598444457444
0,70,D0:F0:18:43:F8:49,-61,1598444459469
1,71,D0:F0:18:43:F8:2F,-77,1598444459472
0,72,D0:F0:18:43:F8:49,-61,1598444460995
1,73,D0:F0:18:43:F8:2F,-77,1598444460998
0,74,D0:F0:18:43:F8:49,-61,1598444462523
1,75,D0:F0:18:43:F8:2F,-83,1598444462526
0,76,D0:F0:18:43:F8:49,-61,1598444466082
1,77,D0:F0:18:43:F8:2F,-75,1598444466084
0,78,D0:F0:18:43:F8:49,-61,1598444466592
1,79,D0:F0:18:43:F8:2F,-76,1598444466594
0,0,D0:F0:18:43:F8:49,-65,1598444474218
1,1,D0:F0:18:43:F8:2F,-72,1598444474220
0,2,D0:F0:18:43:F8:49,-66,1598444475743
1,3,D0:F0:18:43:F8:2F,-71,1598444475746
0,4,D0:F0:18:43:F8:49,-63,1598444476252
1,5,D0:F0:18:43:F8:2F,-72,1598444476255
0,6,D0:F0:18:43:F8:49,-64,1598444476761
1,7,D0:F0:18:43:F8:2F,-71,1598444476764
0,8,D0:F0:18:43:F8:49,-63,1598444477778
1,9,D0:F0:18:43:F8:2F,-74,1598444477781
0,10,D0:F0:18:43:F8:49,-65,1598444479303
1,11,D0:F0:18:43:F8:2F,-73,1598444479306
0,12,D0:F0:18:43:F8:49,-63,1598444479812
1,13,D0:F0:18:43:F8:2F,-77,1598444479815
0,14,D0:F0:18:43:F8:49,-65,1598444480834
1,15,D0:F0:18:43:F8:2F,-73,1598444480837
0,16,D0:F0:18:43:F8:49,-65,1598444481423
1,17,D0:F0:18:43:F8:2F,-72,1598444481424
0,18,D0:F0:18:43:F8:49,-65,1598444481925
1,19,D0:F0:18:43:F8:2F,-71,1598444481926
0,20,D0:F0:18:43:F8:49,-65,1598444483442
1,21,D0:F0:18:43:F8:2F,-72,1598444483455
0,22,D0:F0:18:43:F8:49,-63,1598444484952
1,23,D0:F0:18:43:F8:2F,-76,1598444484953
0,24,D0:F0:18:43:F8:49,-63,1598444485457
1,25,D0:F0:18:43:F8:2F,-76,1598444485459
0,26,D0:F0:18:43:F8:49,-65,1598444485960
1,27,D0:F0:18:43:F8:2F,-71,1598444485962
0,28,D0:F0:18:43:F8:49,-63,1598444486464
1,29,D0:F0:18:43:F8:2F,-76,1598444486465
0,30,D0:F0:18:43:F8:49,-65,1598444486967
1,31,D0:F0:18:43:F8:2F,-76,1598444486969
0,32,D0:F0:18:43:F8:49,-65,1598444487471
1,33,D0:F0:18:43:F8:2F,-72,1598444487473
0,34,D0:F0:18:43:F8:49,-63,1598444487975
1,35,D0:F0:18:43:F8:2F,-77,1598444487976
0,36,D0:F0:18:43:F8:49,-65,1598444488478
1,37,D0:F0:18:43:F8:2F,-72,1598444488480
0,38,D0:F0:18:43:F8:49,-65,1598444488982
1,39,D0:F0:18:43:F8:2F,-72,1598444488984
0,40,D0:F0:18:43:F8:49,-63,1598444489485
1,41,D0:F0:18:43:F8:2F,-77,1598444489487
0,42,D0:F0:18:43:F8:49,-65,1598444489989
1,43,D0:F0:18:43:F8:2F,-71,1598444489991
0,44,D0:F0:18:43:F8:49,-65,1598444490997
1,45,D0:F0:18:43:F8:2F,-78,1598444490998
0,46,D0:F0:18:43:F8:49,-65,1598444491500
1,47,D0:F0:18:43:F8:2F,-71,1598444491502
0,48,D0:F0:18:43:F8:49,-65,1598444493514
1,49,D0:F0:18:43:F8:2F,-71,1598444493515
0,50,D0:F0:18:43:F8:49,-63,1598444494017
1,51,D0:F0:18:43:F8:2F,-76,1598444494019
0,52,D0:F0:18:43:F8:49,-65,1598444494522
1,53,D0:F0:18:43:F8:2F,-78,1598444494523
0,54,D0:F0:18:43:F8:49,-65,1598444495026
1,55,D0:F0:18:43:F8:2F,-72,1598444495027
0,56,D0:F0:18:43:F8:49,-65,1598444495535
1,57,D0:F0:18:43:F8:2F,-75,1598444495537
0,58,D0:F0:18:43:F8:49,-65,1598444496045
1,59,D0:F0:18:43:F8:2F,-73,1598444496047
0,60,D0:F0:18:43:F8:49,-64,1598444496554
1,61,D0:F0:18:43:F8:2F,-71,1598444496556
0,62,D0:F0:18:43:F8:49,-65,1598444497063
1,63,D0:F0:18:43:F8:2F,-76,1598444497066
0,64,D0:F0:18:43:F8:49,-63,1598444497574
1,65,D0:F0:18:43:F8:2F,-71,1598444497576
0,66,D0:F0:18:43:F8:49,-65,1598444498083
1,67,D0:F0:18:43:F8:2F,-76,1598444498085
0,68,D0:F0:18:43:F8:49,-65,1598444498584
1,69,D0:F0:18:43:F8:2F,-74,1598444498585
0,70,D0:F0:18:43:F8:49,-65,1598444499087
1,71,D0:F0:18:43:F8:2F,-74,1598444499087
0,72,D0:F0:18:43:F8:49,-65,1598444499589
1,73,D0:F0:18:43:F8:2F,-73,1598444499590
0,74,D0:F0:18:43:F8:49,-65,1598444501118
1,75,D0:F0:18:43:F8:2F,-74,1598444501120
0,76,D0:F0:18:43:F8:49,-66,1598444502137
1,77,D0:F0:18:43:F8:2F,-73,1598444502139
0,78,D0:F0:18:43:F8:49,-63,1598444502647
1,79,D0:F0:18:43:F8:2F,-75,1598444502650
0,0,D0:F0:18:43:F8:49,-65,1598444516386
1,1,D0:F0:18:43:F8:2F,-79,1598444516387
0,2,D0:F0:18:43:F8:49,-65,1598444516894
1,3,D0:F0:18:43:F8:2F,-74,1598444516896
0,4,D0:F0:18:43:F8:49,-66,1598444517912
1,5,D0:F0:18:43:F8:2F,-74,1598444517914
0,6,D0:F0:18:43:F8:49,-65,1598444518422
1,7,D0:F0:18:43:F8:2F,-73,1598444518425
0,8,D0:F0:18:43:F8:49,-65,1598444518932
1,9,D0:F0:18:43:F8:2F,-74,1598444518936
0,10,D0:F0:18:43:F8:49,-64,1598444519442
1,11,D0:F0:18:43:F8:2F,-74,1598444519445
0,12,D0:F0:18:43:F8:49,-68,1598444520455
1,13,D0:F0:18:43:F8:2F,-74,1598444520458
0,14,D0:F0:18:43:F8:49,-65,1598444520964
1,15,D0:F0:18:43:F8:2F,-71,1598444520966
0,16,D0:F0:18:43:F8:49,-66,1598444521982
1,17,D0:F0:18:43:F8:2F,-74,1598444521984
0,18,D0:F0:18:43:F8:49,-64,1598444522491
1,19,D0:F0:18:43:F8:2F,-71,1598444522494
0,20,D0:F0:18:43:F8:49,-67,1598444523001
1,21,D0:F0:18:43:F8:2F,-75,1598444523004
0,22,D0:F0:18:43:F8:49,-67,1598444524019
1,23,D0:F0:18:43:F8:2F,-76,1598444524021
0,24,D0:F0:18:43:F8:49,-64,1598444524529
1,25,D0:F0:18:43:F8:2F,-73,1598444524532
0,26,D0:F0:18:43:F8:49,-64,1598444525039
1,27,D0:F0:18:43:F8:2F,-72,1598444525041
0,28,D0:F0:18:43:F8:49,-67,1598444525548
1,29,D0:F0:18:43:F8:2F,-76,1598444525551
0,30,D0:F0:18:43:F8:49,-64,1598444526058
1,31,D0:F0:18:43:F8:2F,-73,1598444526060
0,32,D0:F0:18:43:F8:49,-64,1598444527073
1,33,D0:F0:18:43:F8:2F,-72,1598444527076
0,34,D0:F0:18:43:F8:49,-68,1598444528090
1,35,D0:F0:18:43:F8:2F,-71,1598444528093
0,36,D0:F0:18:43:F8:49,-65,1598444528600
1,37,D0:F0:18:43:F8:2F,-77,1598444528602
0,38,D0:F0:18:43:F8:49,-65,1598444529109
1,39,D0:F0:18:43:F8:2F,-75,1598444529112
0,40,D0:F0:18:43:F8:49,-64,1598444529620
1,41,D0:F0:18:43:F8:2F,-71,1598444529622
0,42,D0:F0:18:43:F8:49,-64,1598444531147
1,43,D0:F0:18:43:F8:2F,-71,1598444531149
0,44,D0:F0:18:43:F8:49,-65,1598444531656
1,45,D0:F0:18:43:F8:2F,-76,1598444531658
0,46,D0:F0:18:43:F8:49,-64,1598444532165
1,47,D0:F0:18:43:F8:2F,-75,1598444532168
0,48,D0:F0:18:43:F8:49,-66,1598444532675
1,49,D0:F0:18:43:F8:2F,-74,1598444532677
0,50,D0:F0:18:43:F8:49,-67,1598444533184
1,51,D0:F0:18:43:F8:2F,-75,1598444533187
0,52,D0:F0:18:43:F8:49,-64,1598444533694
1,53,D0:F0:18:43:F8:2F,-75,1598444533697
0,54,D0:F0:18:43:F8:49,-65,1598444534712
1,55,D0:F0:18:43:F8:2F,-71,1598444534715
0,56,D0:F0:18:43:F8:49,-68,1598444535222
1,57,D0:F0:18:43:F8:2F,-77,1598444535225
0,58,D0:F0:18:43:F8:49,-64,1598444535732
1,59,D0:F0:18:43:F8:2F,-78,1598444535735
0,60,D0:F0:18:43:F8:49,-65,1598444536242
1,61,D0:F0:18:43:F8:2F,-71,1598444536244
0,62,D0:F0:18:43:F8:49,-64,1598444536750
1,63,D0:F0:18:43:F8:2F,-71,1598444536753
0,64,D0:F0:18:43:F8:49,-68,1598444537261
1,65,D0:F0:18:43:F8:2F,-74,1598444537264
0,66,D0:F0:18:43:F8:49,-64,1598444537771
1,67,D0:F0:18:43:F8:2F,-71,1598444537773
0,68,D0:F0:18:43:F8:49,-68,1598444538776
1,69,D0:F0:18:43:F8:2F,-74,1598444538777
0,70,D0:F0:18:43:F8:49,-68,1598444539279
1,71,D0:F0:18:43:F8:2F,-74,1598444539280
0,72,D0:F0:18:43:F8:49,-65,1598444540289
1,73,D0:F0:18:43:F8:2F,-71,1598444540290
0,74,D0:F0:18:43:F8:49,-68,1598444540793
1,75,D0:F0:18:43:F8:2F,-77,1598444540795
0,76,D0:F0:18:43:F8:49,-64,1598444541297
1,77,D0:F0:18:43:F8:2F,-72,1598444541299
0,78,D0:F0:18:43:F8:49,-64,1598444541802
1,79,D0:F0:18:43:F8:2F,-73,1598444541804
0,0,D0:F0:18:43:F8:49,-66,1598444550435
1,1,D0:F0:18:43:F8:2F,-76,1598444550438
0,2,D0:F0:18:43:F8:49,-76,1598444551961
1,3,D0:F0:18:43:F8:2F,-77,1598444551964
0,4,D0:F0:18:43:F8:49,-74,1598444553488
1,5,D0:F0:18:43:F8:2F,-76,1598444553490
0,6,D0:F0:18:43:F8:49,-66,1598444553998
1,7,D0:F0:18:43:F8:2F,-75,1598444554001
0,8,D0:F0:18:43:F8:49,-77,1598444554508
1,9,D0:F0:18:43:F8:2F,-75,1598444554511
0,10,D0:F0:18:43:F8:49,-76,1598444555017
1,11,D0:F0:18:43:F8:2F,-74,1598444555020
0,12,D0:F0:18:43:F8:49,-66,1598444555526
1,13,D0:F0:18:43:F8:2F,-75,1598444555529
0,14,D0:F0:18:43:F8:49,-74,1598444556543
1,15,D0:F0:18:43:F8:2F,-78,1598444556546
0,16,D0:F0:18:43:F8:49,-73,1598444559080
1,17,D0:F0:18:43:F8:2F,-78,1598444559082
0,18,D0:F0:18:43:F8:49,-66,1598444560096
1,19,D0:F0:18:43:F8:2F,-78,1598444560098
0,20,D0:F0:18:43:F8:49,-73,1598444561623
1,21,D0:F0:18:43:F8:2F,-78,1598444561625
0,22,D0:F0:18:43:F8:49,-74,1598444562638
1,23,D0:F0:18:43:F8:2F,-80,1598444562641
0,24,D0:F0:18:43:F8:49,-79,1598444563646
1,25,D0:F0:18:43:F8:2F,-78,1598444563647
0,26,D0:F0:18:43:F8:49,-76,1598444565682
1,27,D0:F0:18:43:F8:2F,-75,1598444565684
0,28,D0:F0:18:43:F8:49,-78,1598444569241
1,29,D0:F0:18:43:F8:2F,-77,1598444569244
0,30,D0:F0:18:43:F8:49,-76,1598444570767
1,31,D0:F0:18:43:F8:2F,-77,1598444570769
0,32,D0:F0:18:43:F8:49,-66,1598444574829
1,33,D0:F0:18:43:F8:2F,-76,1598444574832
0,34,D0:F0:18:43:F8:49,-75,1598444576354
1,35,D0:F0:18:43:F8:2F,-77,1598444576357
0,36,D0:F0:18:43:F8:49,-66,1598444576864
1,37,D0:F0:18:43:F8:2F,-75,1598444576867
0,38,D0:F0:18:43:F8:49,-77,1598444577373
1,39,D0:F0:18:43:F8:2F,-76,1598444577378
0,40,D0:F0:18:43:F8:49,-66,1598444578387
1,41,D0:F0:18:43:F8:2F,-76,1598444578388
0,42,D0:F0:18:43:F8:49,-79,1598444579900
1,43,D0:F0:18:43:F8:2F,-76,1598444579902
0,44,D0:F0:18:43:F8:49,-77,1598444581426
1,45,D0:F0:18:43:F8:2F,-79,1598444581428
0,46,D0:F0:18:43:F8:49,-66,1598444582951
1,47,D0:F0:18:43:F8:2F,-77,1598444582954
0,48,D0:F0:18:43:F8:49,-75,1598444583960
1,49,D0:F0:18:43:F8:2F,-76,1598444583961
0,50,D0:F0:18:43:F8:49,-66,1598444584470
1,51,D0:F0:18:43:F8:2F,-77,1598444584472
0,52,D0:F0:18:43:F8:49,-77,1598444586985
1,53,D0:F0:18:43:F8:2F,-78,1598444586986
0,54,D0:F0:18:43:F8:49,-77,1598444595103
1,55,D0:F0:18:43:F8:2F,-76,1598444595105
0,56,D0:F0:18:43:F8:49,-66,1598444596119
1,57,D0:F0:18:43:F8:2F,-78,1598444596122
0,58,D0:F0:18:43:F8:49,-66,1598444597136
1,59,D0:F0:18:43:F8:2F,-77,1598444597138
0,60,D0:F0:18:43:F8:49,-77,1598444597644
1,61,D0:F0:18:43:F8:2F,-76,1598444597647
0,62,D0:F0:18:43:F8:49,-74,1598444598662
1,63,D0:F0:18:43:F8:2F,-75,1598444598665
0,64,D0:F0:18:43:F8:49,-66,1598444599680
1,65,D0:F0:18:43:F8:2F,-77,1598444599683
0,66,D0:F0:18:43:F8:49,-74,1598444601201
1,67,D0:F0:18:43:F8:2F,-77,1598444601208
0,68,D0:F0:18:43:F8:49,-66,1598444602208
1,69,D0:F0:18:43:F8:2F,-77,1598444602209
0,70,D0:F0:18:43:F8:49,-76,1598444602719
1,71,D0:F0:18:43:F8:2F,-74,1598444602722
0,72,D0:F0:18:43:F8:49,-74,1598444606277
1,73,D0:F0:18:43:F8:2F,-77,1598444606280
0,74,D0:F0:18:43:F8:49,-76,1598444607802
1,75,D0:F0:18:43:F8:2F,-74,1598444607805
0,76,D0:F0:18:43:F8:49,-75,1598444608819
1,77,D0:F0:18:43:F8:2F,-76,1598444608823
0,78,D0:F0:18:43:F8:49,-76,1598444609330
1,79,D0:F0:18:43:F8:2F,-75,1598444609332
0,0,D0:F0:18:43:F8:49,-74,1598444615939
1,1,D0:F0:18:43:F8:2F,-73,1598444615940
0,2,D0:F0:18:43:F8:49,-73,1598444616449
1,3,D0:F0:18:43:F8:2F,-76,1598444616452
0,4,D0:F0:18:43:F8:49,-67,1598444616958
1,5,D0:F0:18:43:F8:2F,-78,1598444616961
0,6,D0:F0:18:43:F8:49,-67,1598444617970
1,7,D0:F0:18:43:F8:2F,-72,1598444617971
0,8,D0:F0:18:43:F8:49,-76,1598444618986
1,9,D0:F0:18:43:F8:2F,-81,1598444618989
0,10,D0:F0:18:43:F8:49,-78,1598444620509
1,11,D0:F0:18:43:F8:2F,-77,1598444620512
0,12,D0:F0:18:43:F8:49,-73,1598444621527
1,13,D0:F0:18:43:F8:2F,-73,1598444621530
0,14,D0:F0:18:43:F8:49,-68,1598444622036
1,15,D0:F0:18:43:F8:2F,-81,1598444622039
0,16,D0:F0:18:43:F8:49,-78,1598444622546
1,17,D0:F0:18:43:F8:2F,-76,1598444622548
0,18,D0:F0:18:43:F8:49,-68,1598444623562
1,19,D0:F0:18:43:F8:2F,-76,1598444623564
0,20,D0:F0:18:43:F8:49,-68,1598444624580
1,21,D0:F0:18:43:F8:2F,-73,1598444624582
0,22,D0:F0:18:43:F8:49,-79,1598444625089
1,23,D0:F0:18:43:F8:2F,-76,1598444625091
0,24,D0:F0:18:43:F8:49,-73,1598444625597
1,25,D0:F0:18:43:F8:2F,-73,1598444625600
0,26,D0:F0:18:43:F8:49,-79,1598444626106
1,27,D0:F0:18:43:F8:2F,-81,1598444626108
0,28,D0:F0:18:43:F8:49,-73,1598444627121
1,29,D0:F0:18:43:F8:2F,-73,1598444627124
0,30,D0:F0:18:43:F8:49,-73,1598444628138
1,31,D0:F0:18:43:F8:2F,-73,1598444628141
0,32,D0:F0:18:43:F8:49,-68,1598444629661
1,33,D0:F0:18:43:F8:2F,-76,1598444629664
0,34,D0:F0:18:43:F8:49,-67,1598444630170
1,35,D0:F0:18:43:F8:2F,-76,1598444630172
0,36,D0:F0:18:43:F8:49,-67,1598444631187
1,37,D0:F0:18:43:F8:2F,-76,1598444631189
0,38,D0:F0:18:43:F8:49,-67,1598444631696
1,39,D0:F0:18:43:F8:2F,-77,1598444631698
0,40,D0:F0:18:43:F8:49,-78,1598444632205
1,41,D0:F0:18:43:F8:2F,-72,1598444632207
0,42,D0:F0:18:43:F8:49,-73,1598444633730
1,43,D0:F0:18:43:F8:2F,-76,1598444633732
0,44,D0:F0:18:43:F8:49,-73,1598444634746
1,45,D0:F0:18:43:F8:2F,-78,1598444634748
0,46,D0:F0:18:43:F8:49,-67,1598444635255
1,47,D0:F0:18:43:F8:2F,-77,1598444635258
0,48,D0:F0:18:43:F8:49,-67,1598444636271
1,49,D0:F0:18:43:F8:2F,-76,1598444636273
0,50,D0:F0:18:43:F8:49,-67,1598444636778
1,51,D0:F0:18:43:F8:2F,-76,1598444636781
0,52,D0:F0:18:43:F8:49,-72,1598444637288
1,53,D0:F0:18:43:F8:2F,-82,1598444637292
0,54,D0:F0:18:43:F8:49,-67,1598444637797
1,55,D0:F0:18:43:F8:2F,-76,1598444637800
0,56,D0:F0:18:43:F8:49,-67,1598444638306
1,57,D0:F0:18:43:F8:2F,-72,1598444638309
0,58,D0:F0:18:43:F8:49,-67,1598444638814
1,59,D0:F0:18:43:F8:2F,-80,1598444638817
0,60,D0:F0:18:43:F8:49,-72,1598444639832
1,61,D0:F0:18:43:F8:2F,-76,1598444639835
0,62,D0:F0:18:43:F8:49,-67,1598444640834
1,63,D0:F0:18:43:F8:2F,-80,1598444640834
0,64,D0:F0:18:43:F8:49,-72,1598444641344
1,65,D0:F0:18:43:F8:2F,-76,1598444641347
0,66,D0:F0:18:43:F8:49,-67,1598444642362
1,67,D0:F0:18:43:F8:2F,-72,1598444642365
0,68,D0:F0:18:43:F8:49,-72,1598444644390
1,69,D0:F0:18:43:F8:2F,-80,1598444644393
0,70,D0:F0:18:43:F8:49,-67,1598444644899
1,71,D0:F0:18:43:F8:2F,-81,1598444644902
0,72,D0:F0:18:43:F8:49,-72,1598444645402
1,73,D0:F0:18:43:F8:2F,-79,1598444645404
0,74,D0:F0:18:43:F8:49,-67,1598444645912
1,75,D0:F0:18:43:F8:2F,-76,1598444645918
0,76,D0:F0:18:43:F8:49,-72,1598444646422
1,77,D0:F0:18:43:F8:2F,-78,1598444646424
0,78,D0:F0:18:43:F8:49,-74,1598444646930
1,79,D0:F0:18:43:F8:2F,-78,1598444646933
0,0,D0:F0:18:43:F8:49,-64,1598444660122
1,1,D0:F0:18:43:F8:2F,-77,1598444660124
0,2,D0:F0:18:43:F8:49,-64,1598444661130
1,3,D0:F0:18:43:F8:2F,-78,1598444661132
0,4,D0:F0:18:43:F8:49,-64,1598444662641
1,5,D0:F0:18:43:F8:2F,-77,1598444662643
0,6,D0:F0:18:43:F8:49,-65,1598444664151
1,7,D0:F0:18:43:F8:2F,-77,1598444664152
0,8,D0:F0:18:43:F8:49,-65,1598444668696
1,9,D0:F0:18:43:F8:2F,-78,1598444668699
0,10,D0:F0:18:43:F8:49,-64,1598444680876
1,11,D0:F0:18:43:F8:2F,-77,1598444680879
0,12,D0:F0:18:43:F8:49,-77,1598444730068
1,13,D0:F0:18:43:F8:2F,-83,1598444730070
0,14,D0:F0:18:43:F8:49,-64,1598444734132
1,15,D0:F0:18:43:F8:2F,-82,1598444734135
0,16,D0:F0:18:43:F8:49,-64,1598444739212
1,17,D0:F0:18:43:F8:2F,-82,1598444739215
0,18,D0:F0:18:43:F8:49,-64,1598444741246
1,19,D0:F0:18:43:F8:2F,-82,1598444741249
0,20,D0:F0:18:43:F8:49,-64,1598444753418
1,21,D0:F0:18:43:F8:2F,-82,1598444753419
0,22,D0:F0:18:43:F8:49,-64,1598444762545
1,23,D0:F0:18:43:F8:2F,-83,1598444762547
0,24,D0:F0:18:43:F8:49,-64,1598444770117
1,25,D0:F0:18:43:F8:2F,-83,1598444770119
0,26,D0:F0:18:43:F8:49,-64,1598444771136
1,27,D0:F0:18:43:F8:2F,-83,1598444771139
0,28,D0:F0:18:43:F8:49,-64,1598444780272
1,29,D0:F0:18:43:F8:2F,-82,1598444780275
0,30,D0:F0:18:43:F8:49,-64,1598444792953
1,31,D0:F0:18:43:F8:2F,-82,1598444792956
0,32,D0:F0:18:43:F8:49,-64,1598444795490
1,33,D0:F0:18:43:F8:2F,-79,1598444795493
0,34,D0:F0:18:43:F8:49,-64,1598444796506
1,35,D0:F0:18:43:F8:2F,-79,1598444796509
0,36,D0:F0:18:43:F8:49,-65,1598444800056
1,37,D0:F0:18:43:F8:2F,-83,1598444800059
0,38,D0:F0:18:43:F8:49,-67,1598444801580
1,39,D0:F0:18:43:F8:2F,-78,1598444801583
0,40,D0:F0:18:43:F8:49,-76,1598444803106
1,41,D0:F0:18:43:F8:2F,-81,1598444803109
0,42,D0:F0:18:43:F8:49,-61,1598444803615
1,43,D0:F0:18:43:F8:2F,-78,1598444803617
0,44,D0:F0:18:43:F8:49,-66,1598444804122
1,45,D0:F0:18:43:F8:2F,-80,1598444804125
0,46,D0:F0:18:43:F8:49,-65,1598444808691
1,47,D0:F0:18:43:F8:2F,-77,1598444808694
0,48,D0:F0:18:43:F8:49,-77,1598444811233
1,49,D0:F0:18:43:F8:2F,-79,1598444811236
0,50,D0:F0:18:43:F8:49,-65,1598444815298
1,51,D0:F0:18:43:F8:2F,-77,1598444815300
0,52,D0:F0:18:43:F8:49,-78,1598444827982
1,53,D0:F0:18:43:F8:2F,-80,1598444827983
0,54,D0:F0:18:43:F8:49,-64,1598444828998
1,55,D0:F0:18:43:F8:2F,-80,1598444829001
0,56,D0:F0:18:43:F8:49,-64,1598444869128
1,57,D0:F0:18:43:F8:2F,-79,1598444869131
0,58,D0:F0:18:43:F8:49,-76,1598444870145
1,59,D0:F0:18:43:F8:2F,-82,1598444870147
0,60,D0:F0:18:43:F8:49,-64,1598444870654
1,61,D0:F0:18:43:F8:2F,-79,1598444870657
0,62,D0:F0:18:43:F8:49,-64,1598444871671
1,63,D0:F0:18:43:F8:2F,-77,1598444871674
0,64,D0:F0:18:43:F8:49,-66,1598444877259
1,65,D0:F0:18:43:F8:2F,-78,1598444877261
0,66,D0:F0:18:43:F8:49,-77,1598444883354
1,67,D0:F0:18:43:F8:2F,-83,1598444883357
0,68,D0:F0:18:43:F8:49,-65,1598444886409
1,69,D0:F0:18:43:F8:2F,-78,1598444886412
0,70,D0:F0:18:43:F8:49,-65,1598444888951
1,71,D0:F0:18:43:F8:2F,-79,1598444888954
0,72,D0:F0:18:43:F8:49,-64,1598444890980
1,73,D0:F0:18:43:F8:2F,-78,1598444890983
0,74,D0:F0:18:43:F8:49,-67,1598444891489
1,75,D0:F0:18:43:F8:2F,-78,1598444891491
0,76,D0:F0:18:43:F8:49,-67,1598444893012
1,77,D0:F0:18:43:F8:2F,-78,1598444893015
0,78,D0:F0:18:43:F8:49,-64,1598444894030
1,79,D0:F0:18:43:F8:2F,-78,1598444894033
0,0,D0:F0:18:43:F8:49,-61,1598444900118
1,1,D0:F0:18:43:F8:2F,-79,1598444900119
0,2,D0:F0:18:43:F8:49,-62,1598444901638
1,3,D0:F0:18:43:F8:2F,-75,1598444901641
0,4,D0:F0:18:43:F8:49,-64,1598444902148
1,5,D0:F0:18:43:F8:2F,-79,1598444902150
0,6,D0:F0:18:43:F8:49,-64,1598444903164
1,7,D0:F0:18:43:F8:2F,-77,1598444903167
0,8,D0:F0:18:43:F8:49,-61,1598444904194
1,9,D0:F0:18:43:F8:2F,-79,1598444904196
0,10,D0:F0:18:43:F8:49,-63,1598444906741
1,11,D0:F0:18:43:F8:2F,-79,1598444906744
0,12,D0:F0:18:43:F8:49,-64,1598444907249
1,13,D0:F0:18:43:F8:2F,-77,1598444907251
0,14,D0:F0:18:43:F8:49,-62,1598444908271
1,15,D0:F0:18:43:F8:2F,-79,1598444908273
0,16,D0:F0:18:43:F8:49,-64,1598444908779
1,17,D0:F0:18:43:F8:2F,-75,1598444908782
0,18,D0:F0:18:43:F8:49,-61,1598444909798
1,19,D0:F0:18:43:F8:2F,-74,1598444909803
0,20,D0:F0:18:43:F8:49,-62,1598444910813
1,21,D0:F0:18:43:F8:2F,-74,1598444910819
0,22,D0:F0:18:43:F8:49,-61,1598444913329
1,23,D0:F0:18:43:F8:2F,-74,1598444913331
0,24,D0:F0:18:43:F8:49,-62,1598444913832
1,25,D0:F0:18:43:F8:2F,-80,1598444913834
0,26,D0:F0:18:43:F8:49,-62,1598444914335
1,27,D0:F0:18:43:F8:2F,-80,1598444914336
0,28,D0:F0:18:43:F8:49,-65,1598444914838
1,29,D0:F0:18:43:F8:2F,-75,1598444914839
0,30,D0:F0:18:43:F8:49,-61,1598444915850
1,31,D0:F0:18:43:F8:2F,-74,1598444915853
0,32,D0:F0:18:43:F8:49,-64,1598444917356
1,33,D0:F0:18:43:F8:2F,-74,1598444917358
0,34,D0:F0:18:43:F8:49,-64,1598444918867
1,35,D0:F0:18:43:F8:2F,-76,1598444918873
0,36,D0:F0:18:43:F8:49,-61,1598444919876
1,37,D0:F0:18:43:F8:2F,-74,1598444919877
0,38,D0:F0:18:43:F8:49,-63,1598444922913
1,39,D0:F0:18:43:F8:2F,-80,1598444922916
0,40,D0:F0:18:43:F8:49,-61,1598444923421
1,41,D0:F0:18:43:F8:2F,-74,1598444923424
0,42,D0:F0:18:43:F8:49,-63,1598444923930
1,43,D0:F0:18:43:F8:2F,-76,1598444923933
0,44,D0:F0:18:43:F8:49,-61,1598444924948
1,45,D0:F0:18:43:F8:2F,-80,1598444924951
0,46,D0:F0:18:43:F8:49,-62,1598444925966
1,47,D0:F0:18:43:F8:2F,-75,1598444925969
0,48,D0:F0:18:43:F8:49,-62,1598444926982
1,49,D0:F0:18:43:F8:2F,-80,1598444926984
0,50,D0:F0:18:43:F8:49,-65,1598444927491
1,51,D0:F0:18:43:F8:2F,-75,1598444927494
0,52,D0:F0:18:43:F8:49,-62,1598444927992
1,53,D0:F0:18:43:F8:2F,-80,1598444927994
0,54,D0:F0:18:43:F8:49,-62,1598444928502
1,55,D0:F0:18:43:F8:2F,-76,1598444928505
0,56,D0:F0:18:43:F8:49,-61,1598444929011
1,57,D0:F0:18:43:F8:2F,-74,1598444929014
0,58,D0:F0:18:43:F8:49,-63,1598444930032
1,59,D0:F0:18:43:F8:2F,-79,1598444930034
0,60,D0:F0:18:43:F8:49,-63,1598444930541
1,61,D0:F0:18:43:F8:2F,-77,1598444930544
0,62,D0:F0:18:43:F8:49,-62,1598444931051
1,63,D0:F0:18:43:F8:2F,-77,1598444931054
0,64,D0:F0:18:43:F8:49,-65,1598444931560
1,65,D0:F0:18:43:F8:2F,-76,1598444931563
0,66,D0:F0:18:43:F8:49,-62,1598444932069
1,67,D0:F0:18:43:F8:2F,-79,1598444932074
0,68,D0:F0:18:43:F8:49,-63,1598444932579
1,69,D0:F0:18:43:F8:2F,-82,1598444932582
0,70,D0:F0:18:43:F8:49,-62,1598444933597
1,71,D0:F0:18:43:F8:2F,-81,1598444933600
0,72,D0:F0:18:43:F8:49,-63,1598444935123
1,73,D0:F0:18:43:F8:2F,-76,1598444935126
0,74,D0:F0:18:43:F8:49,-64,1598444936648
1,75,D0:F0:18:43:F8:2F,-76,1598444936651
0,76,D0:F0:18:43:F8:49,-63,1598444937158
1,77,D0:F0:18:43:F8:2F,-79,1598444937161
0,78,D0:F0:18:43:F8:49,-65,1598444938175
1,79,D0:F0:18:43:F8:2F,-76,1598444938178
0,0,D0:F0:18:43:F8:49,-52,1598444943770
1,1,D0:F0:18:43:F8:2F,-77,1598444943771
0,2,D0:F0:18:43:F8:49,-52,1598444944275
1,3,D0:F0:18:43:F8:2F,-72,1598444944277
0,4,D0:F0:18:43:F8:49,-54,1598444945291
1,5,D0:F0:18:43:F8:2F,-73,1598444945294
0,6,D0:F0:18:43:F8:49,-52,1598444946815
1,7,D0:F0:18:43:F8:2F,-72,1598444946821
0,8,D0:F0:18:43:F8:49,-51,1598444947327
1,9,D0:F0:18:43:F8:2F,-77,1598444947330
0,10,D0:F0:18:43:F8:49,-52,1598444948853
1,11,D0:F0:18:43:F8:2F,-77,1598444948856
0,12,D0:F0:18:43:F8:49,-52,1598444949355
1,13,D0:F0:18:43:F8:2F,-72,1598444949356
0,14,D0:F0:18:43:F8:49,-52,1598444949865
1,15,D0:F0:18:43:F8:2F,-77,1598444949868
0,16,D0:F0:18:43:F8:49,-51,1598444950882
1,17,D0:F0:18:43:F8:2F,-72,1598444950884
0,18,D0:F0:18:43:F8:49,-51,1598444951392
1,19,D0:F0:18:43:F8:2F,-74,1598444951394
0,20,D0:F0:18:43:F8:49,-51,1598444952920
1,21,D0:F0:18:43:F8:2F,-76,1598444952923
0,22,D0:F0:18:43:F8:49,-52,1598444954952
1,23,D0:F0:18:43:F8:2F,-75,1598444954956
0,24,D0:F0:18:43:F8:49,-53,1598444955463
1,25,D0:F0:18:43:F8:2F,-76,1598444955466
0,26,D0:F0:18:43:F8:49,-51,1598444956996
1,27,D0:F0:18:43:F8:2F,-76,1598444956999
0,28,D0:F0:18:43:F8:49,-51,1598444957505
1,29,D0:F0:18:43:F8:2F,-74,1598444957508
0,30,D0:F0:18:43:F8:49,-52,1598444958006
1,31,D0:F0:18:43:F8:2F,-75,1598444958007
0,32,D0:F0:18:43:F8:49,-51,1598444959531
1,33,D0:F0:18:43:F8:2F,-76,1598444959534
0,34,D0:F0:18:43:F8:49,-51,1598444960041
1,35,D0:F0:18:43:F8:2F,-73,1598444960043
0,36,D0:F0:18:43:F8:49,-52,1598444961059
1,37,D0:F0:18:43:F8:2F,-76,1598444961061
0,38,D0:F0:18:43:F8:49,-51,1598444963093
1,39,D0:F0:18:43:F8:2F,-77,1598444963096
0,40,D0:F0:18:43:F8:49,-51,1598444963602
1,41,D0:F0:18:43:F8:2F,-72,1598444963605
0,42,D0:F0:18:43:F8:49,-51,1598444964111
1,43,D0:F0:18:43:F8:2F,-77,1598444964116
0,44,D0:F0:18:43:F8:49,-51,1598444965126
1,45,D0:F0:18:43:F8:2F,-78,1598444965129
0,46,D0:F0:18:43:F8:49,-51,1598444966651
1,47,D0:F0:18:43:F8:2F,-77,1598444966654
0,48,D0:F0:18:43:F8:49,-52,1598444967159
1,49,D0:F0:18:43:F8:2F,-77,1598444967162
0,50,D0:F0:18:43:F8:49,-51,1598444967668
1,51,D0:F0:18:43:F8:2F,-72,1598444967671
0,52,D0:F0:18:43:F8:49,-52,1598444968687
1,53,D0:F0:18:43:F8:2F,-72,1598444968690
0,54,D0:F0:18:43:F8:49,-51,1598444969196
1,55,D0:F0:18:43:F8:2F,-76,1598444969201
0,56,D0:F0:18:43:F8:49,-51,1598444969705
1,57,D0:F0:18:43:F8:2F,-73,1598444969707
0,58,D0:F0:18:43:F8:49,-52,1598444970215
1,59,D0:F0:18:43:F8:2F,-75,1598444970219
0,60,D0:F0:18:43:F8:49,-52,1598444970724
1,61,D0:F0:18:43:F8:2F,-79,1598444970727
0,62,D0:F0:18:43:F8:49,-51,1598444971234
1,63,D0:F0:18:43:F8:2F,-73,1598444971236
0,64,D0:F0:18:43:F8:49,-52,1598444972253
1,65,D0:F0:18:43:F8:2F,-73,1598444972256
0,66,D0:F0:18:43:F8:49,-51,1598444972762
1,67,D0:F0:18:43:F8:2F,-75,1598444972765
0,68,D0:F0:18:43:F8:49,-52,1598444973271
1,69,D0:F0:18:43:F8:2F,-73,1598444973274
0,70,D0:F0:18:43:F8:49,-51,1598444973772
1,71,D0:F0:18:43:F8:2F,-76,1598444973773
0,72,D0:F0:18:43:F8:49,-54,1598444974793
1,73,D0:F0:18:43:F8:2F,-76,1598444974796
0,74,D0:F0:18:43:F8:49,-51,1598444975305
1,75,D0:F0:18:43:F8:2F,-73,1598444975308
0,76,D0:F0:18:43:F8:49,-51,1598444976827
1,77,D0:F0:18:43:F8:2F,-73,1598444976829
0,78,D0:F0:18:43:F8:49,-52,1598444977336
1,79,D0:F0:18:43:F8:2F,-73,1598444977339
0,0,D0:F0:18:43:F8:49,-64,1598444985970
1,1,D0:F0:18:43:F8:2F,-68,1598444985971
0,2,D0:F0:18:43:F8:49,-60,1598444986475
1,3,D0:F0:18:43:F8:2F,-75,1598444986477
0,4,D0:F0:18:43:F8:49,-60,1598444986987
1,5,D0:F0:18:43:F8:2F,-70,1598444986989
0,6,D0:F0:18:43:F8:49,-65,1598444987991
1,7,D0:F0:18:43:F8:2F,-80,1598444987992
0,8,D0:F0:18:43:F8:49,-61,1598444988495
1,9,D0:F0:18:43:F8:2F,-70,1598444988497
0,10,D0:F0:18:43:F8:49,-62,1598444988999
1,11,D0:F0:18:43:F8:2F,-76,1598444989000
0,12,D0:F0:18:43:F8:49,-67,1598444989503
1,13,D0:F0:18:43:F8:2F,-70,1598444989505
0,14,D0:F0:18:43:F8:49,-62,1598444990007
1,15,D0:F0:18:43:F8:2F,-70,1598444990009
0,16,D0:F0:18:43:F8:49,-62,1598444991544
1,17,D0:F0:18:43:F8:2F,-70,1598444991545
0,18,D0:F0:18:43:F8:49,-62,1598444993070
1,19,D0:F0:18:43:F8:2F,-70,1598444993072
0,20,D0:F0:18:43:F8:49,-67,1598444994088
1,21,D0:F0:18:43:F8:2F,-76,1598444994092
0,22,D0:F0:18:43:F8:49,-61,1598444996120
1,23,D0:F0:18:43:F8:2F,-70,1598444996123
0,24,D0:F0:18:43:F8:49,-65,1598444996629
1,25,D0:F0:18:43:F8:2F,-77,1598444996632
0,26,D0:F0:18:43:F8:49,-61,1598444997140
1,27,D0:F0:18:43:F8:2F,-71,1598444997143
0,28,D0:F0:18:43:F8:49,-61,1598445000684
1,29,D0:F0:18:43:F8:2F,-71,1598445000686
0,30,D0:F0:18:43:F8:49,-65,1598445001194
1,31,D0:F0:18:43:F8:2F,-77,1598445001196
0,32,D0:F0:18:43:F8:49,-64,1598445001702
1,33,D0:F0:18:43:F8:2F,-75,1598445001705
0,34,D0:F0:18:43:F8:49,-63,1598445002211
1,35,D0:F0:18:43:F8:2F,-77,1598445002214
0,36,D0:F0:18:43:F8:49,-62,1598445002720
1,37,D0:F0:18:43:F8:2F,-77,1598445002723
0,38,D0:F0:18:43:F8:49,-63,1598445003737
1,39,D0:F0:18:43:F8:2F,-77,1598445003740
0,40,D0:F0:18:43:F8:49,-62,1598445004247
1,41,D0:F0:18:43:F8:2F,-77,1598445004250
0,42,D0:F0:18:43:F8:49,-62,1598445004757
1,43,D0:F0:18:43:F8:2F,-72,1598445004760
0,44,D0:F0:18:43:F8:49,-65,1598445006789
1,45,D0:F0:18:43:F8:2F,-71,1598445006792
0,46,D0:F0:18:43:F8:49,-65,1598445007298
1,47,D0:F0:18:43:F8:2F,-77,1598445007300
0,48,D0:F0:18:43:F8:49,-64,1598445008823
1,49,D0:F0:18:43:F8:2F,-71,1598445008826
0,50,D0:F0:18:43:F8:49,-65,1598445009332
1,51,D0:F0:18:43:F8:2F,-71,1598445009335
0,52,D0:F0:18:43:F8:49,-65,1598445010349
1,53,D0:F0:18:43:F8:2F,-71,1598445010352
0,54,D0:F0:18:43:F8:49,-62,1598445010858
1,55,D0:F0:18:43:F8:2F,-79,1598445010861
0,56,D0:F0:18:43:F8:49,-63,1598445011875
1,57,D0:F0:18:43:F8:2F,-71,1598445011878
0,58,D0:F0:18:43:F8:49,-62,1598445012384
1,59,D0:F0:18:43:F8:2F,-79,1598445012387
0,60,D0:F0:18:43:F8:49,-63,1598445014416
1,61,D0:F0:18:43:F8:2F,-71,1598445014422
0,62,D0:F0:18:43:F8:49,-64,1598445015432
1,63,D0:F0:18:43:F8:2F,-71,1598445015435
0,64,D0:F0:18:43:F8:49,-62,1598445015942
1,65,D0:F0:18:43:F8:2F,-77,1598445015945
0,66,D0:F0:18:43:F8:49,-63,1598445017967
1,67,D0:F0:18:43:F8:2F,-71,1598445017968
0,68,D0:F0:18:43:F8:49,-62,1598445018477
1,69,D0:F0:18:43:F8:2F,-77,1598445018479
0,70,D0:F0:18:43:F8:49,-63,1598445018986
1,71,D0:F0:18:43:F8:2F,-71,1598445018989
0,72,D0:F0:18:43:F8:49,-62,1598445019495
1,73,D0:F0:18:43:F8:2F,-71,1598445019498
0,74,D0:F0:18:43:F8:49,-62,1598445020511
1,75,D0:F0:18:43:F8:2F,-71,1598445020514
0,76,D0:F0:18:43:F8:49,-61,1598445021020
1,77,D0:F0:18:43:F8:2F,-76,1598445021023
0,78,D0:F0:18:43:F8:49,-63,1598445022036
1,79,D0:F0:18:43:F8:2F,-72,1598445022039
0,0,D0:F0:18:43:F8:49,-44,1598445031699
1,1,D0:F0:18:43:F8:2F,-78,1598445031701
0,2,D0:F0:18:43:F8:49,-44,1598445032714
1,3,D0:F0:18:43:F8:2F,-76,1598445032716
0,4,D0:F0:18:43:F8:49,-46,1598445034747
1,5,D0:F0:18:43:F8:2F,-76,1598445034749
0,6,D0:F0:18:43:F8:49,-46,1598445035763
1,7,D0:F0:18:43:F8:2F,-76,1598445035766
0,8,D0:F0:18:43:F8:49,-46,1598445036272
1,9,D0:F0:18:43:F8:2F,-76,1598445036275
0,10,D0:F0:18:43:F8:49,-44,1598445036781
1,11,D0:F0:18:43:F8:2F,-75,1598445036784
0,12,D0:F0:18:43:F8:49,-46,1598445037289
1,13,D0:F0:18:43:F8:2F,-75,1598445037292
0,14,D0:F0:18:43:F8:49,-46,1598445038306
1,15,D0:F0:18:43:F8:2F,-76,1598445038309
0,16,D0:F0:18:43:F8:49,-47,1598445039322
1,17,D0:F0:18:43:F8:2F,-76,1598445039325
0,18,D0:F0:18:43:F8:49,-44,1598445040847
1,19,D0:F0:18:43:F8:2F,-76,1598445040850
0,20,D0:F0:18:43:F8:49,-47,1598445041356
1,21,D0:F0:18:43:F8:2F,-77,1598445041359
0,22,D0:F0:18:43:F8:49,-44,1598445042881
1,23,D0:F0:18:43:F8:2F,-77,1598445042884
0,24,D0:F0:18:43:F8:49,-44,1598445044912
1,25,D0:F0:18:43:F8:2F,-76,1598445044914
0,26,D0:F0:18:43:F8:49,-44,1598445047450
1,27,D0:F0:18:43:F8:2F,-77,1598445047453
0,28,D0:F0:18:43:F8:49,-46,1598445048467
1,29,D0:F0:18:43:F8:2F,-76,1598445048470
0,30,D0:F0:18:43:F8:49,-46,1598445048976
1,31,D0:F0:18:43:F8:2F,-74,1598445048979
0,32,D0:F0:18:43:F8:49,-46,1598445049991
1,33,D0:F0:18:43:F8:2F,-74,1598445049994
0,34,D0:F0:18:43:F8:49,-46,1598445050506
1,35,D0:F0:18:43:F8:2F,-76,1598445050507
0,36,D0:F0:18:43:F8:49,-44,1598445051016
1,37,D0:F0:18:43:F8:2F,-80,1598445051018
0,38,D0:F0:18:43:F8:49,-46,1598445052033
1,39,D0:F0:18:43:F8:2F,-76,1598445052036
0,40,D0:F0:18:43:F8:49,-44,1598445053048
1,41,D0:F0:18:43:F8:2F,-79,1598445053050
0,42,D0:F0:18:43:F8:49,-44,1598445054571
1,43,D0:F0:18:43:F8:2F,-76,1598445054574
0,44,D0:F0:18:43:F8:49,-44,1598445055589
1,45,D0:F0:18:43:F8:2F,-77,1598445055592
0,46,D0:F0:18:43:F8:49,-46,1598445056097
1,47,D0:F0:18:43:F8:2F,-76,1598445056100
0,48,D0:F0:18:43:F8:49,-46,1598445057112
1,49,D0:F0:18:43:F8:2F,-77,1598445057116
0,50,D0:F0:18:43:F8:49,-44,1598445057620
1,51,D0:F0:18:43:F8:2F,-77,1598445057623
0,52,D0:F0:18:43:F8:49,-46,1598445059655
1,53,D0:F0:18:43:F8:2F,-76,1598445059657
0,54,D0:F0:18:43:F8:49,-44,1598445063679
1,55,D0:F0:18:43:F8:2F,-76,1598445063681
0,56,D0:F0:18:43:F8:49,-44,1598445066199
1,57,D0:F0:18:43:F8:2F,-77,1598445066201
0,58,D0:F0:18:43:F8:49,-47,1598445067207
1,59,D0:F0:18:43:F8:2F,-75,1598445067209
0,60,D0:F0:18:43:F8:49,-44,1598445067714
1,61,D0:F0:18:43:F8:2F,-77,1598445067717
0,62,D0:F0:18:43:F8:49,-44,1598445068731
1,63,D0:F0:18:43:F8:2F,-77,1598445068734
0,64,D0:F0:18:43:F8:49,-44,1598445069749
1,65,D0:F0:18:43:F8:2F,-76,1598445069751
0,66,D0:F0:18:43:F8:49,-44,1598445070257
1,67,D0:F0:18:43:F8:2F,-77,1598445070260
0,68,D0:F0:18:43:F8:49,-44,1598445071275
1,69,D0:F0:18:43:F8:2F,-80,1598445071277
0,70,D0:F0:18:43:F8:49,-47,1598445072291
1,71,D0:F0:18:43:F8:2F,-78,1598445072293
0,72,D0:F0:18:43:F8:49,-45,1598445073307
1,73,D0:F0:18:43:F8:2F,-77,1598445073310
0,74,D0:F0:18:43:F8:49,-44,1598445073817
1,75,D0:F0:18:43:F8:2F,-77,1598445073819
0,76,D0:F0:18:43:F8:49,-46,1598445074828
1,77,D0:F0:18:43:F8:2F,-76,1598445074829
0,78,D0:F0:18:43:F8:49,-44,1598445075845
1,79,D0:F0:18:43:F8:2F,-75,1598445075848
0,0,D0:F0:18:43:F8:49,-32,1598445082954
1,1,D0:F0:18:43:F8:2F,-70,1598445082956
0,2,D0:F0:18:43:F8:49,-34,1598445083459
1,3,D0:F0:18:43:F8:2F,-69,1598445083461
0,4,D0:F0:18:43:F8:49,-33,1598445083969
1,5,D0:F0:18:43:F8:2F,-68,1598445083972
0,6,D0:F0:18:43:F8:49,-33,1598445084479
1,7,D0:F0:18:43:F8:2F,-68,1598445084482
0,8,D0:F0:18:43:F8:49,-33,1598445085495
1,9,D0:F0:18:43:F8:2F,-70,1598445085498
0,10,D0:F0:18:43:F8:49,-34,1598445086005
1,11,D0:F0:18:43:F8:2F,-65,1598445086007
0,12,D0:F0:18:43:F8:49,-33,1598445086513
1,13,D0:F0:18:43:F8:2F,-67,1598445086516
0,14,D0:F0:18:43:F8:49,-33,1598445087530
1,15,D0:F0:18:43:F8:2F,-65,1598445087533
0,16,D0:F0:18:43:F8:49,-32,1598445088031
1,17,D0:F0:18:43:F8:2F,-68,1598445088032
0,18,D0:F0:18:43:F8:49,-33,1598445089050
1,19,D0:F0:18:43:F8:2F,-68,1598445089053
0,20,D0:F0:18:43:F8:49,-33,1598445089559
1,21,D0:F0:18:43:F8:2F,-70,1598445089562
0,22,D0:F0:18:43:F8:49,-34,1598445090068
1,23,D0:F0:18:43:F8:2F,-66,1598445090070
0,24,D0:F0:18:43:F8:49,-32,1598445090576
1,25,D0:F0:18:43:F8:2F,-70,1598445090578
0,26,D0:F0:18:43:F8:49,-32,1598445091086
1,27,D0:F0:18:43:F8:2F,-70,1598445091089
0,28,D0:F0:18:43:F8:49,-33,1598445092104
1,29,D0:F0:18:43:F8:2F,-66,1598445092107
0,30,D0:F0:18:43:F8:49,-33,1598445092613
1,31,D0:F0:18:43:F8:2F,-66,1598445092616
0,32,D0:F0:18:43:F8:49,-32,1598445093122
1,33,D0:F0:18:43:F8:2F,-66,1598445093125
0,34,D0:F0:18:43:F8:49,-34,1598445093631
1,35,D0:F0:18:43:F8:2F,-66,1598445093634
0,36,D0:F0:18:43:F8:49,-34,1598445094648
1,37,D0:F0:18:43:F8:2F,-66,1598445094651
0,38,D0:F0:18:43:F8:49,-32,1598445095158
1,39,D0:F0:18:43:F8:2F,-66,1598445095160
0,40,D0:F0:18:43:F8:49,-33,1598445095667
1,41,D0:F0:18:43:F8:2F,-66,1598445095670
0,42,D0:F0:18:43:F8:49,-34,1598445096686
1,43,D0:F0:18:43:F8:2F,-66,1598445096689
0,44,D0:F0:18:43:F8:49,-33,1598445097196
1,45,D0:F0:18:43:F8:2F,-71,1598445097198
0,46,D0:F0:18:43:F8:49,-32,1598445097705
1,47,D0:F0:18:43:F8:2F,-70,1598445097708
0,48,D0:F0:18:43:F8:49,-34,1598445098222
1,49,D0:F0:18:43:F8:2F,-66,1598445098227
0,50,D0:F0:18:43:F8:49,-33,1598445099735
1,51,D0:F0:18:43:F8:2F,-67,1598445099738
0,52,D0:F0:18:43:F8:49,-32,1598445100237
1,53,D0:F0:18:43:F8:2F,-70,1598445100239
0,54,D0:F0:18:43:F8:49,-33,1598445101748
1,55,D0:F0:18:43:F8:2F,-66,1598445101750
0,56,D0:F0:18:43:F8:49,-32,1598445102253
1,57,D0:F0:18:43:F8:2F,-70,1598445102255
0,58,D0:F0:18:43:F8:49,-34,1598445102758
1,59,D0:F0:18:43:F8:2F,-68,1598445102759
0,60,D0:F0:18:43:F8:49,-32,1598445103767
1,61,D0:F0:18:43:F8:2F,-70,1598445103768
0,62,D0:F0:18:43:F8:49,-34,1598445104786
1,63,D0:F0:18:43:F8:2F,-66,1598445104791
0,64,D0:F0:18:43:F8:49,-33,1598445105296
1,65,D0:F0:18:43:F8:2F,-70,1598445105298
0,66,D0:F0:18:43:F8:49,-33,1598445105805
1,67,D0:F0:18:43:F8:2F,-66,1598445105807
0,68,D0:F0:18:43:F8:49,-32,1598445106315
1,69,D0:F0:18:43:F8:2F,-66,1598445106317
0,70,D0:F0:18:43:F8:49,-32,1598445106825
1,71,D0:F0:18:43:F8:2F,-70,1598445106827
0,72,D0:F0:18:43:F8:49,-32,1598445107334
1,73,D0:F0:18:43:F8:2F,-66,1598445107336
0,74,D0:F0:18:43:F8:49,-33,1598445107843
1,75,D0:F0:18:43:F8:2F,-66,1598445107846
0,76,D0:F0:18:43:F8:49,-34,1598445108352
1,77,D0:F0:18:43:F8:2F,-70,1598445108355
0,78,D0:F0:18:43:F8:49,-34,1598445109371
1,79,D0:F0:18:43:F8:2F,-71,1598445109374
