0,0,0,D0:F0:18:43:F8:49,-33,1.59845E+12
1,1,0,D0:F0:18:43:F8:2F,-71,1.59845E+12
0,2,0,D0:F0:18:43:F8:49,-33,1.59845E+12
1,3,0,D0:F0:18:43:F8:2F,-69,1.59845E+12
0,4,0,D0:F0:18:43:F8:49,-34,1.59845E+12
1,5,0,D0:F0:18:43:F8:2F,-70,1.59845E+12
0,6,0,D0:F0:18:43:F8:49,-33,1.59845E+12
1,7,0,D0:F0:18:43:F8:2F,-66,1.59845E+12
0,8,0,D0:F0:18:43:F8:49,-34,1.59845E+12
1,9,0,D0:F0:18:43:F8:2F,-66,1.59845E+12
0,10,0,D0:F0:18:43:F8:49,-33,1.59845E+12
1,11,0,D0:F0:18:43:F8:2F,-66,1.59845E+12
0,12,0,D0:F0:18:43:F8:49,-33,1.59845E+12
1,13,0,D0:F0:18:43:F8:2F,-65,1.59845E+12
0,14,0,D0:F0:18:43:F8:49,-33,1.59845E+12
1,15,0,D0:F0:18:43:F8:2F,-65,1.59845E+12
0,16,0,D0:F0:18:43:F8:49,-33,1.59845E+12
1,17,0,D0:F0:18:43:F8:2F,-67,1.59845E+12
0,18,0,D0:F0:18:43:F8:49,-33,1.59845E+12
1,19,0,D0:F0:18:43:F8:2F,-66,1.59845E+12
0,20,0,D0:F0:18:43:F8:49,-33,1.59845E+12
1,21,0,D0:F0:18:43:F8:2F,-67,1.59845E+12
0,22,0,D0:F0:18:43:F8:49,-33,1.59845E+12
1,23,0,D0:F0:18:43:F8:2F,-67,1.59845E+12
0,24,0,D0:F0:18:43:F8:49,-33,1.59845E+12
1,25,0,D0:F0:18:43:F8:2F,-65,1.59845E+12
0,26,0,D0:F0:18:43:F8:49,-33,1.59845E+12
1,27,0,D0:F0:18:43:F8:2F,-68,1.59845E+12
0,28,0,D0:F0:18:43:F8:49,-33,1.59845E+12
1,29,0,D0:F0:18:43:F8:2F,-66,1.59845E+12
0,30,0,D0:F0:18:43:F8:49,-33,1.59845E+12
1,31,0,D0:F0:18:43:F8:2F,-67,1.59845E+12
0,32,0,D0:F0:18:43:F8:49,-34,1.59845E+12
1,33,0,D0:F0:18:43:F8:2F,-67,1.59845E+12
0,34,0,D0:F0:18:43:F8:49,-33,1.59845E+12
1,35,0,D0:F0:18:43:F8:2F,-65,1.59845E+12
0,36,0,D0:F0:18:43:F8:49,-33,1.59845E+12
1,37,0,D0:F0:18:43:F8:2F,-67,1.59845E+12
0,38,0,D0:F0:18:43:F8:49,-33,1.59845E+12
0,39,0,D0:F0:18:43:F8:49,-33,1.59845E+12
1,40,0,D0:F0:18:43:F8:2F,-65,1.59845E+12
0,41,0,D0:F0:18:43:F8:49,-33,1.59845E+12
1,42,0,D0:F0:18:43:F8:2F,-67,1.59845E+12
0,43,0,D0:F0:18:43:F8:2F,-65,1.59845E+12
0,44,0,D0:F0:18:43:F8:49,-35,1.59845E+12
1,45,0,D0:F0:18:43:F8:2F,-68,1.59845E+12
0,46,0,D0:F0:18:43:F8:49,-34,1.59845E+12
1,47,0,D0:F0:18:43:F8:2F,-65,1.59845E+12
0,48,0,D0:F0:18:43:F8:49,-33,1.59845E+12
1,49,0,D0:F0:18:43:F8:2F,-67,1.59845E+12
0,50,0,D0:F0:18:43:F8:49,-33,1.59845E+12
1,51,0,D0:F0:18:43:F8:2F,-65,1.59845E+12
0,52,0,D0:F0:18:43:F8:49,-33,1.59845E+12
1,53,0,D0:F0:18:43:F8:2F,-65,1.59845E+12
0,54,0,D0:F0:18:43:F8:49,-33,1.59845E+12
1,55,0,D0:F0:18:43:F8:2F,-68,1.59845E+12
0,56,0,D0:F0:18:43:F8:49,-33,1.59845E+12
1,57,0,D0:F0:18:43:F8:2F,-65,1.59845E+12
0,58,0,D0:F0:18:43:F8:49,-33,1.59845E+12
1,59,0,D0:F0:18:43:F8:2F,-67,1.59845E+12
0,60,0,D0:F0:18:43:F8:2F,-65,1.59845E+12
0,61,0,D0:F0:18:43:F8:49,-33,1.59845E+12
1,62,0,D0:F0:18:43:F8:2F,-65,1.59845E+12
0,63,0,D0:F0:18:43:F8:49,-33,1.59845E+12
1,64,0,D0:F0:18:43:F8:2F,-67,1.59845E+12
0,65,0,D0:F0:18:43:F8:49,-33,1.59845E+12
1,66,0,D0:F0:18:43:F8:2F,-65,1.59845E+12
0,67,0,D0:F0:18:43:F8:49,-33,1.59845E+12
1,68,0,D0:F0:18:43:F8:2F,-67,1.59845E+12
0,69,0,D0:F0:18:43:F8:2F,-67,1.59845E+12
0,70,0,D0:F0:18:43:F8:2F,-65,1.59845E+12
0,71,0,D0:F0:18:43:F8:49,-33,1.59845E+12
0,72,0,D0:F0:18:43:F8:49,-33,1.59845E+12
1,73,0,D0:F0:18:43:F8:2F,-67,1.59845E+12
0,74,0,D0:F0:18:43:F8:49,-33,1.59845E+12
1,75,0,D0:F0:18:43:F8:2F,-68,1.59845E+12
0,76,0,D0:F0:18:43:F8:49,-33,1.59845E+12
1,77,0,D0:F0:18:43:F8:2F,-68,1.59845E+12
0,78,0,D0:F0:18:43:F8:49,-33,1.59845E+12
0,79,0,D0:F0:18:43:F8:49,-33,1.59845E+12
0,0,1,D0:F0:18:43:F8:49,-51,1.59845E+12
1,1,1,D0:F0:18:43:F8:2F,-74,1.59845E+12
0,2,1,D0:F0:18:43:F8:49,-46,1.59845E+12
1,3,1,D0:F0:18:43:F8:2F,-76,1.59845E+12
0,4,1,D0:F0:18:43:F8:49,-50,1.59845E+12
1,5,1,D0:F0:18:43:F8:2F,-80,1.59845E+12
0,6,1,D0:F0:18:43:F8:2F,-78,1.59845E+12
0,7,1,D0:F0:18:43:F8:49,-45,1.59845E+12
1,8,1,D0:F0:18:43:F8:2F,-79,1.59845E+12
0,9,1,D0:F0:18:43:F8:49,-51,1.59845E+12
1,10,1,D0:F0:18:43:F8:2F,-76,1.59845E+12
0,11,1,D0:F0:18:43:F8:49,-46,1.59845E+12
0,12,1,D0:F0:18:43:F8:49,-47,1.59845E+12
1,13,1,D0:F0:18:43:F8:2F,-78,1.59845E+12
0,14,1,D0:F0:18:43:F8:49,-49,1.59845E+12
1,15,1,D0:F0:18:43:F8:2F,-77,1.59845E+12
0,16,1,D0:F0:18:43:F8:49,-46,1.59845E+12
1,17,1,D0:F0:18:43:F8:2F,-76,1.59845E+12
0,18,1,D0:F0:18:43:F8:49,-47,1.59845E+12
1,19,1,D0:F0:18:43:F8:2F,-79,1.59845E+12
0,20,1,D0:F0:18:43:F8:49,-46,1.59845E+12
0,21,1,D0:F0:18:43:F8:49,-46,1.59845E+12
0,22,1,D0:F0:18:43:F8:49,-50,1.59845E+12
1,23,1,D0:F0:18:43:F8:2F,-77,1.59845E+12
0,24,1,D0:F0:18:43:F8:49,-46,1.59845E+12
0,25,1,D0:F0:18:43:F8:49,-50,1.59845E+12
1,26,1,D0:F0:18:43:F8:2F,-78,1.59845E+12
0,27,1,D0:F0:18:43:F8:49,-50,1.59845E+12
0,28,1,D0:F0:18:43:F8:49,-46,1.59845E+12
0,29,1,D0:F0:18:43:F8:49,-50,1.59845E+12
1,30,1,D0:F0:18:43:F8:2F,-77,1.59845E+12
0,31,1,D0:F0:18:43:F8:49,-46,1.59845E+12
0,32,1,D0:F0:18:43:F8:49,-46,1.59845E+12
1,33,1,D0:F0:18:43:F8:2F,-79,1.59845E+12
0,34,1,D0:F0:18:43:F8:49,-50,1.59845E+12
0,35,1,D0:F0:18:43:F8:49,-46,1.59845E+12
1,36,1,D0:F0:18:43:F8:2F,-76,1.59845E+12
0,37,1,D0:F0:18:43:F8:49,-50,1.59845E+12
1,38,1,D0:F0:18:43:F8:2F,-77,1.59845E+12
0,39,1,D0:F0:18:43:F8:49,-46,1.59845E+12
1,40,1,D0:F0:18:43:F8:2F,-77,1.59845E+12
0,41,1,D0:F0:18:43:F8:49,-46,1.59845E+12
1,42,1,D0:F0:18:43:F8:2F,-76,1.59845E+12
0,43,1,D0:F0:18:43:F8:49,-50,1.59845E+12
1,44,1,D0:F0:18:43:F8:2F,-77,1.59845E+12
0,45,1,D0:F0:18:43:F8:2F,-77,1.59845E+12
0,46,1,D0:F0:18:43:F8:49,-46,1.59845E+12
1,47,1,D0:F0:18:43:F8:2F,-77,1.59845E+12
0,48,1,D0:F0:18:43:F8:49,-46,1.59845E+12
1,49,1,D0:F0:18:43:F8:2F,-77,1.59845E+12
0,50,1,D0:F0:18:43:F8:49,-50,1.59845E+12
1,51,1,D0:F0:18:43:F8:2F,-77,1.59845E+12
0,52,1,D0:F0:18:43:F8:49,-46,1.59845E+12
1,53,1,D0:F0:18:43:F8:2F,-76,1.59845E+12
0,54,1,D0:F0:18:43:F8:49,-46,1.59845E+12
1,55,1,D0:F0:18:43:F8:2F,-77,1.59845E+12
0,56,1,D0:F0:18:43:F8:49,-46,1.59845E+12
1,57,1,D0:F0:18:43:F8:2F,-76,1.59845E+12
0,58,1,D0:F0:18:43:F8:49,-46,1.59845E+12
1,59,1,D0:F0:18:43:F8:2F,-77,1.59845E+12
0,60,1,D0:F0:18:43:F8:49,-50,1.59845E+12
1,61,1,D0:F0:18:43:F8:2F,-77,1.59845E+12
0,62,1,D0:F0:18:43:F8:49,-46,1.59845E+12
1,63,1,D0:F0:18:43:F8:2F,-76,1.59845E+12
0,64,1,D0:F0:18:43:F8:49,-46,1.59845E+12
1,65,1,D0:F0:18:43:F8:2F,-75,1.59845E+12
0,66,1,D0:F0:18:43:F8:49,-46,1.59845E+12
1,67,1,D0:F0:18:43:F8:2F,-76,1.59845E+12
0,68,1,D0:F0:18:43:F8:49,-46,1.59845E+12
1,69,1,D0:F0:18:43:F8:2F,-76,1.59845E+12
0,70,1,D0:F0:18:43:F8:49,-46,1.59845E+12
1,71,1,D0:F0:18:43:F8:2F,-76,1.59845E+12
0,72,1,D0:F0:18:43:F8:49,-47,1.59845E+12
0,73,1,D0:F0:18:43:F8:49,-50,1.59845E+12
1,74,1,D0:F0:18:43:F8:2F,-75,1.59845E+12
0,75,1,D0:F0:18:43:F8:49,-46,1.59845E+12
0,76,1,D0:F0:18:43:F8:49,-46,1.59845E+12
1,77,1,D0:F0:18:43:F8:2F,-75,1.59845E+12
0,78,1,D0:F0:18:43:F8:49,-46,1.59845E+12
1,79,1,D0:F0:18:43:F8:2F,-76,1.59845E+12
0,0,2,D0:F0:18:43:F8:49,-59,1.59845E+12
1,1,2,D0:F0:18:43:F8:2F,-71,1.59845E+12
0,2,2,D0:F0:18:43:F8:49,-60,1.59845E+12
1,3,2,D0:F0:18:43:F8:2F,-66,1.59845E+12
0,4,2,D0:F0:18:43:F8:49,-70,1.59845E+12
0,5,2,D0:F0:18:43:F8:49,-62,1.59845E+12
1,6,2,D0:F0:18:43:F8:2F,-70,1.59845E+12
0,7,2,D0:F0:18:43:F8:49,-61,1.59845E+12
0,8,2,D0:F0:18:43:F8:49,-61,1.59845E+12
1,9,2,D0:F0:18:43:F8:2F,-71,1.59845E+12
0,10,2,D0:F0:18:43:F8:49,-61,1.59845E+12
1,11,2,D0:F0:18:43:F8:2F,-70,1.59845E+12
0,12,2,D0:F0:18:43:F8:49,-61,1.59845E+12
1,13,2,D0:F0:18:43:F8:2F,-70,1.59845E+12
0,14,2,D0:F0:18:43:F8:49,-62,1.59845E+12
1,15,2,D0:F0:18:43:F8:2F,-78,1.59845E+12
0,16,2,D0:F0:18:43:F8:49,-61,1.59845E+12
1,17,2,D0:F0:18:43:F8:2F,-70,1.59845E+12
0,18,2,D0:F0:18:43:F8:49,-61,1.59845E+12
1,19,2,D0:F0:18:43:F8:2F,-74,1.59845E+12
0,20,2,D0:F0:18:43:F8:49,-64,1.59845E+12
0,21,2,D0:F0:18:43:F8:49,-64,1.59845E+12
1,22,2,D0:F0:18:43:F8:2F,-78,1.59845E+12
0,23,2,D0:F0:18:43:F8:49,-63,1.59845E+12
1,24,2,D0:F0:18:43:F8:2F,-70,1.59845E+12
0,25,2,D0:F0:18:43:F8:2F,-74,1.59845E+12
0,26,2,D0:F0:18:43:F8:49,-63,1.59845E+12
1,27,2,D0:F0:18:43:F8:2F,-69,1.59845E+12
0,28,2,D0:F0:18:43:F8:2F,-75,1.59845E+12
0,29,2,D0:F0:18:43:F8:49,-60,1.59845E+12
1,30,2,D0:F0:18:43:F8:2F,-70,1.59845E+12
0,31,2,D0:F0:18:43:F8:49,-60,1.59845E+12
0,32,2,D0:F0:18:43:F8:49,-61,1.59845E+12
0,33,2,D0:F0:18:43:F8:49,-59,1.59845E+12
0,34,2,D0:F0:18:43:F8:49,-64,1.59845E+12
0,35,2,D0:F0:18:43:F8:49,-61,1.59845E+12
1,36,2,D0:F0:18:43:F8:2F,-70,1.59845E+12
0,37,2,D0:F0:18:43:F8:49,-61,1.59845E+12
1,38,2,D0:F0:18:43:F8:2F,-74,1.59845E+12
0,39,2,D0:F0:18:43:F8:49,-63,1.59845E+12
1,40,2,D0:F0:18:43:F8:2F,-71,1.59845E+12
0,41,2,D0:F0:18:43:F8:49,-61,1.59845E+12
1,42,2,D0:F0:18:43:F8:2F,-71,1.59845E+12
0,43,2,D0:F0:18:43:F8:49,-63,1.59845E+12
1,44,2,D0:F0:18:43:F8:2F,-74,1.59845E+12
0,45,2,D0:F0:18:43:F8:49,-60,1.59845E+12
1,46,2,D0:F0:18:43:F8:2F,-70,1.59845E+12
0,47,2,D0:F0:18:43:F8:49,-60,1.59845E+12
1,48,2,D0:F0:18:43:F8:2F,-74,1.59845E+12
0,49,2,D0:F0:18:43:F8:49,-63,1.59845E+12
1,50,2,D0:F0:18:43:F8:2F,-79,1.59845E+12
0,51,2,D0:F0:18:43:F8:49,-62,1.59845E+12
1,52,2,D0:F0:18:43:F8:2F,-71,1.59845E+12
0,53,2,D0:F0:18:43:F8:49,-63,1.59845E+12
0,54,2,D0:F0:18:43:F8:49,-64,1.59845E+12
1,55,2,D0:F0:18:43:F8:2F,-73,1.59845E+12
0,56,2,D0:F0:18:43:F8:49,-62,1.59845E+12
0,57,2,D0:F0:18:43:F8:49,-60,1.59845E+12
1,58,2,D0:F0:18:43:F8:2F,-71,1.59845E+12
0,59,2,D0:F0:18:43:F8:49,-64,1.59845E+12
1,60,2,D0:F0:18:43:F8:2F,-73,1.59845E+12
0,61,2,D0:F0:18:43:F8:49,-61,1.59845E+12
1,62,2,D0:F0:18:43:F8:2F,-71,1.59845E+12
0,63,2,D0:F0:18:43:F8:49,-62,1.59845E+12
1,64,2,D0:F0:18:43:F8:2F,-73,1.59845E+12
0,65,2,D0:F0:18:43:F8:49,-63,1.59845E+12
1,66,2,D0:F0:18:43:F8:2F,-71,1.59845E+12
0,67,2,D0:F0:18:43:F8:2F,-71,1.59845E+12
0,68,2,D0:F0:18:43:F8:49,-63,1.59845E+12
1,69,2,D0:F0:18:43:F8:2F,-73,1.59845E+12
0,70,2,D0:F0:18:43:F8:49,-60,1.59845E+12
1,71,2,D0:F0:18:43:F8:2F,-71,1.59845E+12
0,72,2,D0:F0:18:43:F8:49,-61,1.59845E+12
1,73,2,D0:F0:18:43:F8:2F,-73,1.59845E+12
0,74,2,D0:F0:18:43:F8:49,-61,1.59845E+12
0,75,2,D0:F0:18:43:F8:49,-61,1.59845E+12
0,76,2,D0:F0:18:43:F8:49,-60,1.59845E+12
1,77,2,D0:F0:18:43:F8:2F,-70,1.59845E+12
0,78,2,D0:F0:18:43:F8:49,-61,1.59845E+12
1,79,2,D0:F0:18:43:F8:2F,-73,1.59845E+12
0,0,3,D0:F0:18:43:F8:49,-51,1.59845E+12
1,1,3,D0:F0:18:43:F8:2F,-74,1.59845E+12
0,2,3,D0:F0:18:43:F8:49,-54,1.59845E+12
1,3,3,D0:F0:18:43:F8:2F,-72,1.59845E+12
0,4,3,D0:F0:18:43:F8:49,-52,1.59845E+12
1,5,3,D0:F0:18:43:F8:2F,-71,1.59845E+12
0,6,3,D0:F0:18:43:F8:49,-54,1.59845E+12
1,7,3,D0:F0:18:43:F8:2F,-71,1.59845E+12
0,8,3,D0:F0:18:43:F8:49,-54,1.59845E+12
1,9,3,D0:F0:18:43:F8:2F,-74,1.59845E+12
0,10,3,D0:F0:18:43:F8:49,-51,1.59845E+12
1,11,3,D0:F0:18:43:F8:2F,-72,1.59845E+12
0,12,3,D0:F0:18:43:F8:49,-54,1.59845E+12
1,13,3,D0:F0:18:43:F8:2F,-71,1.59845E+12
0,14,3,D0:F0:18:43:F8:49,-52,1.59845E+12
1,15,3,D0:F0:18:43:F8:2F,-71,1.59845E+12
0,16,3,D0:F0:18:43:F8:49,-54,1.59845E+12
1,17,3,D0:F0:18:43:F8:2F,-73,1.59845E+12
0,18,3,D0:F0:18:43:F8:49,-57,1.59845E+12
1,19,3,D0:F0:18:43:F8:2F,-73,1.59845E+12
0,20,3,D0:F0:18:43:F8:2F,-71,1.59845E+12
0,21,3,D0:F0:18:43:F8:49,-56,1.59845E+12
1,22,3,D0:F0:18:43:F8:2F,-70,1.59845E+12
0,23,3,D0:F0:18:43:F8:2F,-73,1.59845E+12
0,24,3,D0:F0:18:43:F8:2F,-74,1.59845E+12
0,25,3,D0:F0:18:43:F8:49,-57,1.59845E+12
1,26,3,D0:F0:18:43:F8:2F,-74,1.59845E+12
0,27,3,D0:F0:18:43:F8:49,-55,1.59845E+12
1,28,3,D0:F0:18:43:F8:2F,-73,1.59845E+12
0,29,3,D0:F0:18:43:F8:49,-57,1.59845E+12
1,30,3,D0:F0:18:43:F8:2F,-71,1.59845E+12
0,31,3,D0:F0:18:43:F8:49,-52,1.59845E+12
1,32,3,D0:F0:18:43:F8:2F,-75,1.59845E+12
0,33,3,D0:F0:18:43:F8:49,-57,1.59845E+12
1,34,3,D0:F0:18:43:F8:2F,-73,1.59845E+12
0,35,3,D0:F0:18:43:F8:49,-52,1.59845E+12
1,36,3,D0:F0:18:43:F8:2F,-76,1.59845E+12
0,37,3,D0:F0:18:43:F8:49,-55,1.59845E+12
1,38,3,D0:F0:18:43:F8:2F,-71,1.59845E+12
0,39,3,D0:F0:18:43:F8:49,-56,1.59845E+12
1,40,3,D0:F0:18:43:F8:2F,-70,1.59845E+12
0,41,3,D0:F0:18:43:F8:49,-52,1.59845E+12
1,42,3,D0:F0:18:43:F8:2F,-75,1.59845E+12
0,43,3,D0:F0:18:43:F8:49,-55,1.59845E+12
1,44,3,D0:F0:18:43:F8:2F,-72,1.59845E+12
0,45,3,D0:F0:18:43:F8:49,-56,1.59845E+12
1,46,3,D0:F0:18:43:F8:2F,-71,1.59845E+12
0,47,3,D0:F0:18:43:F8:49,-52,1.59845E+12
0,48,3,D0:F0:18:43:F8:49,-55,1.59845E+12
0,49,3,D0:F0:18:43:F8:49,-55,1.59845E+12
1,50,3,D0:F0:18:43:F8:2F,-75,1.59845E+12
0,51,3,D0:F0:18:43:F8:49,-56,1.59845E+12
0,52,3,D0:F0:18:43:F8:2F,-72,1.59845E+12
0,53,3,D0:F0:18:43:F8:49,-52,1.59845E+12
0,54,3,D0:F0:18:43:F8:49,-56,1.59845E+12
0,55,3,D0:F0:18:43:F8:49,-52,1.59845E+12
1,56,3,D0:F0:18:43:F8:2F,-70,1.59845E+12
0,57,3,D0:F0:18:43:F8:49,-56,1.59845E+12
1,58,3,D0:F0:18:43:F8:2F,-76,1.59845E+12
0,59,3,D0:F0:18:43:F8:49,-52,1.59845E+12
1,60,3,D0:F0:18:43:F8:2F,-70,1.59845E+12
0,61,3,D0:F0:18:43:F8:49,-54,1.59845E+12
1,62,3,D0:F0:18:43:F8:2F,-70,1.59845E+12
0,63,3,D0:F0:18:43:F8:49,-57,1.59845E+12
1,64,3,D0:F0:18:43:F8:2F,-73,1.59845E+12
0,65,3,D0:F0:18:43:F8:49,-52,1.59845E+12
0,66,3,D0:F0:18:43:F8:49,-56,1.59845E+12
1,67,3,D0:F0:18:43:F8:2F,-77,1.59845E+12
0,68,3,D0:F0:18:43:F8:49,-57,1.59845E+12
1,69,3,D0:F0:18:43:F8:2F,-73,1.59845E+12
0,70,3,D0:F0:18:43:F8:2F,-70,1.59845E+12
0,71,3,D0:F0:18:43:F8:49,-56,1.59845E+12
1,72,3,D0:F0:18:43:F8:2F,-73,1.59845E+12
0,73,3,D0:F0:18:43:F8:49,-52,1.59845E+12
1,74,3,D0:F0:18:43:F8:2F,-70,1.59845E+12
0,75,3,D0:F0:18:43:F8:49,-54,1.59845E+12
1,76,3,D0:F0:18:43:F8:2F,-77,1.59845E+12
0,77,3,D0:F0:18:43:F8:2F,-73,1.59845E+12
0,78,3,D0:F0:18:43:F8:49,-58,1.59845E+12
1,79,3,D0:F0:18:43:F8:2F,-70,1.59845E+12
0,0,4,D0:F0:18:43:F8:49,-67,1.59845E+12
1,1,4,D0:F0:18:43:F8:2F,-71,1.59845E+12
0,2,4,D0:F0:18:43:F8:49,-63,1.59845E+12
0,3,4,D0:F0:18:43:F8:49,-67,1.59845E+12
1,4,4,D0:F0:18:43:F8:2F,-73,1.59845E+12
0,5,4,D0:F0:18:43:F8:49,-62,1.59845E+12
1,6,4,D0:F0:18:43:F8:2F,-72,1.59845E+12
0,7,4,D0:F0:18:43:F8:49,-68,1.59845E+12
1,8,4,D0:F0:18:43:F8:2F,-77,1.59845E+12
0,9,4,D0:F0:18:43:F8:49,-68,1.59845E+12
1,10,4,D0:F0:18:43:F8:2F,-71,1.59845E+12
0,11,4,D0:F0:18:43:F8:49,-64,1.59845E+12
1,12,4,D0:F0:18:43:F8:2F,-76,1.59845E+12
0,13,4,D0:F0:18:43:F8:49,-68,1.59845E+12
1,14,4,D0:F0:18:43:F8:2F,-72,1.59845E+12
0,15,4,D0:F0:18:43:F8:49,-61,1.59845E+12
1,16,4,D0:F0:18:43:F8:2F,-71,1.59845E+12
0,17,4,D0:F0:18:43:F8:49,-62,1.59845E+12
1,18,4,D0:F0:18:43:F8:2F,-76,1.59845E+12
0,19,4,D0:F0:18:43:F8:49,-68,1.59845E+12
1,20,4,D0:F0:18:43:F8:2F,-72,1.59845E+12
0,21,4,D0:F0:18:43:F8:49,-68,1.59845E+12
1,22,4,D0:F0:18:43:F8:2F,-71,1.59845E+12
0,23,4,D0:F0:18:43:F8:49,-70,1.59845E+12
0,24,4,D0:F0:18:43:F8:49,-61,1.59845E+12
1,25,4,D0:F0:18:43:F8:2F,-76,1.59845E+12
0,26,4,D0:F0:18:43:F8:49,-68,1.59845E+12
1,27,4,D0:F0:18:43:F8:2F,-73,1.59845E+12
0,28,4,D0:F0:18:43:F8:49,-60,1.59845E+12
1,29,4,D0:F0:18:43:F8:2F,-70,1.59845E+12
0,30,4,D0:F0:18:43:F8:49,-68,1.59845E+12
1,31,4,D0:F0:18:43:F8:2F,-72,1.59845E+12
0,32,4,D0:F0:18:43:F8:49,-68,1.59845E+12
1,33,4,D0:F0:18:43:F8:2F,-73,1.59845E+12
0,34,4,D0:F0:18:43:F8:49,-61,1.59845E+12
1,35,4,D0:F0:18:43:F8:2F,-77,1.59845E+12
0,36,4,D0:F0:18:43:F8:49,-68,1.59845E+12
1,37,4,D0:F0:18:43:F8:2F,-72,1.59845E+12
0,38,4,D0:F0:18:43:F8:49,-68,1.59845E+12
1,39,4,D0:F0:18:43:F8:2F,-71,1.59845E+12
0,40,4,D0:F0:18:43:F8:49,-60,1.59845E+12
1,41,4,D0:F0:18:43:F8:2F,-72,1.59845E+12
0,42,4,D0:F0:18:43:F8:49,-68,1.59845E+12
1,43,4,D0:F0:18:43:F8:2F,-72,1.59845E+12
0,44,4,D0:F0:18:43:F8:2F,-80,1.59845E+12
0,45,4,D0:F0:18:43:F8:49,-60,1.59845E+12
1,46,4,D0:F0:18:43:F8:2F,-73,1.59845E+12
0,47,4,D0:F0:18:43:F8:49,-61,1.59845E+12
1,48,4,D0:F0:18:43:F8:2F,-73,1.59845E+12
0,49,4,D0:F0:18:43:F8:49,-68,1.59845E+12
0,50,4,D0:F0:18:43:F8:49,-60,1.59845E+12
1,51,4,D0:F0:18:43:F8:2F,-71,1.59845E+12
0,52,4,D0:F0:18:43:F8:49,-60,1.59845E+12
0,53,4,D0:F0:18:43:F8:49,-68,1.59845E+12
1,54,4,D0:F0:18:43:F8:2F,-71,1.59845E+12
0,55,4,D0:F0:18:43:F8:49,-60,1.59845E+12
1,56,4,D0:F0:18:43:F8:2F,-79,1.59845E+12
0,57,4,D0:F0:18:43:F8:49,-68,1.59845E+12
0,58,4,D0:F0:18:43:F8:49,-68,1.59845E+12
1,59,4,D0:F0:18:43:F8:2F,-70,1.59845E+12
0,60,4,D0:F0:18:43:F8:49,-60,1.59845E+12
1,61,4,D0:F0:18:43:F8:2F,-79,1.59845E+12
0,62,4,D0:F0:18:43:F8:49,-70,1.59845E+12
1,63,4,D0:F0:18:43:F8:2F,-73,1.59845E+12
0,64,4,D0:F0:18:43:F8:49,-68,1.59845E+12
0,65,4,D0:F0:18:43:F8:49,-61,1.59845E+12
0,66,4,D0:F0:18:43:F8:49,-61,1.59845E+12
0,67,4,D0:F0:18:43:F8:49,-62,1.59845E+12
1,68,4,D0:F0:18:43:F8:2F,-77,1.59845E+12
0,69,4,D0:F0:18:43:F8:49,-61,1.59845E+12
1,70,4,D0:F0:18:43:F8:2F,-71,1.59845E+12
0,71,4,D0:F0:18:43:F8:49,-70,1.59845E+12
1,72,4,D0:F0:18:43:F8:2F,-71,1.59845E+12
0,73,4,D0:F0:18:43:F8:2F,-71,1.59845E+12
0,74,4,D0:F0:18:43:F8:49,-69,1.59845E+12
1,75,4,D0:F0:18:43:F8:2F,-71,1.59845E+12
0,76,4,D0:F0:18:43:F8:49,-62,1.59845E+12
1,77,4,D0:F0:18:43:F8:2F,-75,1.59845E+12
0,78,4,D0:F0:18:43:F8:49,-66,1.59845E+12
0,79,4,D0:F0:18:43:F8:49,-61,1.59845E+12
0,0,5,D0:F0:18:43:F8:49,-74,1.59845E+12
1,1,5,D0:F0:18:43:F8:2F,-74,1.59845E+12
0,2,5,D0:F0:18:43:F8:49,-67,1.59845E+12
1,3,5,D0:F0:18:43:F8:2F,-75,1.59845E+12
0,4,5,D0:F0:18:43:F8:49,-63,1.59845E+12
0,5,5,D0:F0:18:43:F8:49,-65,1.59845E+12
1,6,5,D0:F0:18:43:F8:2F,-77,1.59845E+12
0,7,5,D0:F0:18:43:F8:49,-78,1.59845E+12
0,8,5,D0:F0:18:43:F8:49,-63,1.59845E+12
0,9,5,D0:F0:18:43:F8:49,-64,1.59845E+12
1,10,5,D0:F0:18:43:F8:2F,-77,1.59845E+12
0,11,5,D0:F0:18:43:F8:2F,-77,1.59845E+12
0,12,5,D0:F0:18:43:F8:49,-71,1.59845E+12
0,13,5,D0:F0:18:43:F8:49,-64,1.59845E+12
0,14,5,D0:F0:18:43:F8:49,-63,1.59845E+12
0,15,5,D0:F0:18:43:F8:49,-64,1.59845E+12
0,16,5,D0:F0:18:43:F8:49,-63,1.59845E+12
0,17,5,D0:F0:18:43:F8:49,-71,1.59845E+12
1,18,5,D0:F0:18:43:F8:2F,-80,1.59845E+12
0,19,5,D0:F0:18:43:F8:49,-64,1.59845E+12
0,20,5,D0:F0:18:43:F8:49,-63,1.59845E+12
1,21,5,D0:F0:18:43:F8:2F,-77,1.59845E+12
0,22,5,D0:F0:18:43:F8:49,-71,1.59845E+12
1,23,5,D0:F0:18:43:F8:2F,-80,1.59845E+12
0,24,5,D0:F0:18:43:F8:49,-63,1.59845E+12
0,25,5,D0:F0:18:43:F8:49,-63,1.59845E+12
0,26,5,D0:F0:18:43:F8:49,-63,1.59845E+12
0,27,5,D0:F0:18:43:F8:49,-63,1.59845E+12
1,28,5,D0:F0:18:43:F8:2F,-78,1.59845E+12
0,29,5,D0:F0:18:43:F8:49,-72,1.59845E+12
1,30,5,D0:F0:18:43:F8:2F,-79,1.59845E+12
0,31,5,D0:F0:18:43:F8:49,-65,1.59845E+12
0,32,5,D0:F0:18:43:F8:49,-65,1.59845E+12
1,33,5,D0:F0:18:43:F8:2F,-76,1.59845E+12
0,34,5,D0:F0:18:43:F8:49,-61,1.59845E+12
1,35,5,D0:F0:18:43:F8:2F,-79,1.59845E+12
0,36,5,D0:F0:18:43:F8:49,-61,1.59845E+12
1,37,5,D0:F0:18:43:F8:2F,-77,1.59845E+12
0,38,5,D0:F0:18:43:F8:49,-65,1.59845E+12
0,39,5,D0:F0:18:43:F8:2F,-79,1.59845E+12
0,40,5,D0:F0:18:43:F8:49,-75,1.59845E+12
0,41,5,D0:F0:18:43:F8:49,-64,1.59845E+12
1,42,5,D0:F0:18:43:F8:2F,-77,1.59845E+12
0,43,5,D0:F0:18:43:F8:49,-65,1.59845E+12
0,44,5,D0:F0:18:43:F8:49,-61,1.59845E+12
0,45,5,D0:F0:18:43:F8:49,-61,1.59845E+12
1,46,5,D0:F0:18:43:F8:2F,-79,1.59845E+12
0,47,5,D0:F0:18:43:F8:49,-68,1.59845E+12
1,48,5,D0:F0:18:43:F8:2F,-76,1.59845E+12
0,49,5,D0:F0:18:43:F8:49,-78,1.59845E+12
1,50,5,D0:F0:18:43:F8:2F,-80,1.59845E+12
0,51,5,D0:F0:18:43:F8:49,-67,1.59845E+12
0,52,5,D0:F0:18:43:F8:49,-66,1.59845E+12
1,53,5,D0:F0:18:43:F8:2F,-75,1.59845E+12
0,54,5,D0:F0:18:43:F8:49,-59,1.59845E+12
0,55,5,D0:F0:18:43:F8:49,-64,1.59845E+12
1,56,5,D0:F0:18:43:F8:2F,-76,1.59845E+12
0,57,5,D0:F0:18:43:F8:49,-70,1.59845E+12
0,58,5,D0:F0:18:43:F8:49,-67,1.59845E+12
1,59,5,D0:F0:18:43:F8:2F,-82,1.59845E+12
0,60,5,D0:F0:18:43:F8:49,-67,1.59845E+12
1,61,5,D0:F0:18:43:F8:2F,-78,1.59845E+12
0,62,5,D0:F0:18:43:F8:49,-67,1.59845E+12
0,63,5,D0:F0:18:43:F8:49,-67,1.59845E+12
0,64,5,D0:F0:18:43:F8:49,-69,1.59845E+12
1,65,5,D0:F0:18:43:F8:2F,-82,1.59845E+12
0,66,5,D0:F0:18:43:F8:49,-67,1.59845E+12
1,67,5,D0:F0:18:43:F8:2F,-78,1.59845E+12
0,68,5,D0:F0:18:43:F8:49,-70,1.59845E+12
0,69,5,D0:F0:18:43:F8:49,-67,1.59845E+12
0,70,5,D0:F0:18:43:F8:49,-70,1.59845E+12
0,71,5,D0:F0:18:43:F8:49,-67,1.59845E+12
0,72,5,D0:F0:18:43:F8:49,-67,1.59845E+12
0,73,5,D0:F0:18:43:F8:49,-70,1.59845E+12
0,74,5,D0:F0:18:43:F8:49,-66,1.59845E+12
0,75,5,D0:F0:18:43:F8:49,-67,1.59845E+12
0,76,5,D0:F0:18:43:F8:49,-70,1.59845E+12
0,77,5,D0:F0:18:43:F8:49,-67,1.59845E+12
1,78,5,D0:F0:18:43:F8:2F,-82,1.59845E+12
0,79,5,D0:F0:18:43:F8:2F,-78,1.59845E+12
0,0,6,D0:F0:18:43:F8:2F,-76,1.59845E+12
0,1,6,D0:F0:18:43:F8:49,-73,1.59845E+12
0,2,6,D0:F0:18:43:F8:49,-77,1.59845E+12
1,3,6,D0:F0:18:43:F8:2F,-72,1.59845E+12
0,4,6,D0:F0:18:43:F8:49,-71,1.59845E+12
1,5,6,D0:F0:18:43:F8:2F,-75,1.59845E+12
0,6,6,D0:F0:18:43:F8:49,-74,1.59845E+12
1,7,6,D0:F0:18:43:F8:2F,-72,1.59845E+12
0,8,6,D0:F0:18:43:F8:49,-75,1.59845E+12
1,9,6,D0:F0:18:43:F8:2F,-77,1.59845E+12
0,10,6,D0:F0:18:43:F8:49,-73,1.59845E+12
1,11,6,D0:F0:18:43:F8:2F,-74,1.59845E+12
0,12,6,D0:F0:18:43:F8:49,-74,1.59845E+12
1,13,6,D0:F0:18:43:F8:2F,-74,1.59845E+12
0,14,6,D0:F0:18:43:F8:49,-74,1.59845E+12
1,15,6,D0:F0:18:43:F8:2F,-77,1.59845E+12
0,16,6,D0:F0:18:43:F8:49,-71,1.59845E+12
1,17,6,D0:F0:18:43:F8:2F,-76,1.59845E+12
0,18,6,D0:F0:18:43:F8:2F,-71,1.59845E+12
0,19,6,D0:F0:18:43:F8:2F,-71,1.59845E+12
0,20,6,D0:F0:18:43:F8:49,-77,1.59845E+12
1,21,6,D0:F0:18:43:F8:2F,-75,1.59845E+12
0,22,6,D0:F0:18:43:F8:2F,-79,1.59845E+12
0,23,6,D0:F0:18:43:F8:49,-81,1.59845E+12
1,24,6,D0:F0:18:43:F8:2F,-74,1.59845E+12
0,25,6,D0:F0:18:43:F8:49,-77,1.59845E+12
1,26,6,D0:F0:18:43:F8:2F,-78,1.59845E+12
0,27,6,D0:F0:18:43:F8:49,-75,1.59845E+12
0,28,6,D0:F0:18:43:F8:49,-75,1.59845E+12
1,29,6,D0:F0:18:43:F8:2F,-71,1.59845E+12
0,30,6,D0:F0:18:43:F8:49,-71,1.59845E+12
1,31,6,D0:F0:18:43:F8:2F,-79,1.59845E+12
0,32,6,D0:F0:18:43:F8:49,-77,1.59845E+12
1,33,6,D0:F0:18:43:F8:2F,-74,1.59845E+12
0,34,6,D0:F0:18:43:F8:2F,-70,1.59845E+12
0,35,6,D0:F0:18:43:F8:49,-71,1.59845E+12
0,36,6,D0:F0:18:43:F8:49,-77,1.59845E+12
1,37,6,D0:F0:18:43:F8:2F,-70,1.59845E+12
0,38,6,D0:F0:18:43:F8:49,-74,1.59845E+12
1,39,6,D0:F0:18:43:F8:2F,-76,1.59845E+12
0,40,6,D0:F0:18:43:F8:49,-71,1.59845E+12
1,41,6,D0:F0:18:43:F8:2F,-76,1.59845E+12
0,42,6,D0:F0:18:43:F8:49,-74,1.59845E+12
1,43,6,D0:F0:18:43:F8:2F,-73,1.59845E+12
0,44,6,D0:F0:18:43:F8:49,-77,1.59845E+12
1,45,6,D0:F0:18:43:F8:2F,-80,1.59845E+12
0,46,6,D0:F0:18:43:F8:49,-76,1.59845E+12
1,47,6,D0:F0:18:43:F8:2F,-71,1.59845E+12
0,48,6,D0:F0:18:43:F8:49,-75,1.59845E+12
1,49,6,D0:F0:18:43:F8:2F,-77,1.59845E+12
0,50,6,D0:F0:18:43:F8:49,-73,1.59845E+12
1,51,6,D0:F0:18:43:F8:2F,-79,1.59845E+12
0,52,6,D0:F0:18:43:F8:49,-77,1.59845E+12
1,53,6,D0:F0:18:43:F8:2F,-72,1.59845E+12
0,54,6,D0:F0:18:43:F8:49,-74,1.59845E+12
1,55,6,D0:F0:18:43:F8:2F,-80,1.59845E+12
0,56,6,D0:F0:18:43:F8:49,-71,1.59845E+12
1,57,6,D0:F0:18:43:F8:2F,-74,1.59845E+12
0,58,6,D0:F0:18:43:F8:49,-77,1.59845E+12
1,59,6,D0:F0:18:43:F8:2F,-77,1.59845E+12
0,60,6,D0:F0:18:43:F8:49,-74,1.59845E+12
0,61,6,D0:F0:18:43:F8:49,-73,1.59845E+12
1,62,6,D0:F0:18:43:F8:2F,-73,1.59845E+12
0,63,6,D0:F0:18:43:F8:49,-80,1.59845E+12
0,64,6,D0:F0:18:43:F8:49,-72,1.59845E+12
0,65,6,D0:F0:18:43:F8:49,-73,1.59845E+12
1,66,6,D0:F0:18:43:F8:2F,-74,1.59845E+12
0,67,6,D0:F0:18:43:F8:49,-75,1.59845E+12
1,68,6,D0:F0:18:43:F8:2F,-77,1.59845E+12
0,69,6,D0:F0:18:43:F8:49,-80,1.59845E+12
1,70,6,D0:F0:18:43:F8:2F,-76,1.59845E+12
0,71,6,D0:F0:18:43:F8:49,-74,1.59845E+12
0,72,6,D0:F0:18:43:F8:49,-74,1.59845E+12
1,73,6,D0:F0:18:43:F8:2F,-74,1.59845E+12
0,74,6,D0:F0:18:43:F8:49,-77,1.59845E+12
1,75,6,D0:F0:18:43:F8:2F,-76,1.59845E+12
0,76,6,D0:F0:18:43:F8:49,-76,1.59845E+12
1,77,6,D0:F0:18:43:F8:2F,-77,1.59845E+12
0,78,6,D0:F0:18:43:F8:49,-78,1.59845E+12
0,79,6,D0:F0:18:43:F8:49,-77,1.59845E+12
0,0,7,D0:F0:18:43:F8:49,-69,1.59845E+12
0,1,7,D0:F0:18:43:F8:49,-72,1.59845E+12
1,2,7,D0:F0:18:43:F8:2F,-76,1.59845E+12
0,3,7,D0:F0:18:43:F8:49,-77,1.59845E+12
0,4,7,D0:F0:18:43:F8:49,-73,1.59845E+12
1,5,7,D0:F0:18:43:F8:2F,-73,1.59845E+12
0,6,7,D0:F0:18:43:F8:2F,-76,1.59845E+12
0,7,7,D0:F0:18:43:F8:49,-75,1.59845E+12
0,8,7,D0:F0:18:43:F8:49,-71,1.59845E+12
0,9,7,D0:F0:18:43:F8:49,-76,1.59845E+12
0,10,7,D0:F0:18:43:F8:49,-70,1.59845E+12
0,11,7,D0:F0:18:43:F8:49,-71,1.59845E+12
0,12,7,D0:F0:18:43:F8:49,-75,1.59845E+12
0,13,7,D0:F0:18:43:F8:49,-69,1.59845E+12
0,14,7,D0:F0:18:43:F8:49,-79,1.59845E+12
0,15,7,D0:F0:18:43:F8:49,-74,1.59845E+12
0,16,7,D0:F0:18:43:F8:49,-79,1.59845E+12
0,17,7,D0:F0:18:43:F8:49,-69,1.59845E+12
0,18,7,D0:F0:18:43:F8:49,-69,1.59845E+12
0,19,7,D0:F0:18:43:F8:49,-79,1.59845E+12
0,20,7,D0:F0:18:43:F8:49,-70,1.59845E+12
0,21,7,D0:F0:18:43:F8:49,-76,1.59845E+12
0,22,7,D0:F0:18:43:F8:49,-76,1.59845E+12
0,23,7,D0:F0:18:43:F8:49,-70,1.59845E+12
0,24,7,D0:F0:18:43:F8:49,-74,1.59845E+12
1,25,7,D0:F0:18:43:F8:2F,-85,1.59845E+12
0,26,7,D0:F0:18:43:F8:49,-70,1.59845E+12
0,27,7,D0:F0:18:43:F8:49,-78,1.59845E+12
0,28,7,D0:F0:18:43:F8:49,-73,1.59845E+12
0,29,7,D0:F0:18:43:F8:49,-70,1.59845E+12
0,30,7,D0:F0:18:43:F8:49,-79,1.59845E+12
0,31,7,D0:F0:18:43:F8:49,-80,1.59845E+12
0,32,7,D0:F0:18:43:F8:49,-74,1.59845E+12
0,33,7,D0:F0:18:43:F8:49,-80,1.59845E+12
0,34,7,D0:F0:18:43:F8:49,-74,1.59845E+12
0,35,7,D0:F0:18:43:F8:49,-79,1.59845E+12
0,36,7,D0:F0:18:43:F8:49,-77,1.59845E+12
0,37,7,D0:F0:18:43:F8:49,-70,1.59845E+12
0,38,7,D0:F0:18:43:F8:2F,-81,1.59845E+12
0,39,7,D0:F0:18:43:F8:49,-70,1.59845E+12
0,40,7,D0:F0:18:43:F8:49,-74,1.59845E+12
0,41,7,D0:F0:18:43:F8:49,-70,1.59845E+12
0,42,7,D0:F0:18:43:F8:49,-70,1.59845E+12
0,43,7,D0:F0:18:43:F8:49,-79,1.59845E+12
0,44,7,D0:F0:18:43:F8:49,-74,1.59845E+12
0,45,7,D0:F0:18:43:F8:49,-70,1.59845E+12
0,46,7,D0:F0:18:43:F8:49,-74,1.59845E+12
0,47,7,D0:F0:18:43:F8:49,-77,1.59845E+12
0,48,7,D0:F0:18:43:F8:49,-78,1.59845E+12
0,49,7,D0:F0:18:43:F8:49,-74,1.59845E+12
0,50,7,D0:F0:18:43:F8:49,-77,1.59845E+12
0,51,7,D0:F0:18:43:F8:49,-74,1.59845E+12
1,52,7,D0:F0:18:43:F8:2F,-83,1.59845E+12
0,53,7,D0:F0:18:43:F8:49,-69,1.59845E+12
0,54,7,D0:F0:18:43:F8:49,-70,1.59845E+12
1,55,7,D0:F0:18:43:F8:2F,-84,1.59845E+12
0,56,7,D0:F0:18:43:F8:49,-77,1.59845E+12
0,57,7,D0:F0:18:43:F8:49,-76,1.59845E+12
0,58,7,D0:F0:18:43:F8:49,-75,1.59845E+12
0,59,7,D0:F0:18:43:F8:49,-74,1.59845E+12
0,60,7,D0:F0:18:43:F8:49,-73,1.59845E+12
0,61,7,D0:F0:18:43:F8:49,-70,1.59845E+12
1,62,7,D0:F0:18:43:F8:2F,-75,1.59845E+12
0,63,7,D0:F0:18:43:F8:49,-71,1.59845E+12
0,64,7,D0:F0:18:43:F8:49,-79,1.59845E+12
1,65,7,D0:F0:18:43:F8:2F,-73,1.59845E+12
0,66,7,D0:F0:18:43:F8:49,-68,1.59845E+12
0,67,7,D0:F0:18:43:F8:49,-71,1.59845E+12
0,68,7,D0:F0:18:43:F8:49,-80,1.59845E+12
0,69,7,D0:F0:18:43:F8:49,-73,1.59845E+12
0,70,7,D0:F0:18:43:F8:49,-79,1.59845E+12
0,71,7,D0:F0:18:43:F8:49,-69,1.59845E+12
1,72,7,D0:F0:18:43:F8:2F,-81,1.59845E+12
0,73,7,D0:F0:18:43:F8:49,-71,1.59845E+12
1,74,7,D0:F0:18:43:F8:2F,-75,1.59845E+12
0,75,7,D0:F0:18:43:F8:49,-71,1.59845E+12
1,76,7,D0:F0:18:43:F8:2F,-77,1.59845E+12
0,77,7,D0:F0:18:43:F8:49,-71,1.59845E+12
0,78,7,D0:F0:18:43:F8:49,-70,1.59845E+12
1,79,7,D0:F0:18:43:F8:2F,-79,1.59845E+12
0,0,8,D0:F0:18:43:F8:49,-64,1.59845E+12
1,1,8,D0:F0:18:43:F8:2F,-72,1.59845E+12
0,2,8,D0:F0:18:43:F8:49,-64,1.59845E+12
1,3,8,D0:F0:18:43:F8:2F,-80,1.59845E+12
0,4,8,D0:F0:18:43:F8:49,-67,1.59845E+12
1,5,8,D0:F0:18:43:F8:2F,-73,1.59845E+12
0,6,8,D0:F0:18:43:F8:49,-70,1.59845E+12
1,7,8,D0:F0:18:43:F8:2F,-74,1.59845E+12
0,8,8,D0:F0:18:43:F8:2F,-74,1.59845E+12
0,9,8,D0:F0:18:43:F8:49,-62,1.59845E+12
1,10,8,D0:F0:18:43:F8:2F,-72,1.59845E+12
0,11,8,D0:F0:18:43:F8:49,-65,1.59845E+12
1,12,8,D0:F0:18:43:F8:2F,-77,1.59845E+12
0,13,8,D0:F0:18:43:F8:49,-70,1.59845E+12
1,14,8,D0:F0:18:43:F8:2F,-77,1.59845E+12
0,15,8,D0:F0:18:43:F8:2F,-77,1.59845E+12
0,16,8,D0:F0:18:43:F8:49,-70,1.59845E+12
1,17,8,D0:F0:18:43:F8:2F,-77,1.59845E+12
0,18,8,D0:F0:18:43:F8:49,-65,1.59845E+12
0,19,8,D0:F0:18:43:F8:2F,-74,1.59845E+12
0,20,8,D0:F0:18:43:F8:49,-63,1.59845E+12
0,21,8,D0:F0:18:43:F8:49,-64,1.59845E+12
1,22,8,D0:F0:18:43:F8:2F,-74,1.59845E+12
0,23,8,D0:F0:18:43:F8:49,-69,1.59845E+12
1,24,8,D0:F0:18:43:F8:2F,-74,1.59845E+12
0,25,8,D0:F0:18:43:F8:49,-63,1.59845E+12
1,26,8,D0:F0:18:43:F8:2F,-73,1.59845E+12
0,27,8,D0:F0:18:43:F8:49,-65,1.59845E+12
1,28,8,D0:F0:18:43:F8:2F,-75,1.59845E+12
0,29,8,D0:F0:18:43:F8:49,-69,1.59845E+12
1,30,8,D0:F0:18:43:F8:2F,-73,1.59845E+12
0,31,8,D0:F0:18:43:F8:49,-64,1.59845E+12
1,32,8,D0:F0:18:43:F8:2F,-77,1.59845E+12
0,33,8,D0:F0:18:43:F8:49,-69,1.59845E+12
1,34,8,D0:F0:18:43:F8:2F,-77,1.59845E+12
0,35,8,D0:F0:18:43:F8:49,-63,1.59845E+12
0,36,8,D0:F0:18:43:F8:49,-64,1.59845E+12
1,37,8,D0:F0:18:43:F8:2F,-76,1.59845E+12
0,38,8,D0:F0:18:43:F8:49,-69,1.59845E+12
1,39,8,D0:F0:18:43:F8:2F,-77,1.59845E+12
0,40,8,D0:F0:18:43:F8:2F,-76,1.59845E+12
0,41,8,D0:F0:18:43:F8:2F,-74,1.59845E+12
0,42,8,D0:F0:18:43:F8:49,-64,1.59845E+12
1,43,8,D0:F0:18:43:F8:2F,-73,1.59845E+12
0,44,8,D0:F0:18:43:F8:49,-70,1.59845E+12
1,45,8,D0:F0:18:43:F8:2F,-73,1.59845E+12
0,46,8,D0:F0:18:43:F8:49,-63,1.59845E+12
1,47,8,D0:F0:18:43:F8:2F,-74,1.59845E+12
0,48,8,D0:F0:18:43:F8:49,-70,1.59845E+12
1,49,8,D0:F0:18:43:F8:2F,-73,1.59845E+12
0,50,8,D0:F0:18:43:F8:49,-70,1.59845E+12
1,51,8,D0:F0:18:43:F8:2F,-73,1.59845E+12
0,52,8,D0:F0:18:43:F8:49,-64,1.59845E+12
1,53,8,D0:F0:18:43:F8:2F,-75,1.59845E+12
0,54,8,D0:F0:18:43:F8:2F,-73,1.59845E+12
0,55,8,D0:F0:18:43:F8:49,-63,1.59845E+12
1,56,8,D0:F0:18:43:F8:2F,-75,1.59845E+12
0,57,8,D0:F0:18:43:F8:49,-65,1.59845E+12
1,58,8,D0:F0:18:43:F8:2F,-73,1.59845E+12
0,59,8,D0:F0:18:43:F8:49,-70,1.59845E+12
1,60,8,D0:F0:18:43:F8:2F,-74,1.59845E+12
0,61,8,D0:F0:18:43:F8:2F,-74,1.59845E+12
0,62,8,D0:F0:18:43:F8:2F,-74,1.59845E+12
0,63,8,D0:F0:18:43:F8:49,-65,1.59845E+12
1,64,8,D0:F0:18:43:F8:2F,-73,1.59845E+12
0,65,8,D0:F0:18:43:F8:2F,-75,1.59845E+12
0,66,8,D0:F0:18:43:F8:49,-65,1.59845E+12
1,67,8,D0:F0:18:43:F8:2F,-73,1.59845E+12
0,68,8,D0:F0:18:43:F8:49,-70,1.59845E+12
0,69,8,D0:F0:18:43:F8:49,-63,1.59845E+12
1,70,8,D0:F0:18:43:F8:2F,-73,1.59845E+12
0,71,8,D0:F0:18:43:F8:49,-65,1.59845E+12
0,72,8,D0:F0:18:43:F8:49,-63,1.59845E+12
1,73,8,D0:F0:18:43:F8:2F,-74,1.59845E+12
0,74,8,D0:F0:18:43:F8:49,-63,1.59845E+12
1,75,8,D0:F0:18:43:F8:2F,-73,1.59845E+12
0,76,8,D0:F0:18:43:F8:49,-70,1.59845E+12
1,77,8,D0:F0:18:43:F8:2F,-74,1.59845E+12
0,78,8,D0:F0:18:43:F8:2F,-74,1.59845E+12
0,79,8,D0:F0:18:43:F8:49,-65,1.59845E+12
0,0,9,D0:F0:18:43:F8:49,-63,1.59845E+12
1,1,9,D0:F0:18:43:F8:2F,-77,1.59845E+12
0,2,9,D0:F0:18:43:F8:49,-65,1.59845E+12
1,3,9,D0:F0:18:43:F8:2F,-72,1.59845E+12
0,4,9,D0:F0:18:43:F8:49,-64,1.59845E+12
1,5,9,D0:F0:18:43:F8:2F,-74,1.59845E+12
0,6,9,D0:F0:18:43:F8:49,-64,1.59845E+12
1,7,9,D0:F0:18:43:F8:2F,-69,1.59845E+12
0,8,9,D0:F0:18:43:F8:49,-66,1.59845E+12
0,9,9,D0:F0:18:43:F8:49,-64,1.59845E+12
1,10,9,D0:F0:18:43:F8:2F,-73,1.59845E+12
0,11,9,D0:F0:18:43:F8:49,-63,1.59845E+12
1,12,9,D0:F0:18:43:F8:2F,-68,1.59845E+12
0,13,9,D0:F0:18:43:F8:49,-64,1.59845E+12
1,14,9,D0:F0:18:43:F8:2F,-71,1.59845E+12
0,15,9,D0:F0:18:43:F8:49,-64,1.59845E+12
1,16,9,D0:F0:18:43:F8:2F,-71,1.59845E+12
0,17,9,D0:F0:18:43:F8:49,-66,1.59845E+12
1,18,9,D0:F0:18:43:F8:2F,-70,1.59845E+12
0,19,9,D0:F0:18:43:F8:49,-64,1.59845E+12
1,20,9,D0:F0:18:43:F8:2F,-71,1.59845E+12
0,21,9,D0:F0:18:43:F8:49,-64,1.59845E+12
0,22,9,D0:F0:18:43:F8:49,-66,1.59845E+12
1,23,9,D0:F0:18:43:F8:2F,-71,1.59845E+12
0,24,9,D0:F0:18:43:F8:49,-64,1.59845E+12
1,25,9,D0:F0:18:43:F8:2F,-71,1.59845E+12
0,26,9,D0:F0:18:43:F8:49,-64,1.59845E+12
1,27,9,D0:F0:18:43:F8:2F,-71,1.59845E+12
0,28,9,D0:F0:18:43:F8:49,-66,1.59845E+12
1,29,9,D0:F0:18:43:F8:2F,-69,1.59845E+12
0,30,9,D0:F0:18:43:F8:49,-64,1.59845E+12
1,31,9,D0:F0:18:43:F8:2F,-68,1.59845E+12
0,32,9,D0:F0:18:43:F8:49,-64,1.59845E+12
0,33,9,D0:F0:18:43:F8:2F,-68,1.59845E+12
0,34,9,D0:F0:18:43:F8:49,-66,1.59845E+12
0,35,9,D0:F0:18:43:F8:49,-64,1.59845E+12
1,36,9,D0:F0:18:43:F8:2F,-71,1.59845E+12
0,37,9,D0:F0:18:43:F8:2F,-68,1.59845E+12
0,38,9,D0:F0:18:43:F8:49,-66,1.59845E+12
1,39,9,D0:F0:18:43:F8:2F,-70,1.59845E+12
0,40,9,D0:F0:18:43:F8:49,-66,1.59845E+12
1,41,9,D0:F0:18:43:F8:2F,-69,1.59845E+12
0,42,9,D0:F0:18:43:F8:49,-66,1.59845E+12
0,43,9,D0:F0:18:43:F8:49,-64,1.59845E+12
1,44,9,D0:F0:18:43:F8:2F,-71,1.59845E+12
0,45,9,D0:F0:18:43:F8:49,-64,1.59845E+12
0,46,9,D0:F0:18:43:F8:49,-64,1.59845E+12
1,47,9,D0:F0:18:43:F8:2F,-70,1.59845E+12
0,48,9,D0:F0:18:43:F8:49,-64,1.59845E+12
1,49,9,D0:F0:18:43:F8:2F,-71,1.59845E+12
0,50,9,D0:F0:18:43:F8:49,-66,1.59845E+12
1,51,9,D0:F0:18:43:F8:2F,-69,1.59845E+12
0,52,9,D0:F0:18:43:F8:49,-64,1.59845E+12
1,53,9,D0:F0:18:43:F8:2F,-70,1.59845E+12
0,54,9,D0:F0:18:43:F8:49,-64,1.59845E+12
1,55,9,D0:F0:18:43:F8:2F,-68,1.59845E+12
0,56,9,D0:F0:18:43:F8:2F,-71,1.59845E+12
0,57,9,D0:F0:18:43:F8:49,-64,1.59845E+12
1,58,9,D0:F0:18:43:F8:2F,-71,1.59845E+12
0,59,9,D0:F0:18:43:F8:2F,-68,1.59845E+12
0,60,9,D0:F0:18:43:F8:49,-64,1.59845E+12
0,61,9,D0:F0:18:43:F8:49,-66,1.59845E+12
1,62,9,D0:F0:18:43:F8:2F,-68,1.59845E+12
0,63,9,D0:F0:18:43:F8:49,-64,1.59845E+12
0,64,9,D0:F0:18:43:F8:49,-64,1.59845E+12
1,65,9,D0:F0:18:43:F8:2F,-69,1.59845E+12
0,66,9,D0:F0:18:43:F8:49,-66,1.59845E+12
0,67,9,D0:F0:18:43:F8:49,-64,1.59845E+12
1,68,9,D0:F0:18:43:F8:2F,-68,1.59845E+12
0,69,9,D0:F0:18:43:F8:2F,-68,1.59845E+12
0,70,9,D0:F0:18:43:F8:49,-66,1.59845E+12
0,71,9,D0:F0:18:43:F8:2F,-71,1.59845E+12
0,72,9,D0:F0:18:43:F8:49,-64,1.59845E+12
1,73,9,D0:F0:18:43:F8:2F,-68,1.59845E+12
0,74,9,D0:F0:18:43:F8:49,-66,1.59845E+12
1,75,9,D0:F0:18:43:F8:2F,-71,1.59845E+12
0,76,9,D0:F0:18:43:F8:49,-64,1.59845E+12
1,77,9,D0:F0:18:43:F8:2F,-71,1.59845E+12
0,78,9,D0:F0:18:43:F8:49,-66,1.59845E+12
1,79,9,D0:F0:18:43:F8:2F,-68,1.59845E+12
0,0,10,D0:F0:18:43:F8:49,-60,1.59845E+12
1,1,10,D0:F0:18:43:F8:2F,-73,1.59845E+12
0,2,10,D0:F0:18:43:F8:49,-66,1.59845E+12
1,3,10,D0:F0:18:43:F8:2F,-77,1.59845E+12
0,4,10,D0:F0:18:43:F8:49,-64,1.59845E+12
0,5,10,D0:F0:18:43:F8:49,-61,1.59845E+12
1,6,10,D0:F0:18:43:F8:2F,-71,1.59845E+12
0,7,10,D0:F0:18:43:F8:49,-64,1.59845E+12
1,8,10,D0:F0:18:43:F8:2F,-76,1.59845E+12
0,9,10,D0:F0:18:43:F8:49,-61,1.59845E+12
1,10,10,D0:F0:18:43:F8:2F,-70,1.59845E+12
0,11,10,D0:F0:18:43:F8:49,-61,1.59845E+12
1,12,10,D0:F0:18:43:F8:2F,-74,1.59845E+12
0,13,10,D0:F0:18:43:F8:49,-64,1.59845E+12
1,14,10,D0:F0:18:43:F8:2F,-73,1.59845E+12
0,15,10,D0:F0:18:43:F8:49,-61,1.59845E+12
1,16,10,D0:F0:18:43:F8:2F,-69,1.59845E+12
0,17,10,D0:F0:18:43:F8:2F,-74,1.59845E+12
0,18,10,D0:F0:18:43:F8:49,-61,1.59845E+12
1,19,10,D0:F0:18:43:F8:2F,-76,1.59845E+12
0,20,10,D0:F0:18:43:F8:49,-65,1.59845E+12
0,21,10,D0:F0:18:43:F8:49,-61,1.59845E+12
1,22,10,D0:F0:18:43:F8:2F,-74,1.59845E+12
0,23,10,D0:F0:18:43:F8:49,-61,1.59845E+12
1,24,10,D0:F0:18:43:F8:2F,-70,1.59845E+12
0,25,10,D0:F0:18:43:F8:49,-65,1.59845E+12
1,26,10,D0:F0:18:43:F8:2F,-74,1.59845E+12
0,27,10,D0:F0:18:43:F8:49,-61,1.59845E+12
1,28,10,D0:F0:18:43:F8:2F,-74,1.59845E+12
0,29,10,D0:F0:18:43:F8:49,-64,1.59845E+12
1,30,10,D0:F0:18:43:F8:2F,-86,1.59845E+12
0,31,10,D0:F0:18:43:F8:49,-61,1.59845E+12
0,32,10,D0:F0:18:43:F8:49,-61,1.59845E+12
1,33,10,D0:F0:18:43:F8:2F,-74,1.59845E+12
0,34,10,D0:F0:18:43:F8:49,-61,1.59845E+12
1,35,10,D0:F0:18:43:F8:2F,-70,1.59845E+12
0,36,10,D0:F0:18:43:F8:49,-65,1.59845E+12
0,37,10,D0:F0:18:43:F8:49,-61,1.59845E+12
1,38,10,D0:F0:18:43:F8:2F,-71,1.59845E+12
0,39,10,D0:F0:18:43:F8:49,-61,1.59845E+12
1,40,10,D0:F0:18:43:F8:2F,-70,1.59845E+12
0,41,10,D0:F0:18:43:F8:49,-61,1.59845E+12
1,42,10,D0:F0:18:43:F8:2F,-73,1.59845E+12
0,43,10,D0:F0:18:43:F8:49,-65,1.59845E+12
0,44,10,D0:F0:18:43:F8:49,-61,1.59845E+12
1,45,10,D0:F0:18:43:F8:2F,-70,1.59845E+12
0,46,10,D0:F0:18:43:F8:49,-61,1.59845E+12
0,47,10,D0:F0:18:43:F8:49,-65,1.59845E+12
1,48,10,D0:F0:18:43:F8:2F,-70,1.59845E+12
0,49,10,D0:F0:18:43:F8:49,-61,1.59845E+12
0,50,10,D0:F0:18:43:F8:49,-65,1.59845E+12
1,51,10,D0:F0:18:43:F8:2F,-73,1.59845E+12
0,52,10,D0:F0:18:43:F8:49,-61,1.59845E+12
1,53,10,D0:F0:18:43:F8:2F,-70,1.59845E+12
0,54,10,D0:F0:18:43:F8:49,-61,1.59845E+12
1,55,10,D0:F0:18:43:F8:2F,-73,1.59845E+12
0,56,10,D0:F0:18:43:F8:49,-65,1.59845E+12
1,57,10,D0:F0:18:43:F8:2F,-73,1.59845E+12
0,58,10,D0:F0:18:43:F8:49,-65,1.59845E+12
0,59,10,D0:F0:18:43:F8:49,-61,1.59845E+12
1,60,10,D0:F0:18:43:F8:2F,-71,1.59845E+12
0,61,10,D0:F0:18:43:F8:49,-65,1.59845E+12
1,62,10,D0:F0:18:43:F8:2F,-73,1.59845E+12
0,63,10,D0:F0:18:43:F8:49,-65,1.59845E+12
0,64,10,D0:F0:18:43:F8:2F,-70,1.59845E+12
0,65,10,D0:F0:18:43:F8:49,-61,1.59845E+12
0,66,10,D0:F0:18:43:F8:49,-65,1.59845E+12
1,67,10,D0:F0:18:43:F8:2F,-73,1.59845E+12
0,68,10,D0:F0:18:43:F8:49,-61,1.59845E+12
0,69,10,D0:F0:18:43:F8:49,-65,1.59845E+12
0,70,10,D0:F0:18:43:F8:2F,-74,1.59845E+12
0,71,10,D0:F0:18:43:F8:49,-65,1.59845E+12
0,72,10,D0:F0:18:43:F8:49,-61,1.59845E+12
1,73,10,D0:F0:18:43:F8:2F,-73,1.59845E+12
0,74,10,D0:F0:18:43:F8:49,-65,1.59845E+12
0,75,10,D0:F0:18:43:F8:49,-65,1.59845E+12
0,76,10,D0:F0:18:43:F8:49,-61,1.59845E+12
1,77,10,D0:F0:18:43:F8:2F,-74,1.59845E+12
0,78,10,D0:F0:18:43:F8:49,-65,1.59845E+12
1,79,10,D0:F0:18:43:F8:2F,-73,1.59845E+12
0,0,11,D0:F0:18:43:F8:49,-62,1.59845E+12
1,1,11,D0:F0:18:43:F8:2F,-65,1.59845E+12
0,2,11,D0:F0:18:43:F8:49,-63,1.59845E+12
0,3,11,D0:F0:18:43:F8:49,-61,1.59845E+12
1,4,11,D0:F0:18:43:F8:2F,-68,1.59845E+12
0,5,11,D0:F0:18:43:F8:49,-61,1.59845E+12
1,6,11,D0:F0:18:43:F8:2F,-71,1.59845E+12
0,7,11,D0:F0:18:43:F8:2F,-71,1.59845E+12
0,8,11,D0:F0:18:43:F8:49,-60,1.59845E+12
1,9,11,D0:F0:18:43:F8:2F,-74,1.59845E+12
0,10,11,D0:F0:18:43:F8:49,-61,1.59845E+12
1,11,11,D0:F0:18:43:F8:2F,-73,1.59845E+12
0,12,11,D0:F0:18:43:F8:49,-62,1.59845E+12
1,13,11,D0:F0:18:43:F8:2F,-73,1.59845E+12
0,14,11,D0:F0:18:43:F8:49,-60,1.59845E+12
1,15,11,D0:F0:18:43:F8:2F,-71,1.59845E+12
0,16,11,D0:F0:18:43:F8:49,-61,1.59845E+12
0,17,11,D0:F0:18:43:F8:49,-62,1.59845E+12
1,18,11,D0:F0:18:43:F8:2F,-71,1.59845E+12
0,19,11,D0:F0:18:43:F8:49,-61,1.59845E+12
0,20,11,D0:F0:18:43:F8:49,-63,1.59845E+12
1,21,11,D0:F0:18:43:F8:2F,-69,1.59845E+12
0,22,11,D0:F0:18:43:F8:49,-60,1.59845E+12
1,23,11,D0:F0:18:43:F8:2F,-69,1.59845E+12
0,24,11,D0:F0:18:43:F8:2F,-69,1.59845E+12
0,25,11,D0:F0:18:43:F8:49,-63,1.59845E+12
1,26,11,D0:F0:18:43:F8:2F,-72,1.59845E+12
0,27,11,D0:F0:18:43:F8:49,-63,1.59845E+12
1,28,11,D0:F0:18:43:F8:2F,-69,1.59845E+12
0,29,11,D0:F0:18:43:F8:2F,-71,1.59845E+12
0,30,11,D0:F0:18:43:F8:49,-61,1.59845E+12
0,31,11,D0:F0:18:43:F8:49,-63,1.59845E+12
1,32,11,D0:F0:18:43:F8:2F,-70,1.59845E+12
0,33,11,D0:F0:18:43:F8:49,-60,1.59845E+12
1,34,11,D0:F0:18:43:F8:2F,-72,1.59845E+12
0,35,11,D0:F0:18:43:F8:49,-63,1.59845E+12
1,36,11,D0:F0:18:43:F8:2F,-69,1.59845E+12
0,37,11,D0:F0:18:43:F8:49,-63,1.59845E+12
1,38,11,D0:F0:18:43:F8:2F,-71,1.59845E+12
0,39,11,D0:F0:18:43:F8:49,-60,1.59845E+12
1,40,11,D0:F0:18:43:F8:2F,-72,1.59845E+12
0,41,11,D0:F0:18:43:F8:49,-63,1.59845E+12
1,42,11,D0:F0:18:43:F8:2F,-69,1.59845E+12
0,43,11,D0:F0:18:43:F8:49,-59,1.59845E+12
1,44,11,D0:F0:18:43:F8:2F,-71,1.59845E+12
0,45,11,D0:F0:18:43:F8:49,-61,1.59845E+12
1,46,11,D0:F0:18:43:F8:2F,-69,1.59845E+12
0,47,11,D0:F0:18:43:F8:49,-62,1.59845E+12
1,48,11,D0:F0:18:43:F8:2F,-71,1.59845E+12
0,49,11,D0:F0:18:43:F8:49,-60,1.59845E+12
1,50,11,D0:F0:18:43:F8:2F,-71,1.59845E+12
0,51,11,D0:F0:18:43:F8:2F,-73,1.59845E+12
0,52,11,D0:F0:18:43:F8:49,-63,1.59845E+12
1,53,11,D0:F0:18:43:F8:2F,-72,1.59845E+12
0,54,11,D0:F0:18:43:F8:49,-60,1.59845E+12
1,55,11,D0:F0:18:43:F8:2F,-72,1.59845E+12
0,56,11,D0:F0:18:43:F8:49,-61,1.59845E+12
1,57,11,D0:F0:18:43:F8:2F,-72,1.59845E+12
0,58,11,D0:F0:18:43:F8:49,-64,1.59845E+12
1,59,11,D0:F0:18:43:F8:2F,-74,1.59845E+12
0,60,11,D0:F0:18:43:F8:49,-61,1.59845E+12
1,61,11,D0:F0:18:43:F8:2F,-71,1.59845E+12
0,62,11,D0:F0:18:43:F8:49,-61,1.59845E+12
1,63,11,D0:F0:18:43:F8:2F,-71,1.59845E+12
0,64,11,D0:F0:18:43:F8:49,-62,1.59845E+12
1,65,11,D0:F0:18:43:F8:2F,-73,1.59845E+12
0,66,11,D0:F0:18:43:F8:49,-63,1.59845E+12
1,67,11,D0:F0:18:43:F8:2F,-71,1.59845E+12
0,68,11,D0:F0:18:43:F8:49,-60,1.59845E+12
1,69,11,D0:F0:18:43:F8:2F,-72,1.59845E+12
0,70,11,D0:F0:18:43:F8:49,-61,1.59845E+12
1,71,11,D0:F0:18:43:F8:2F,-71,1.59845E+12
0,72,11,D0:F0:18:43:F8:49,-63,1.59845E+12
1,73,11,D0:F0:18:43:F8:2F,-73,1.59845E+12
0,74,11,D0:F0:18:43:F8:49,-61,1.59845E+12
0,75,11,D0:F0:18:43:F8:49,-61,1.59845E+12
0,76,11,D0:F0:18:43:F8:49,-60,1.59845E+12
1,77,11,D0:F0:18:43:F8:2F,-71,1.59845E+12
0,78,11,D0:F0:18:43:F8:49,-61,1.59845E+12
1,79,11,D0:F0:18:43:F8:2F,-71,1.59845E+12
0,0,12,D0:F0:18:43:F8:49,-65,1.59845E+12
1,1,12,D0:F0:18:43:F8:2F,-66,1.59845E+12
0,2,12,D0:F0:18:43:F8:49,-65,1.59845E+12
1,3,12,D0:F0:18:43:F8:2F,-67,1.59845E+12
0,4,12,D0:F0:18:43:F8:2F,-71,1.59845E+12
0,5,12,D0:F0:18:43:F8:49,-65,1.59845E+12
0,6,12,D0:F0:18:43:F8:49,-62,1.59845E+12
1,7,12,D0:F0:18:43:F8:2F,-71,1.59845E+12
0,8,12,D0:F0:18:43:F8:49,-64,1.59845E+12
1,9,12,D0:F0:18:43:F8:2F,-67,1.59845E+12
0,10,12,D0:F0:18:43:F8:49,-64,1.59845E+12
1,11,12,D0:F0:18:43:F8:2F,-76,1.59845E+12
0,12,12,D0:F0:18:43:F8:2F,-70,1.59845E+12
0,13,12,D0:F0:18:43:F8:49,-63,1.59845E+12
1,14,12,D0:F0:18:43:F8:2F,-71,1.59845E+12
0,15,12,D0:F0:18:43:F8:49,-64,1.59845E+12
1,16,12,D0:F0:18:43:F8:2F,-77,1.59845E+12
0,17,12,D0:F0:18:43:F8:49,-62,1.59845E+12
1,18,12,D0:F0:18:43:F8:2F,-68,1.59845E+12
0,19,12,D0:F0:18:43:F8:49,-62,1.59845E+12
1,20,12,D0:F0:18:43:F8:2F,-76,1.59845E+12
0,21,12,D0:F0:18:43:F8:49,-65,1.59845E+12
0,22,12,D0:F0:18:43:F8:49,-62,1.59845E+12
1,23,12,D0:F0:18:43:F8:2F,-77,1.59845E+12
0,24,12,D0:F0:18:43:F8:49,-64,1.59845E+12
0,25,12,D0:F0:18:43:F8:49,-62,1.59845E+12
0,26,12,D0:F0:18:43:F8:49,-62,1.59845E+12
1,27,12,D0:F0:18:43:F8:2F,-72,1.59845E+12
0,28,12,D0:F0:18:43:F8:2F,-70,1.59845E+12
0,29,12,D0:F0:18:43:F8:49,-63,1.59845E+12
1,30,12,D0:F0:18:43:F8:2F,-71,1.59845E+12
0,31,12,D0:F0:18:43:F8:49,-63,1.59845E+12
1,32,12,D0:F0:18:43:F8:2F,-70,1.59845E+12
0,33,12,D0:F0:18:43:F8:49,-64,1.59845E+12
0,34,12,D0:F0:18:43:F8:49,-66,1.59845E+12
1,35,12,D0:F0:18:43:F8:2F,-69,1.59845E+12
0,36,12,D0:F0:18:43:F8:49,-62,1.59845E+12
0,37,12,D0:F0:18:43:F8:49,-64,1.59845E+12
1,38,12,D0:F0:18:43:F8:2F,-72,1.59845E+12
0,39,12,D0:F0:18:43:F8:49,-62,1.59845E+12
1,40,12,D0:F0:18:43:F8:2F,-69,1.59845E+12
0,41,12,D0:F0:18:43:F8:49,-62,1.59845E+12
1,42,12,D0:F0:18:43:F8:2F,-77,1.59845E+12
0,43,12,D0:F0:18:43:F8:49,-64,1.59845E+12
1,44,12,D0:F0:18:43:F8:2F,-73,1.59845E+12
0,45,12,D0:F0:18:43:F8:49,-65,1.59845E+12
1,46,12,D0:F0:18:43:F8:2F,-69,1.59845E+12
0,47,12,D0:F0:18:43:F8:49,-64,1.59845E+12
1,48,12,D0:F0:18:43:F8:2F,-73,1.59845E+12
0,49,12,D0:F0:18:43:F8:49,-62,1.59845E+12
1,50,12,D0:F0:18:43:F8:2F,-69,1.59845E+12
0,51,12,D0:F0:18:43:F8:49,-64,1.59845E+12
0,52,12,D0:F0:18:43:F8:49,-65,1.59845E+12
0,53,12,D0:F0:18:43:F8:49,-62,1.59845E+12
1,54,12,D0:F0:18:43:F8:2F,-69,1.59845E+12
0,55,12,D0:F0:18:43:F8:2F,-72,1.59845E+12
0,56,12,D0:F0:18:43:F8:49,-66,1.59845E+12
1,57,12,D0:F0:18:43:F8:2F,-72,1.59845E+12
0,58,12,D0:F0:18:43:F8:49,-62,1.59845E+12
1,59,12,D0:F0:18:43:F8:2F,-73,1.59845E+12
0,60,12,D0:F0:18:43:F8:49,-64,1.59845E+12
0,61,12,D0:F0:18:43:F8:49,-66,1.59845E+12
1,62,12,D0:F0:18:43:F8:2F,-73,1.59845E+12
0,63,12,D0:F0:18:43:F8:49,-62,1.59845E+12
1,64,12,D0:F0:18:43:F8:2F,-73,1.59845E+12
0,65,12,D0:F0:18:43:F8:49,-66,1.59845E+12
0,66,12,D0:F0:18:43:F8:49,-66,1.59845E+12
1,67,12,D0:F0:18:43:F8:2F,-72,1.59845E+12
0,68,12,D0:F0:18:43:F8:49,-64,1.59845E+12
1,69,12,D0:F0:18:43:F8:2F,-69,1.59845E+12
0,70,12,D0:F0:18:43:F8:49,-66,1.59845E+12
0,71,12,D0:F0:18:43:F8:49,-62,1.59845E+12
1,72,12,D0:F0:18:43:F8:2F,-69,1.59845E+12
0,73,12,D0:F0:18:43:F8:49,-64,1.59845E+12
0,74,12,D0:F0:18:43:F8:49,-66,1.59845E+12
1,75,12,D0:F0:18:43:F8:2F,-72,1.59845E+12
0,76,12,D0:F0:18:43:F8:49,-64,1.59845E+12
1,77,12,D0:F0:18:43:F8:2F,-69,1.59845E+12
0,78,12,D0:F0:18:43:F8:49,-66,1.59845E+12
0,79,12,D0:F0:18:43:F8:49,-62,1.59845E+12
0,0,13,D0:F0:18:43:F8:49,-69,1.59845E+12
0,1,13,D0:F0:18:43:F8:2F,-57,1.59845E+12
0,2,13,D0:F0:18:43:F8:49,-72,1.59845E+12
1,3,13,D0:F0:18:43:F8:2F,-58,1.59845E+12
0,4,13,D0:F0:18:43:F8:49,-77,1.59845E+12
0,5,13,D0:F0:18:43:F8:49,-77,1.59845E+12
1,6,13,D0:F0:18:43:F8:2F,-57,1.59845E+12
0,7,13,D0:F0:18:43:F8:49,-72,1.59845E+12
1,8,13,D0:F0:18:43:F8:2F,-50,1.59845E+12
0,9,13,D0:F0:18:43:F8:49,-70,1.59845E+12
1,10,13,D0:F0:18:43:F8:2F,-54,1.59845E+12
0,11,13,D0:F0:18:43:F8:49,-76,1.59845E+12
1,12,13,D0:F0:18:43:F8:2F,-54,1.59845E+12
0,13,13,D0:F0:18:43:F8:49,-70,1.59845E+12
1,14,13,D0:F0:18:43:F8:2F,-57,1.59845E+12
0,15,13,D0:F0:18:43:F8:49,-76,1.59845E+12
0,16,13,D0:F0:18:43:F8:49,-73,1.59845E+12
1,17,13,D0:F0:18:43:F8:2F,-54,1.59845E+12
0,18,13,D0:F0:18:43:F8:49,-76,1.59845E+12
0,19,13,D0:F0:18:43:F8:49,-76,1.59845E+12
1,20,13,D0:F0:18:43:F8:2F,-54,1.59845E+12
0,21,13,D0:F0:18:43:F8:49,-69,1.59845E+12
1,22,13,D0:F0:18:43:F8:2F,-57,1.59845E+12
0,23,13,D0:F0:18:43:F8:49,-76,1.59845E+12
1,24,13,D0:F0:18:43:F8:2F,-57,1.59845E+12
0,25,13,D0:F0:18:43:F8:49,-73,1.59845E+12
1,26,13,D0:F0:18:43:F8:2F,-50,1.59845E+12
0,27,13,D0:F0:18:43:F8:49,-76,1.59845E+12
1,28,13,D0:F0:18:43:F8:2F,-57,1.59845E+12
0,29,13,D0:F0:18:43:F8:49,-76,1.59845E+12
1,30,13,D0:F0:18:43:F8:2F,-54,1.59845E+12
0,31,13,D0:F0:18:43:F8:49,-70,1.59845E+12
0,32,13,D0:F0:18:43:F8:2F,-54,1.59845E+12
0,33,13,D0:F0:18:43:F8:49,-73,1.59845E+12
1,34,13,D0:F0:18:43:F8:2F,-51,1.59845E+12
0,35,13,D0:F0:18:43:F8:2F,-54,1.59845E+12
0,36,13,D0:F0:18:43:F8:49,-76,1.59845E+12
1,37,13,D0:F0:18:43:F8:2F,-51,1.59845E+12
0,38,13,D0:F0:18:43:F8:49,-70,1.59845E+12
1,39,13,D0:F0:18:43:F8:2F,-56,1.59845E+12
0,40,13,D0:F0:18:43:F8:49,-70,1.59845E+12
1,41,13,D0:F0:18:43:F8:2F,-54,1.59845E+12
0,42,13,D0:F0:18:43:F8:49,-76,1.59845E+12
0,43,13,D0:F0:18:43:F8:49,-73,1.59845E+12
1,44,13,D0:F0:18:43:F8:2F,-54,1.59845E+12
0,45,13,D0:F0:18:43:F8:49,-70,1.59845E+12
1,46,13,D0:F0:18:43:F8:2F,-57,1.59845E+12
0,47,13,D0:F0:18:43:F8:2F,-57,1.59845E+12
0,48,13,D0:F0:18:43:F8:49,-70,1.59845E+12
1,49,13,D0:F0:18:43:F8:2F,-54,1.59845E+12
0,50,13,D0:F0:18:43:F8:49,-76,1.59845E+12
1,51,13,D0:F0:18:43:F8:2F,-51,1.59845E+12
0,52,13,D0:F0:18:43:F8:49,-70,1.59845E+12
1,53,13,D0:F0:18:43:F8:2F,-54,1.59845E+12
0,54,13,D0:F0:18:43:F8:49,-76,1.59845E+12
1,55,13,D0:F0:18:43:F8:2F,-54,1.59845E+12
0,56,13,D0:F0:18:43:F8:49,-73,1.59845E+12
1,57,13,D0:F0:18:43:F8:2F,-51,1.59845E+12
0,58,13,D0:F0:18:43:F8:49,-69,1.59845E+12
1,59,13,D0:F0:18:43:F8:2F,-53,1.59845E+12
0,60,13,D0:F0:18:43:F8:49,-75,1.59845E+12
1,61,13,D0:F0:18:43:F8:2F,-50,1.59845E+12
0,62,13,D0:F0:18:43:F8:49,-69,1.59845E+12
1,63,13,D0:F0:18:43:F8:2F,-56,1.59845E+12
0,64,13,D0:F0:18:43:F8:49,-69,1.59845E+12
1,65,13,D0:F0:18:43:F8:2F,-56,1.59845E+12
0,66,13,D0:F0:18:43:F8:2F,-53,1.59845E+12
0,67,13,D0:F0:18:43:F8:49,-73,1.59845E+12
1,68,13,D0:F0:18:43:F8:2F,-50,1.59845E+12
0,69,13,D0:F0:18:43:F8:49,-69,1.59845E+12
1,70,13,D0:F0:18:43:F8:2F,-56,1.59845E+12
0,71,13,D0:F0:18:43:F8:49,-76,1.59845E+12
1,72,13,D0:F0:18:43:F8:2F,-53,1.59845E+12
0,73,13,D0:F0:18:43:F8:49,-73,1.59845E+12
0,74,13,D0:F0:18:43:F8:49,-75,1.59845E+12
1,75,13,D0:F0:18:43:F8:2F,-53,1.59845E+12
0,76,13,D0:F0:18:43:F8:49,-76,1.59845E+12
1,77,13,D0:F0:18:43:F8:2F,-54,1.59845E+12
0,78,13,D0:F0:18:43:F8:49,-73,1.59845E+12
1,79,13,D0:F0:18:43:F8:2F,-57,1.59845E+12
0,0,14,D0:F0:18:43:F8:49,-78,1.59845E+12
1,1,14,D0:F0:18:43:F8:2F,-21,1.59845E+12
0,2,14,D0:F0:18:43:F8:49,-71,1.59845E+12
1,3,14,D0:F0:18:43:F8:2F,-21,1.59845E+12
0,4,14,D0:F0:18:43:F8:49,-79,1.59845E+12
1,5,14,D0:F0:18:43:F8:2F,-21,1.59845E+12
0,6,14,D0:F0:18:43:F8:2F,-21,1.59845E+12
0,7,14,D0:F0:18:43:F8:49,-68,1.59845E+12
1,8,14,D0:F0:18:43:F8:2F,-21,1.59845E+12
0,9,14,D0:F0:18:43:F8:2F,-21,1.59845E+12
0,10,14,D0:F0:18:43:F8:49,-77,1.59845E+12
1,11,14,D0:F0:18:43:F8:2F,-21,1.59845E+12
0,12,14,D0:F0:18:43:F8:49,-69,1.59845E+12
1,13,14,D0:F0:18:43:F8:2F,-21,1.59845E+12
0,14,14,D0:F0:18:43:F8:49,-69,1.59845E+12
1,15,14,D0:F0:18:43:F8:2F,-21,1.59845E+12
0,16,14,D0:F0:18:43:F8:49,-77,1.59845E+12
1,17,14,D0:F0:18:43:F8:2F,-21,1.59845E+12
0,18,14,D0:F0:18:43:F8:49,-69,1.59845E+12
1,19,14,D0:F0:18:43:F8:2F,-21,1.59845E+12
0,20,14,D0:F0:18:43:F8:49,-77,1.59845E+12
0,21,14,D0:F0:18:43:F8:49,-69,1.59845E+12
1,22,14,D0:F0:18:43:F8:2F,-21,1.59845E+12
0,23,14,D0:F0:18:43:F8:2F,-21,1.59845E+12
0,24,14,D0:F0:18:43:F8:2F,-21,1.59845E+12
0,25,14,D0:F0:18:43:F8:49,-80,1.59845E+12
0,26,14,D0:F0:18:43:F8:2F,-21,1.59845E+12
0,27,14,D0:F0:18:43:F8:49,-69,1.59845E+12
1,28,14,D0:F0:18:43:F8:2F,-21,1.59845E+12
0,29,14,D0:F0:18:43:F8:49,-77,1.59845E+12
1,30,14,D0:F0:18:43:F8:2F,-21,1.59845E+12
0,31,14,D0:F0:18:43:F8:49,-69,1.59845E+12
1,32,14,D0:F0:18:43:F8:2F,-21,1.59845E+12
0,33,14,D0:F0:18:43:F8:2F,-21,1.59845E+12
0,34,14,D0:F0:18:43:F8:49,-77,1.59845E+12
1,35,14,D0:F0:18:43:F8:2F,-21,1.59845E+12
0,36,14,D0:F0:18:43:F8:49,-69,1.59845E+12
1,37,14,D0:F0:18:43:F8:2F,-21,1.59845E+12
0,38,14,D0:F0:18:43:F8:49,-77,1.59845E+12
1,39,14,D0:F0:18:43:F8:2F,-21,1.59845E+12
0,40,14,D0:F0:18:43:F8:49,-77,1.59845E+12
1,41,14,D0:F0:18:43:F8:2F,-21,1.59845E+12
0,42,14,D0:F0:18:43:F8:49,-69,1.59845E+12
1,43,14,D0:F0:18:43:F8:2F,-21,1.59845E+12
0,44,14,D0:F0:18:43:F8:49,-77,1.59845E+12
1,45,14,D0:F0:18:43:F8:2F,-21,1.59845E+12
0,46,14,D0:F0:18:43:F8:49,-69,1.59845E+12
1,47,14,D0:F0:18:43:F8:2F,-21,1.59845E+12
0,48,14,D0:F0:18:43:F8:49,-78,1.59845E+12
1,49,14,D0:F0:18:43:F8:2F,-21,1.59845E+12
0,50,14,D0:F0:18:43:F8:49,-69,1.59845E+12
0,51,14,D0:F0:18:43:F8:49,-77,1.59845E+12
1,52,14,D0:F0:18:43:F8:2F,-21,1.59845E+12
0,53,14,D0:F0:18:43:F8:49,-77,1.59845E+12
1,54,14,D0:F0:18:43:F8:2F,-21,1.59845E+12
0,55,14,D0:F0:18:43:F8:2F,-21,1.59845E+12
0,56,14,D0:F0:18:43:F8:49,-69,1.59845E+12
1,57,14,D0:F0:18:43:F8:2F,-21,1.59845E+12
0,58,14,D0:F0:18:43:F8:49,-69,1.59845E+12
1,59,14,D0:F0:18:43:F8:2F,-21,1.59845E+12
0,60,14,D0:F0:18:43:F8:49,-69,1.59845E+12
1,61,14,D0:F0:18:43:F8:2F,-21,1.59845E+12
0,62,14,D0:F0:18:43:F8:49,-77,1.59845E+12
0,63,14,D0:F0:18:43:F8:49,-68,1.59845E+12
1,64,14,D0:F0:18:43:F8:2F,-21,1.59845E+12
0,65,14,D0:F0:18:43:F8:2F,-21,1.59845E+12
0,66,14,D0:F0:18:43:F8:49,-77,1.59845E+12
1,67,14,D0:F0:18:43:F8:2F,-21,1.59845E+12
0,68,14,D0:F0:18:43:F8:49,-68,1.59845E+12
1,69,14,D0:F0:18:43:F8:2F,-21,1.59845E+12
0,70,14,D0:F0:18:43:F8:49,-77,1.59845E+12
1,71,14,D0:F0:18:43:F8:2F,-21,1.59845E+12
0,72,14,D0:F0:18:43:F8:2F,-21,1.59845E+12
0,73,14,D0:F0:18:43:F8:49,-77,1.59845E+12
1,74,14,D0:F0:18:43:F8:2F,-21,1.59845E+12
0,75,14,D0:F0:18:43:F8:49,-68,1.59845E+12
1,76,14,D0:F0:18:43:F8:2F,-21,1.59845E+12
0,77,14,D0:F0:18:43:F8:49,-68,1.59845E+12
1,78,14,D0:F0:18:43:F8:2F,-21,1.59845E+12
0,79,14,D0:F0:18:43:F8:49,-77,1.59845E+12
0,0,15,D0:F0:18:43:F8:49,-71,1.59845E+12
1,1,15,D0:F0:18:43:F8:2F,-21,1.59845E+12
0,2,15,D0:F0:18:43:F8:49,-77,1.59845E+12
1,3,15,D0:F0:18:43:F8:2F,-21,1.59845E+12
0,4,15,D0:F0:18:43:F8:2F,-21,1.59845E+12
0,5,15,D0:F0:18:43:F8:49,-77,1.59845E+12
0,6,15,D0:F0:18:43:F8:2F,-21,1.59845E+12
0,7,15,D0:F0:18:43:F8:2F,-21,1.59845E+12
0,8,15,D0:F0:18:43:F8:49,-76,1.59845E+12
1,9,15,D0:F0:18:43:F8:2F,-21,1.59845E+12
0,10,15,D0:F0:18:43:F8:49,-69,1.59845E+12
1,11,15,D0:F0:18:43:F8:2F,-21,1.59845E+12
0,12,15,D0:F0:18:43:F8:2F,-21,1.59845E+12
0,13,15,D0:F0:18:43:F8:2F,-21,1.59845E+12
0,14,15,D0:F0:18:43:F8:2F,-21,1.59845E+12
0,15,15,D0:F0:18:43:F8:49,-77,1.59845E+12
0,16,15,D0:F0:18:43:F8:49,-70,1.59845E+12
1,17,15,D0:F0:18:43:F8:2F,-21,1.59845E+12
0,18,15,D0:F0:18:43:F8:2F,-21,1.59845E+12
0,19,15,D0:F0:18:43:F8:49,-76,1.59845E+12
1,20,15,D0:F0:18:43:F8:2F,-21,1.59845E+12
0,21,15,D0:F0:18:43:F8:49,-70,1.59845E+12
1,22,15,D0:F0:18:43:F8:2F,-21,1.59845E+12
0,23,15,D0:F0:18:43:F8:2F,-21,1.59845E+12
0,24,15,D0:F0:18:43:F8:49,-76,1.59845E+12
1,25,15,D0:F0:18:43:F8:2F,-21,1.59845E+12
0,26,15,D0:F0:18:43:F8:49,-70,1.59845E+12
1,27,15,D0:F0:18:43:F8:2F,-21,1.59845E+12
0,28,15,D0:F0:18:43:F8:2F,-21,1.59845E+12
0,29,15,D0:F0:18:43:F8:49,-70,1.59845E+12
0,30,15,D0:F0:18:43:F8:2F,-21,1.59845E+12
0,31,15,D0:F0:18:43:F8:49,-77,1.59845E+12
1,32,15,D0:F0:18:43:F8:2F,-21,1.59845E+12
0,33,15,D0:F0:18:43:F8:2F,-21,1.59845E+12
0,34,15,D0:F0:18:43:F8:49,-69,1.59845E+12
1,35,15,D0:F0:18:43:F8:2F,-21,1.59845E+12
0,36,15,D0:F0:18:43:F8:2F,-21,1.59845E+12
0,37,15,D0:F0:18:43:F8:49,-76,1.59845E+12
1,38,15,D0:F0:18:43:F8:2F,-21,1.59845E+12
0,39,15,D0:F0:18:43:F8:2F,-21,1.59845E+12
0,40,15,D0:F0:18:43:F8:49,-76,1.59845E+12
0,41,15,D0:F0:18:43:F8:49,-69,1.59845E+12
1,42,15,D0:F0:18:43:F8:2F,-21,1.59845E+12
0,43,15,D0:F0:18:43:F8:49,-77,1.59845E+12
1,44,15,D0:F0:18:43:F8:2F,-21,1.59845E+12
0,45,15,D0:F0:18:43:F8:49,-70,1.59845E+12
1,46,15,D0:F0:18:43:F8:2F,-21,1.59845E+12
0,47,15,D0:F0:18:43:F8:49,-77,1.59845E+12
0,48,15,D0:F0:18:43:F8:49,-70,1.59845E+12
1,49,15,D0:F0:18:43:F8:2F,-21,1.59845E+12
0,50,15,D0:F0:18:43:F8:49,-77,1.59845E+12
1,51,15,D0:F0:18:43:F8:2F,-21,1.59845E+12
0,52,15,D0:F0:18:43:F8:49,-77,1.59845E+12
1,53,15,D0:F0:18:43:F8:2F,-21,1.59845E+12
0,54,15,D0:F0:18:43:F8:49,-70,1.59845E+12
1,55,15,D0:F0:18:43:F8:2F,-21,1.59845E+12
0,56,15,D0:F0:18:43:F8:2F,-21,1.59845E+12
0,57,15,D0:F0:18:43:F8:49,-79,1.59845E+12
1,58,15,D0:F0:18:43:F8:2F,-21,1.59845E+12
0,59,15,D0:F0:18:43:F8:49,-70,1.59845E+12
1,60,15,D0:F0:18:43:F8:2F,-21,1.59845E+12
0,61,15,D0:F0:18:43:F8:2F,-21,1.59845E+12
0,62,15,D0:F0:18:43:F8:49,-77,1.59845E+12
1,63,15,D0:F0:18:43:F8:2F,-21,1.59845E+12
0,64,15,D0:F0:18:43:F8:49,-70,1.59845E+12
1,65,15,D0:F0:18:43:F8:2F,-21,1.59845E+12
0,66,15,D0:F0:18:43:F8:2F,-21,1.59845E+12
0,67,15,D0:F0:18:43:F8:49,-77,1.59845E+12
1,68,15,D0:F0:18:43:F8:2F,-21,1.59845E+12
0,69,15,D0:F0:18:43:F8:49,-70,1.59845E+12
1,70,15,D0:F0:18:43:F8:2F,-21,1.59845E+12
0,71,15,D0:F0:18:43:F8:2F,-21,1.59845E+12
0,72,15,D0:F0:18:43:F8:49,-77,1.59845E+12
1,73,15,D0:F0:18:43:F8:2F,-21,1.59845E+12
0,74,15,D0:F0:18:43:F8:49,-77,1.59845E+12
1,75,15,D0:F0:18:43:F8:2F,-21,1.59845E+12
0,76,15,D0:F0:18:43:F8:49,-77,1.59845E+12
1,77,15,D0:F0:18:43:F8:2F,-21,1.59845E+12
0,78,15,D0:F0:18:43:F8:49,-70,1.59845E+12
1,79,15,D0:F0:18:43:F8:2F,-21,1.59845E+12
0,0,16,D0:F0:18:43:F8:49,-74,1.59845E+12
1,1,16,D0:F0:18:43:F8:2F,-48,1.59845E+12
0,2,16,D0:F0:18:43:F8:49,-70,1.59845E+12
1,3,16,D0:F0:18:43:F8:2F,-50,1.59845E+12
0,4,16,D0:F0:18:43:F8:49,-78,1.59845E+12
1,5,16,D0:F0:18:43:F8:2F,-53,1.59845E+12
0,6,16,D0:F0:18:43:F8:49,-74,1.59845E+12
1,7,16,D0:F0:18:43:F8:2F,-50,1.59845E+12
0,8,16,D0:F0:18:43:F8:49,-71,1.59845E+12
1,9,16,D0:F0:18:43:F8:2F,-54,1.59845E+12
0,10,16,D0:F0:18:43:F8:49,-75,1.59845E+12
1,11,16,D0:F0:18:43:F8:2F,-53,1.59845E+12
0,12,16,D0:F0:18:43:F8:49,-74,1.59845E+12
1,13,16,D0:F0:18:43:F8:2F,-49,1.59845E+12
0,14,16,D0:F0:18:43:F8:2F,-53,1.59845E+12
0,15,16,D0:F0:18:43:F8:49,-71,1.59845E+12
1,16,16,D0:F0:18:43:F8:2F,-49,1.59845E+12
0,17,16,D0:F0:18:43:F8:49,-71,1.59845E+12
1,18,16,D0:F0:18:43:F8:2F,-50,1.59845E+12
0,19,16,D0:F0:18:43:F8:49,-70,1.59845E+12
1,20,16,D0:F0:18:43:F8:2F,-52,1.59845E+12
0,21,16,D0:F0:18:43:F8:49,-78,1.59845E+12
0,22,16,D0:F0:18:43:F8:49,-75,1.59845E+12
1,23,16,D0:F0:18:43:F8:2F,-50,1.59845E+12
0,24,16,D0:F0:18:43:F8:49,-70,1.59845E+12
1,25,16,D0:F0:18:43:F8:2F,-54,1.59845E+12
0,26,16,D0:F0:18:43:F8:49,-75,1.59845E+12
1,27,16,D0:F0:18:43:F8:2F,-50,1.59845E+12
0,28,16,D0:F0:18:43:F8:49,-79,1.59845E+12
1,29,16,D0:F0:18:43:F8:2F,-54,1.59845E+12
0,30,16,D0:F0:18:43:F8:49,-75,1.59845E+12
1,31,16,D0:F0:18:43:F8:2F,-53,1.59845E+12
0,32,16,D0:F0:18:43:F8:49,-71,1.59845E+12
1,33,16,D0:F0:18:43:F8:2F,-50,1.59845E+12
0,34,16,D0:F0:18:43:F8:2F,-53,1.59845E+12
0,35,16,D0:F0:18:43:F8:49,-75,1.59845E+12
0,36,16,D0:F0:18:43:F8:2F,-50,1.59845E+12
0,37,16,D0:F0:18:43:F8:49,-75,1.59845E+12
1,38,16,D0:F0:18:43:F8:2F,-52,1.59845E+12
0,39,16,D0:F0:18:43:F8:49,-75,1.59845E+12
1,40,16,D0:F0:18:43:F8:2F,-50,1.59845E+12
0,41,16,D0:F0:18:43:F8:49,-79,1.59845E+12
1,42,16,D0:F0:18:43:F8:2F,-52,1.59845E+12
0,43,16,D0:F0:18:43:F8:49,-79,1.59845E+12
1,44,16,D0:F0:18:43:F8:2F,-54,1.59845E+12
0,45,16,D0:F0:18:43:F8:49,-76,1.59845E+12
1,46,16,D0:F0:18:43:F8:2F,-50,1.59845E+12
0,47,16,D0:F0:18:43:F8:49,-70,1.59845E+12
1,48,16,D0:F0:18:43:F8:2F,-54,1.59845E+12
0,49,16,D0:F0:18:43:F8:49,-75,1.59845E+12
1,50,16,D0:F0:18:43:F8:2F,-53,1.59845E+12
0,51,16,D0:F0:18:43:F8:49,-78,1.59845E+12
1,52,16,D0:F0:18:43:F8:2F,-50,1.59845E+12
0,53,16,D0:F0:18:43:F8:49,-78,1.59845E+12
1,54,16,D0:F0:18:43:F8:2F,-54,1.59845E+12
0,55,16,D0:F0:18:43:F8:49,-74,1.59845E+12
1,56,16,D0:F0:18:43:F8:2F,-50,1.59845E+12
0,57,16,D0:F0:18:43:F8:49,-70,1.59845E+12
1,58,16,D0:F0:18:43:F8:2F,-55,1.59845E+12
0,59,16,D0:F0:18:43:F8:49,-78,1.59845E+12
1,60,16,D0:F0:18:43:F8:2F,-53,1.59845E+12
0,61,16,D0:F0:18:43:F8:49,-70,1.59845E+12
0,62,16,D0:F0:18:43:F8:49,-71,1.59845E+12
1,63,16,D0:F0:18:43:F8:2F,-54,1.59845E+12
0,64,16,D0:F0:18:43:F8:49,-75,1.59845E+12
1,65,16,D0:F0:18:43:F8:2F,-53,1.59845E+12
0,66,16,D0:F0:18:43:F8:49,-70,1.59845E+12
1,67,16,D0:F0:18:43:F8:2F,-54,1.59845E+12
0,68,16,D0:F0:18:43:F8:49,-78,1.59845E+12
1,69,16,D0:F0:18:43:F8:2F,-54,1.59845E+12
0,70,16,D0:F0:18:43:F8:49,-75,1.59845E+12
1,71,16,D0:F0:18:43:F8:2F,-50,1.59845E+12
0,72,16,D0:F0:18:43:F8:49,-71,1.59845E+12
1,73,16,D0:F0:18:43:F8:2F,-54,1.59845E+12
0,74,16,D0:F0:18:43:F8:49,-71,1.59845E+12
1,75,16,D0:F0:18:43:F8:2F,-53,1.59845E+12
0,76,16,D0:F0:18:43:F8:49,-79,1.59845E+12
0,77,16,D0:F0:18:43:F8:49,-75,1.59845E+12
1,78,16,D0:F0:18:43:F8:2F,-50,1.59845E+12
0,79,16,D0:F0:18:43:F8:49,-70,1.59845E+12
0,0,17,D0:F0:18:43:F8:49,-65,1.59845E+12
1,1,17,D0:F0:18:43:F8:2F,-58,1.59845E+12
0,2,17,D0:F0:18:43:F8:49,-61,1.59845E+12
1,3,17,D0:F0:18:43:F8:2F,-58,1.59845E+12
0,4,17,D0:F0:18:43:F8:49,-64,1.59845E+12
1,5,17,D0:F0:18:43:F8:2F,-67,1.59845E+12
0,6,17,D0:F0:18:43:F8:49,-64,1.59845E+12
1,7,17,D0:F0:18:43:F8:2F,-64,1.59845E+12
0,8,17,D0:F0:18:43:F8:49,-62,1.59845E+12
1,9,17,D0:F0:18:43:F8:2F,-68,1.59845E+12
0,10,17,D0:F0:18:43:F8:49,-63,1.59845E+12
1,11,17,D0:F0:18:43:F8:2F,-66,1.59845E+12
0,12,17,D0:F0:18:43:F8:49,-62,1.59845E+12
1,13,17,D0:F0:18:43:F8:2F,-66,1.59845E+12
0,14,17,D0:F0:18:43:F8:49,-64,1.59845E+12
1,15,17,D0:F0:18:43:F8:2F,-80,1.59845E+12
0,16,17,D0:F0:18:43:F8:49,-64,1.59845E+12
1,17,17,D0:F0:18:43:F8:2F,-66,1.59845E+12
0,18,17,D0:F0:18:43:F8:49,-62,1.59845E+12
1,19,17,D0:F0:18:43:F8:2F,-71,1.59845E+12
0,20,17,D0:F0:18:43:F8:2F,-70,1.59845E+12
0,21,17,D0:F0:18:43:F8:49,-62,1.59845E+12
1,22,17,D0:F0:18:43:F8:2F,-74,1.59845E+12
0,23,17,D0:F0:18:43:F8:2F,-74,1.59845E+12
0,24,17,D0:F0:18:43:F8:49,-64,1.59845E+12
1,25,17,D0:F0:18:43:F8:2F,-67,1.59845E+12
0,26,17,D0:F0:18:43:F8:49,-62,1.59845E+12
1,27,17,D0:F0:18:43:F8:2F,-75,1.59845E+12
0,28,17,D0:F0:18:43:F8:49,-64,1.59845E+12
1,29,17,D0:F0:18:43:F8:2F,-70,1.59845E+12
0,30,17,D0:F0:18:43:F8:49,-62,1.59845E+12
1,31,17,D0:F0:18:43:F8:2F,-66,1.59845E+12
0,32,17,D0:F0:18:43:F8:49,-62,1.59845E+12
1,33,17,D0:F0:18:43:F8:2F,-71,1.59845E+12
0,34,17,D0:F0:18:43:F8:49,-64,1.59845E+12
0,35,17,D0:F0:18:43:F8:49,-62,1.59845E+12
1,36,17,D0:F0:18:43:F8:2F,-76,1.59845E+12
0,37,17,D0:F0:18:43:F8:49,-64,1.59845E+12
1,38,17,D0:F0:18:43:F8:2F,-70,1.59845E+12
0,39,17,D0:F0:18:43:F8:49,-64,1.59845E+12
1,40,17,D0:F0:18:43:F8:2F,-76,1.59845E+12
0,41,17,D0:F0:18:43:F8:49,-64,1.59845E+12
1,42,17,D0:F0:18:43:F8:2F,-71,1.59845E+12
0,43,17,D0:F0:18:43:F8:49,-62,1.59845E+12
0,44,17,D0:F0:18:43:F8:49,-64,1.59845E+12
1,45,17,D0:F0:18:43:F8:2F,-71,1.59845E+12
0,46,17,D0:F0:18:43:F8:49,-64,1.59845E+12
1,47,17,D0:F0:18:43:F8:2F,-67,1.59845E+12
0,48,17,D0:F0:18:43:F8:49,-62,1.59845E+12
1,49,17,D0:F0:18:43:F8:2F,-71,1.59845E+12
0,50,17,D0:F0:18:43:F8:49,-64,1.59845E+12
1,51,17,D0:F0:18:43:F8:2F,-71,1.59845E+12
0,52,17,D0:F0:18:43:F8:49,-64,1.59845E+12
1,53,17,D0:F0:18:43:F8:2F,-71,1.59845E+12
0,54,17,D0:F0:18:43:F8:49,-64,1.59845E+12
1,55,17,D0:F0:18:43:F8:2F,-71,1.59845E+12
0,56,17,D0:F0:18:43:F8:49,-64,1.59845E+12
1,57,17,D0:F0:18:43:F8:2F,-71,1.59845E+12
0,58,17,D0:F0:18:43:F8:49,-63,1.59845E+12
1,59,17,D0:F0:18:43:F8:2F,-76,1.59845E+12
0,60,17,D0:F0:18:43:F8:49,-64,1.59845E+12
1,61,17,D0:F0:18:43:F8:2F,-70,1.59845E+12
0,62,17,D0:F0:18:43:F8:49,-64,1.59845E+12
1,63,17,D0:F0:18:43:F8:2F,-67,1.59845E+12
0,64,17,D0:F0:18:43:F8:49,-62,1.59845E+12
1,65,17,D0:F0:18:43:F8:2F,-68,1.59845E+12
0,66,17,D0:F0:18:43:F8:49,-64,1.59845E+12
1,67,17,D0:F0:18:43:F8:2F,-66,1.59845E+12
0,68,17,D0:F0:18:43:F8:49,-62,1.59845E+12
1,69,17,D0:F0:18:43:F8:2F,-76,1.59845E+12
0,70,17,D0:F0:18:43:F8:49,-62,1.59845E+12
1,71,17,D0:F0:18:43:F8:2F,-70,1.59845E+12
0,72,17,D0:F0:18:43:F8:49,-64,1.59845E+12
1,73,17,D0:F0:18:43:F8:2F,-67,1.59845E+12
0,74,17,D0:F0:18:43:F8:2F,-67,1.59845E+12
0,75,17,D0:F0:18:43:F8:49,-64,1.59845E+12
1,76,17,D0:F0:18:43:F8:2F,-67,1.59845E+12
0,77,17,D0:F0:18:43:F8:49,-64,1.59845E+12
1,78,17,D0:F0:18:43:F8:2F,-71,1.59845E+12
0,79,17,D0:F0:18:43:F8:49,-62,1.59845E+12
0,0,18,D0:F0:18:43:F8:49,-60,1.59845E+12
1,1,18,D0:F0:18:43:F8:2F,-72,1.59845E+12
0,2,18,D0:F0:18:43:F8:49,-63,1.59845E+12
1,3,18,D0:F0:18:43:F8:2F,-76,1.59845E+12
0,4,18,D0:F0:18:43:F8:49,-64,1.59845E+12
1,5,18,D0:F0:18:43:F8:2F,-75,1.59845E+12
0,6,18,D0:F0:18:43:F8:2F,-72,1.59845E+12
0,7,18,D0:F0:18:43:F8:49,-60,1.59845E+12
1,8,18,D0:F0:18:43:F8:2F,-70,1.59845E+12
0,9,18,D0:F0:18:43:F8:2F,-71,1.59845E+12
0,10,18,D0:F0:18:43:F8:49,-63,1.59845E+12
1,11,18,D0:F0:18:43:F8:2F,-73,1.59845E+12
0,12,18,D0:F0:18:43:F8:49,-60,1.59845E+12
0,13,18,D0:F0:18:43:F8:49,-60,1.59845E+12
1,14,18,D0:F0:18:43:F8:2F,-71,1.59845E+12
0,15,18,D0:F0:18:43:F8:49,-60,1.59845E+12
1,16,18,D0:F0:18:43:F8:2F,-66,1.59845E+12
0,17,18,D0:F0:18:43:F8:49,-64,1.59845E+12
0,18,18,D0:F0:18:43:F8:2F,-70,1.59845E+12
0,19,18,D0:F0:18:43:F8:49,-63,1.59845E+12
1,20,18,D0:F0:18:43:F8:2F,-71,1.59845E+12
0,21,18,D0:F0:18:43:F8:49,-63,1.59845E+12
1,22,18,D0:F0:18:43:F8:2F,-71,1.59845E+12
0,23,18,D0:F0:18:43:F8:49,-60,1.59845E+12
1,24,18,D0:F0:18:43:F8:2F,-66,1.59845E+12
0,25,18,D0:F0:18:43:F8:49,-63,1.59845E+12
0,26,18,D0:F0:18:43:F8:49,-60,1.59845E+12
1,27,18,D0:F0:18:43:F8:2F,-68,1.59845E+12
0,28,18,D0:F0:18:43:F8:49,-60,1.59845E+12
1,29,18,D0:F0:18:43:F8:2F,-70,1.59845E+12
0,30,18,D0:F0:18:43:F8:49,-63,1.59845E+12
1,31,18,D0:F0:18:43:F8:2F,-66,1.59845E+12
0,32,18,D0:F0:18:43:F8:49,-60,1.59845E+12
0,33,18,D0:F0:18:43:F8:49,-63,1.59845E+12
1,34,18,D0:F0:18:43:F8:2F,-71,1.59845E+12
0,35,18,D0:F0:18:43:F8:49,-60,1.59845E+12
1,36,18,D0:F0:18:43:F8:2F,-66,1.59845E+12
0,37,18,D0:F0:18:43:F8:2F,-71,1.59845E+12
0,38,18,D0:F0:18:43:F8:49,-63,1.59845E+12
1,39,18,D0:F0:18:43:F8:2F,-66,1.59845E+12
0,40,18,D0:F0:18:43:F8:49,-60,1.59845E+12
1,41,18,D0:F0:18:43:F8:2F,-68,1.59845E+12
0,42,18,D0:F0:18:43:F8:49,-60,1.59845E+12
1,43,18,D0:F0:18:43:F8:2F,-71,1.59845E+12
0,44,18,D0:F0:18:43:F8:49,-60,1.59845E+12
0,45,18,D0:F0:18:43:F8:49,-64,1.59845E+12
1,46,18,D0:F0:18:43:F8:2F,-71,1.59845E+12
0,47,18,D0:F0:18:43:F8:49,-60,1.59845E+12
1,48,18,D0:F0:18:43:F8:2F,-71,1.59845E+12
0,49,18,D0:F0:18:43:F8:49,-60,1.59845E+12
1,50,18,D0:F0:18:43:F8:2F,-66,1.59845E+12
0,51,18,D0:F0:18:43:F8:49,-63,1.59845E+12
1,52,18,D0:F0:18:43:F8:2F,-71,1.59845E+12
0,53,18,D0:F0:18:43:F8:49,-60,1.59845E+12
1,54,18,D0:F0:18:43:F8:2F,-66,1.59845E+12
0,55,18,D0:F0:18:43:F8:49,-63,1.59845E+12
1,56,18,D0:F0:18:43:F8:2F,-68,1.59845E+12
0,57,18,D0:F0:18:43:F8:49,-60,1.59845E+12
1,58,18,D0:F0:18:43:F8:2F,-71,1.59845E+12
0,59,18,D0:F0:18:43:F8:2F,-68,1.59845E+12
0,60,18,D0:F0:18:43:F8:49,-64,1.59845E+12
1,61,18,D0:F0:18:43:F8:2F,-71,1.59845E+12
0,62,18,D0:F0:18:43:F8:49,-60,1.59845E+12
1,63,18,D0:F0:18:43:F8:2F,-71,1.59845E+12
0,64,18,D0:F0:18:43:F8:2F,-68,1.59845E+12
0,65,18,D0:F0:18:43:F8:49,-63,1.59845E+12
1,66,18,D0:F0:18:43:F8:2F,-71,1.59845E+12
0,67,18,D0:F0:18:43:F8:2F,-66,1.59845E+12
0,68,18,D0:F0:18:43:F8:49,-60,1.59845E+12
0,69,18,D0:F0:18:43:F8:49,-60,1.59845E+12
1,70,18,D0:F0:18:43:F8:2F,-67,1.59845E+12
0,71,18,D0:F0:18:43:F8:49,-60,1.59845E+12
1,72,18,D0:F0:18:43:F8:2F,-68,1.59845E+12
0,73,18,D0:F0:18:43:F8:49,-60,1.59845E+12
1,74,18,D0:F0:18:43:F8:2F,-70,1.59845E+12
0,75,18,D0:F0:18:43:F8:49,-63,1.59845E+12
1,76,18,D0:F0:18:43:F8:2F,-69,1.59845E+12
0,77,18,D0:F0:18:43:F8:49,-60,1.59845E+12
1,78,18,D0:F0:18:43:F8:2F,-66,1.59845E+12
0,79,18,D0:F0:18:43:F8:49,-60,1.59845E+12
0,0,19,D0:F0:18:43:F8:49,-61,1.59845E+12
0,1,19,D0:F0:18:43:F8:49,-64,1.59845E+12
0,2,19,D0:F0:18:43:F8:49,-61,1.59845E+12
1,3,19,D0:F0:18:43:F8:2F,-74,1.59845E+12
0,4,19,D0:F0:18:43:F8:49,-61,1.59845E+12
0,5,19,D0:F0:18:43:F8:49,-61,1.59845E+12
1,6,19,D0:F0:18:43:F8:2F,-71,1.59845E+12
0,7,19,D0:F0:18:43:F8:49,-64,1.59845E+12
1,8,19,D0:F0:18:43:F8:2F,-74,1.59845E+12
0,9,19,D0:F0:18:43:F8:49,-60,1.59845E+12
1,10,19,D0:F0:18:43:F8:2F,-70,1.59845E+12
0,11,19,D0:F0:18:43:F8:2F,-69,1.59845E+12
0,12,19,D0:F0:18:43:F8:49,-61,1.59845E+12
1,13,19,D0:F0:18:43:F8:2F,-75,1.59845E+12
0,14,19,D0:F0:18:43:F8:49,-60,1.59845E+12
1,15,19,D0:F0:18:43:F8:2F,-70,1.59845E+12
0,16,19,D0:F0:18:43:F8:49,-64,1.59845E+12
0,17,19,D0:F0:18:43:F8:49,-60,1.59845E+12
1,18,19,D0:F0:18:43:F8:2F,-77,1.59845E+12
0,19,19,D0:F0:18:43:F8:49,-64,1.59845E+12
0,20,19,D0:F0:18:43:F8:49,-60,1.59845E+12
1,21,19,D0:F0:18:43:F8:2F,-74,1.59845E+12
0,22,19,D0:F0:18:43:F8:49,-61,1.59845E+12
1,23,19,D0:F0:18:43:F8:2F,-71,1.59845E+12
0,24,19,D0:F0:18:43:F8:49,-64,1.59845E+12
1,25,19,D0:F0:18:43:F8:2F,-74,1.59845E+12
0,26,19,D0:F0:18:43:F8:49,-64,1.59845E+12
1,27,19,D0:F0:18:43:F8:2F,-68,1.59845E+12
0,28,19,D0:F0:18:43:F8:49,-64,1.59845E+12
1,29,19,D0:F0:18:43:F8:2F,-74,1.59845E+12
0,30,19,D0:F0:18:43:F8:49,-61,1.59845E+12
0,31,19,D0:F0:18:43:F8:49,-64,1.59845E+12
1,32,19,D0:F0:18:43:F8:2F,-70,1.59845E+12
0,33,19,D0:F0:18:43:F8:49,-64,1.59845E+12
0,34,19,D0:F0:18:43:F8:49,-64,1.59845E+12
1,35,19,D0:F0:18:43:F8:2F,-70,1.59845E+12
0,36,19,D0:F0:18:43:F8:49,-64,1.59845E+12
1,37,19,D0:F0:18:43:F8:2F,-74,1.59845E+12
0,38,19,D0:F0:18:43:F8:49,-61,1.59845E+12
0,39,19,D0:F0:18:43:F8:49,-64,1.59845E+12
1,40,19,D0:F0:18:43:F8:2F,-70,1.59845E+12
0,41,19,D0:F0:18:43:F8:49,-60,1.59845E+12
1,42,19,D0:F0:18:43:F8:2F,-74,1.59845E+12
0,43,19,D0:F0:18:43:F8:49,-60,1.59845E+12
1,44,19,D0:F0:18:43:F8:2F,-69,1.59845E+12
0,45,19,D0:F0:18:43:F8:49,-64,1.59845E+12
1,46,19,D0:F0:18:43:F8:2F,-69,1.59845E+12
0,47,19,D0:F0:18:43:F8:49,-60,1.59845E+12
1,48,19,D0:F0:18:43:F8:2F,-77,1.59845E+12
0,49,19,D0:F0:18:43:F8:49,-61,1.59845E+12
1,50,19,D0:F0:18:43:F8:2F,-70,1.59845E+12
0,51,19,D0:F0:18:43:F8:49,-64,1.59845E+12
0,52,19,D0:F0:18:43:F8:2F,-74,1.59845E+12
0,53,19,D0:F0:18:43:F8:49,-60,1.59845E+12
0,54,19,D0:F0:18:43:F8:49,-61,1.59845E+12
0,55,19,D0:F0:18:43:F8:49,-64,1.59845E+12
1,56,19,D0:F0:18:43:F8:2F,-72,1.59845E+12
0,57,19,D0:F0:18:43:F8:49,-64,1.59845E+12
1,58,19,D0:F0:18:43:F8:2F,-72,1.59845E+12
0,59,19,D0:F0:18:43:F8:49,-60,1.59845E+12
0,60,19,D0:F0:18:43:F8:49,-61,1.59845E+12
1,61,19,D0:F0:18:43:F8:2F,-75,1.59845E+12
0,62,19,D0:F0:18:43:F8:49,-60,1.59845E+12
1,63,19,D0:F0:18:43:F8:2F,-71,1.59845E+12
0,64,19,D0:F0:18:43:F8:49,-61,1.59845E+12
1,65,19,D0:F0:18:43:F8:2F,-73,1.59845E+12
0,66,19,D0:F0:18:43:F8:2F,-71,1.59845E+12
0,67,19,D0:F0:18:43:F8:49,-61,1.59845E+12
0,68,19,D0:F0:18:43:F8:49,-61,1.59845E+12
1,69,19,D0:F0:18:43:F8:2F,-73,1.59845E+12
0,70,19,D0:F0:18:43:F8:49,-64,1.59845E+12
0,71,19,D0:F0:18:43:F8:49,-61,1.59845E+12
0,72,19,D0:F0:18:43:F8:49,-64,1.59845E+12
1,73,19,D0:F0:18:43:F8:2F,-74,1.59845E+12
0,74,19,D0:F0:18:43:F8:49,-61,1.59845E+12
1,75,19,D0:F0:18:43:F8:2F,-71,1.59845E+12
0,76,19,D0:F0:18:43:F8:49,-61,1.59845E+12
1,77,19,D0:F0:18:43:F8:2F,-71,1.59845E+12
0,78,19,D0:F0:18:43:F8:49,-61,1.59845E+12
0,79,19,D0:F0:18:43:F8:49,-61,1.59845E+12
0,0,20,D0:F0:18:43:F8:49,-65,1.59845E+12
1,1,20,D0:F0:18:43:F8:2F,-76,1.59845E+12
0,2,20,D0:F0:18:43:F8:49,-64,1.59845E+12
1,3,20,D0:F0:18:43:F8:2F,-71,1.59845E+12
0,4,20,D0:F0:18:43:F8:49,-63,1.59845E+12
1,5,20,D0:F0:18:43:F8:2F,-76,1.59845E+12
0,6,20,D0:F0:18:43:F8:49,-66,1.59845E+12
1,7,20,D0:F0:18:43:F8:2F,-73,1.59845E+12
0,8,20,D0:F0:18:43:F8:49,-63,1.59845E+12
1,9,20,D0:F0:18:43:F8:2F,-75,1.59845E+12
0,10,20,D0:F0:18:43:F8:49,-66,1.59845E+12
0,11,20,D0:F0:18:43:F8:49,-65,1.59845E+12
0,12,20,D0:F0:18:43:F8:49,-63,1.59845E+12
1,13,20,D0:F0:18:43:F8:2F,-78,1.59845E+12
0,14,20,D0:F0:18:43:F8:49,-65,1.59845E+12
0,15,20,D0:F0:18:43:F8:49,-63,1.59845E+12
1,16,20,D0:F0:18:43:F8:2F,-71,1.59845E+12
0,17,20,D0:F0:18:43:F8:49,-62,1.59845E+12
1,18,20,D0:F0:18:43:F8:2F,-77,1.59845E+12
0,19,20,D0:F0:18:43:F8:2F,-74,1.59845E+12
0,20,20,D0:F0:18:43:F8:49,-63,1.59845E+12
1,21,20,D0:F0:18:43:F8:2F,-76,1.59845E+12
0,22,20,D0:F0:18:43:F8:2F,-76,1.59845E+12
0,23,20,D0:F0:18:43:F8:49,-65,1.59845E+12
1,24,20,D0:F0:18:43:F8:2F,-76,1.59845E+12
0,25,20,D0:F0:18:43:F8:49,-62,1.59845E+12
1,26,20,D0:F0:18:43:F8:2F,-76,1.59845E+12
0,27,20,D0:F0:18:43:F8:49,-66,1.59845E+12
1,28,20,D0:F0:18:43:F8:2F,-75,1.59845E+12
0,29,20,D0:F0:18:43:F8:49,-65,1.59845E+12
0,30,20,D0:F0:18:43:F8:49,-66,1.59845E+12
1,31,20,D0:F0:18:43:F8:2F,-79,1.59845E+12
0,32,20,D0:F0:18:43:F8:49,-62,1.59845E+12
1,33,20,D0:F0:18:43:F8:2F,-74,1.59845E+12
0,34,20,D0:F0:18:43:F8:49,-62,1.59845E+12
0,35,20,D0:F0:18:43:F8:49,-65,1.59845E+12
1,36,20,D0:F0:18:43:F8:2F,-74,1.59845E+12
0,37,20,D0:F0:18:43:F8:49,-63,1.59845E+12
1,38,20,D0:F0:18:43:F8:2F,-74,1.59845E+12
0,39,20,D0:F0:18:43:F8:2F,-74,1.59845E+12
0,40,20,D0:F0:18:43:F8:49,-65,1.59845E+12
1,41,20,D0:F0:18:43:F8:2F,-75,1.59845E+12
0,42,20,D0:F0:18:43:F8:49,-65,1.59845E+12
0,43,20,D0:F0:18:43:F8:2F,-72,1.59845E+12
0,44,20,D0:F0:18:43:F8:49,-66,1.59845E+12
1,45,20,D0:F0:18:43:F8:2F,-74,1.59845E+12
0,46,20,D0:F0:18:43:F8:49,-65,1.59845E+12
1,47,20,D0:F0:18:43:F8:2F,-75,1.59845E+12
0,48,20,D0:F0:18:43:F8:49,-66,1.59845E+12
1,49,20,D0:F0:18:43:F8:2F,-74,1.59845E+12
0,50,20,D0:F0:18:43:F8:49,-65,1.59845E+12
1,51,20,D0:F0:18:43:F8:2F,-77,1.59845E+12
0,52,20,D0:F0:18:43:F8:49,-62,1.59845E+12
1,53,20,D0:F0:18:43:F8:2F,-77,1.59845E+12
0,54,20,D0:F0:18:43:F8:49,-65,1.59845E+12
1,55,20,D0:F0:18:43:F8:2F,-76,1.59845E+12
0,56,20,D0:F0:18:43:F8:49,-62,1.59845E+12
0,57,20,D0:F0:18:43:F8:49,-66,1.59845E+12
1,58,20,D0:F0:18:43:F8:2F,-72,1.59845E+12
0,59,20,D0:F0:18:43:F8:49,-66,1.59845E+12
0,60,20,D0:F0:18:43:F8:49,-65,1.59845E+12
1,61,20,D0:F0:18:43:F8:2F,-76,1.59845E+12
0,62,20,D0:F0:18:43:F8:49,-63,1.59845E+12
1,63,20,D0:F0:18:43:F8:2F,-75,1.59845E+12
0,64,20,D0:F0:18:43:F8:49,-63,1.59845E+12
1,65,20,D0:F0:18:43:F8:2F,-74,1.59845E+12
0,66,20,D0:F0:18:43:F8:2F,-74,1.59845E+12
0,67,20,D0:F0:18:43:F8:49,-67,1.59845E+12
1,68,20,D0:F0:18:43:F8:2F,-74,1.59845E+12
0,69,20,D0:F0:18:43:F8:2F,-75,1.59845E+12
0,70,20,D0:F0:18:43:F8:49,-63,1.59845E+12
0,71,20,D0:F0:18:43:F8:2F,-73,1.59845E+12
0,72,20,D0:F0:18:43:F8:2F,-75,1.59845E+12
0,73,20,D0:F0:18:43:F8:2F,-74,1.59845E+12
0,74,20,D0:F0:18:43:F8:2F,-74,1.59845E+12
0,75,20,D0:F0:18:43:F8:49,-63,1.59845E+12
1,76,20,D0:F0:18:43:F8:2F,-75,1.59845E+12
0,77,20,D0:F0:18:43:F8:49,-66,1.59845E+12
1,78,20,D0:F0:18:43:F8:2F,-72,1.59845E+12
0,79,20,D0:F0:18:43:F8:49,-63,1.59845E+12
0,0,21,D0:F0:18:43:F8:49,-64,1.59845E+12
0,1,21,D0:F0:18:43:F8:49,-63,1.59845E+12
1,2,21,D0:F0:18:43:F8:2F,-73,1.59845E+12
0,3,21,D0:F0:18:43:F8:49,-68,1.59845E+12
1,4,21,D0:F0:18:43:F8:2F,-75,1.59845E+12
0,5,21,D0:F0:18:43:F8:49,-64,1.59845E+12
0,6,21,D0:F0:18:43:F8:49,-64,1.59845E+12
0,7,21,D0:F0:18:43:F8:49,-64,1.59845E+12
1,8,21,D0:F0:18:43:F8:2F,-71,1.59845E+12
0,9,21,D0:F0:18:43:F8:49,-63,1.59845E+12
1,10,21,D0:F0:18:43:F8:2F,-72,1.59845E+12
0,11,21,D0:F0:18:43:F8:49,-66,1.59845E+12
1,12,21,D0:F0:18:43:F8:2F,-73,1.59845E+12
0,13,21,D0:F0:18:43:F8:49,-67,1.59845E+12
1,14,21,D0:F0:18:43:F8:2F,-72,1.59845E+12
0,15,21,D0:F0:18:43:F8:49,-67,1.59845E+12
1,16,21,D0:F0:18:43:F8:2F,-76,1.59845E+12
0,17,21,D0:F0:18:43:F8:49,-65,1.59845E+12
1,18,21,D0:F0:18:43:F8:2F,-74,1.59845E+12
0,19,21,D0:F0:18:43:F8:49,-67,1.59845E+12
1,20,21,D0:F0:18:43:F8:2F,-71,1.59845E+12
0,21,21,D0:F0:18:43:F8:49,-65,1.59845E+12
1,22,21,D0:F0:18:43:F8:2F,-73,1.59845E+12
0,23,21,D0:F0:18:43:F8:49,-63,1.59845E+12
1,24,21,D0:F0:18:43:F8:2F,-71,1.59845E+12
0,25,21,D0:F0:18:43:F8:49,-68,1.59845E+12
1,26,21,D0:F0:18:43:F8:2F,-77,1.59845E+12
0,27,21,D0:F0:18:43:F8:49,-65,1.59845E+12
1,28,21,D0:F0:18:43:F8:2F,-73,1.59845E+12
0,29,21,D0:F0:18:43:F8:2F,-71,1.59845E+12
0,30,21,D0:F0:18:43:F8:2F,-76,1.59845E+12
0,31,21,D0:F0:18:43:F8:49,-63,1.59845E+12
1,32,21,D0:F0:18:43:F8:2F,-72,1.59845E+12
0,33,21,D0:F0:18:43:F8:49,-63,1.59845E+12
1,34,21,D0:F0:18:43:F8:2F,-73,1.59845E+12
0,35,21,D0:F0:18:43:F8:2F,-73,1.59845E+12
0,36,21,D0:F0:18:43:F8:49,-66,1.59845E+12
1,37,21,D0:F0:18:43:F8:2F,-75,1.59845E+12
0,38,21,D0:F0:18:43:F8:49,-64,1.59845E+12
1,39,21,D0:F0:18:43:F8:2F,-71,1.59845E+12
0,40,21,D0:F0:18:43:F8:49,-67,1.59845E+12
1,41,21,D0:F0:18:43:F8:2F,-74,1.59845E+12
0,42,21,D0:F0:18:43:F8:49,-66,1.59845E+12
1,43,21,D0:F0:18:43:F8:2F,-75,1.59845E+12
0,44,21,D0:F0:18:43:F8:49,-63,1.59845E+12
1,45,21,D0:F0:18:43:F8:2F,-71,1.59845E+12
0,46,21,D0:F0:18:43:F8:49,-67,1.59845E+12
0,47,21,D0:F0:18:43:F8:2F,-71,1.59845E+12
0,48,21,D0:F0:18:43:F8:2F,-71,1.59845E+12
0,49,21,D0:F0:18:43:F8:49,-66,1.59845E+12
1,50,21,D0:F0:18:43:F8:2F,-75,1.59845E+12
0,51,21,D0:F0:18:43:F8:49,-64,1.59845E+12
1,52,21,D0:F0:18:43:F8:2F,-71,1.59845E+12
0,53,21,D0:F0:18:43:F8:49,-66,1.59845E+12
0,54,21,D0:F0:18:43:F8:49,-66,1.59845E+12
1,55,21,D0:F0:18:43:F8:2F,-76,1.59845E+12
0,56,21,D0:F0:18:43:F8:49,-66,1.59845E+12
0,57,21,D0:F0:18:43:F8:49,-66,1.59845E+12
1,58,21,D0:F0:18:43:F8:2F,-71,1.59845E+12
0,59,21,D0:F0:18:43:F8:2F,-75,1.59845E+12
0,60,21,D0:F0:18:43:F8:49,-64,1.59845E+12
1,61,21,D0:F0:18:43:F8:2F,-71,1.59845E+12
0,62,21,D0:F0:18:43:F8:49,-66,1.59845E+12
1,63,21,D0:F0:18:43:F8:2F,-75,1.59845E+12
0,64,21,D0:F0:18:43:F8:49,-64,1.59845E+12
1,65,21,D0:F0:18:43:F8:2F,-71,1.59845E+12
0,66,21,D0:F0:18:43:F8:49,-66,1.59845E+12
1,67,21,D0:F0:18:43:F8:2F,-71,1.59845E+12
0,68,21,D0:F0:18:43:F8:2F,-75,1.59845E+12
0,69,21,D0:F0:18:43:F8:49,-64,1.59845E+12
1,70,21,D0:F0:18:43:F8:2F,-71,1.59845E+12
0,71,21,D0:F0:18:43:F8:49,-63,1.59845E+12
0,72,21,D0:F0:18:43:F8:2F,-71,1.59845E+12
0,73,21,D0:F0:18:43:F8:2F,-76,1.59845E+12
0,74,21,D0:F0:18:43:F8:49,-64,1.59845E+12
1,75,21,D0:F0:18:43:F8:2F,-71,1.59845E+12
0,76,21,D0:F0:18:43:F8:49,-67,1.59845E+12
1,77,21,D0:F0:18:43:F8:2F,-71,1.59845E+12
0,78,21,D0:F0:18:43:F8:2F,-71,1.59845E+12
0,79,21,D0:F0:18:43:F8:49,-63,1.59845E+12
0,0,22,D0:F0:18:43:F8:49,-71,1.59845E+12
1,1,22,D0:F0:18:43:F8:2F,-73,1.59845E+12
0,2,22,D0:F0:18:43:F8:49,-73,1.59845E+12
0,3,22,D0:F0:18:43:F8:49,-74,1.59845E+12
0,4,22,D0:F0:18:43:F8:49,-80,1.59845E+12
0,5,22,D0:F0:18:43:F8:49,-66,1.59845E+12
1,6,22,D0:F0:18:43:F8:2F,-76,1.59845E+12
0,7,22,D0:F0:18:43:F8:49,-74,1.59845E+12
0,8,22,D0:F0:18:43:F8:2F,-79,1.59845E+12
0,9,22,D0:F0:18:43:F8:49,-74,1.59845E+12
1,10,22,D0:F0:18:43:F8:2F,-78,1.59845E+12
0,11,22,D0:F0:18:43:F8:49,-74,1.59845E+12
0,12,22,D0:F0:18:43:F8:49,-73,1.59845E+12
1,13,22,D0:F0:18:43:F8:2F,-78,1.59845E+12
0,14,22,D0:F0:18:43:F8:49,-67,1.59845E+12
0,15,22,D0:F0:18:43:F8:49,-74,1.59845E+12
0,16,22,D0:F0:18:43:F8:49,-74,1.59845E+12
0,17,22,D0:F0:18:43:F8:49,-67,1.59845E+12
1,18,22,D0:F0:18:43:F8:2F,-77,1.59845E+12
0,19,22,D0:F0:18:43:F8:49,-74,1.59845E+12
0,20,22,D0:F0:18:43:F8:49,-67,1.59845E+12
1,21,22,D0:F0:18:43:F8:2F,-84,1.59845E+12
0,22,22,D0:F0:18:43:F8:49,-76,1.59845E+12
1,23,22,D0:F0:18:43:F8:2F,-77,1.59845E+12
0,24,22,D0:F0:18:43:F8:49,-74,1.59845E+12
1,25,22,D0:F0:18:43:F8:2F,-76,1.59845E+12
0,26,22,D0:F0:18:43:F8:49,-67,1.59845E+12
1,27,22,D0:F0:18:43:F8:2F,-75,1.59845E+12
0,28,22,D0:F0:18:43:F8:49,-74,1.59845E+12
1,29,22,D0:F0:18:43:F8:2F,-76,1.59845E+12
0,30,22,D0:F0:18:43:F8:49,-68,1.59845E+12
1,31,22,D0:F0:18:43:F8:2F,-77,1.59845E+12
0,32,22,D0:F0:18:43:F8:49,-68,1.59845E+12
1,33,22,D0:F0:18:43:F8:2F,-77,1.59845E+12
0,34,22,D0:F0:18:43:F8:49,-75,1.59845E+12
0,35,22,D0:F0:18:43:F8:49,-72,1.59845E+12
0,36,22,D0:F0:18:43:F8:49,-74,1.59845E+12
0,37,22,D0:F0:18:43:F8:49,-74,1.59845E+12
1,38,22,D0:F0:18:43:F8:2F,-76,1.59845E+12
0,39,22,D0:F0:18:43:F8:49,-74,1.59845E+12
1,40,22,D0:F0:18:43:F8:2F,-76,1.59845E+12
0,41,22,D0:F0:18:43:F8:49,-68,1.59845E+12
0,42,22,D0:F0:18:43:F8:49,-73,1.59845E+12
0,43,22,D0:F0:18:43:F8:49,-74,1.59845E+12
0,44,22,D0:F0:18:43:F8:49,-74,1.59845E+12
1,45,22,D0:F0:18:43:F8:2F,-80,1.59845E+12
0,46,22,D0:F0:18:43:F8:49,-74,1.59845E+12
0,47,22,D0:F0:18:43:F8:49,-74,1.59845E+12
0,48,22,D0:F0:18:43:F8:49,-68,1.59845E+12
1,49,22,D0:F0:18:43:F8:2F,-78,1.59845E+12
0,50,22,D0:F0:18:43:F8:49,-75,1.59845E+12
0,51,22,D0:F0:18:43:F8:49,-66,1.59845E+12
0,52,22,D0:F0:18:43:F8:49,-74,1.59845E+12
0,53,22,D0:F0:18:43:F8:49,-67,1.59845E+12
1,54,22,D0:F0:18:43:F8:2F,-73,1.59845E+12
0,55,22,D0:F0:18:43:F8:49,-74,1.59845E+12
1,56,22,D0:F0:18:43:F8:2F,-73,1.59845E+12
0,57,22,D0:F0:18:43:F8:49,-73,1.59845E+12
1,58,22,D0:F0:18:43:F8:2F,-75,1.59845E+12
0,59,22,D0:F0:18:43:F8:49,-67,1.59845E+12
1,60,22,D0:F0:18:43:F8:2F,-74,1.59845E+12
0,61,22,D0:F0:18:43:F8:49,-74,1.59845E+12
1,62,22,D0:F0:18:43:F8:2F,-74,1.59845E+12
0,63,22,D0:F0:18:43:F8:49,-67,1.59845E+12
1,64,22,D0:F0:18:43:F8:2F,-75,1.59845E+12
0,65,22,D0:F0:18:43:F8:2F,-75,1.59845E+12
0,66,22,D0:F0:18:43:F8:49,-73,1.59845E+12
1,67,22,D0:F0:18:43:F8:2F,-74,1.59845E+12
0,68,22,D0:F0:18:43:F8:49,-68,1.59845E+12
1,69,22,D0:F0:18:43:F8:2F,-75,1.59845E+12
0,70,22,D0:F0:18:43:F8:49,-74,1.59845E+12
1,71,22,D0:F0:18:43:F8:2F,-73,1.59845E+12
0,72,22,D0:F0:18:43:F8:49,-73,1.59845E+12
1,73,22,D0:F0:18:43:F8:2F,-75,1.59845E+12
0,74,22,D0:F0:18:43:F8:49,-67,1.59845E+12
1,75,22,D0:F0:18:43:F8:2F,-73,1.59845E+12
0,76,22,D0:F0:18:43:F8:49,-73,1.59845E+12
0,77,22,D0:F0:18:43:F8:49,-67,1.59845E+12
1,78,22,D0:F0:18:43:F8:2F,-75,1.59845E+12
0,79,22,D0:F0:18:43:F8:49,-76,1.59845E+12
0,0,23,D0:F0:18:43:F8:2F,-71,1.59845E+12
0,1,23,D0:F0:18:43:F8:49,-71,1.59845E+12
1,2,23,D0:F0:18:43:F8:2F,-71,1.59845E+12
0,3,23,D0:F0:18:43:F8:49,-83,1.59845E+12
1,4,23,D0:F0:18:43:F8:2F,-71,1.59845E+12
0,5,23,D0:F0:18:43:F8:49,-78,1.59845E+12
1,6,23,D0:F0:18:43:F8:2F,-77,1.59845E+12
0,7,23,D0:F0:18:43:F8:49,-76,1.59845E+12
1,8,23,D0:F0:18:43:F8:2F,-71,1.59845E+12
0,9,23,D0:F0:18:43:F8:49,-76,1.59845E+12
1,10,23,D0:F0:18:43:F8:2F,-80,1.59845E+12
0,11,23,D0:F0:18:43:F8:49,-77,1.59845E+12
1,12,23,D0:F0:18:43:F8:2F,-71,1.59845E+12
0,13,23,D0:F0:18:43:F8:2F,-76,1.59845E+12
0,14,23,D0:F0:18:43:F8:49,-71,1.59845E+12
1,15,23,D0:F0:18:43:F8:2F,-71,1.59845E+12
0,16,23,D0:F0:18:43:F8:49,-71,1.59845E+12
1,17,23,D0:F0:18:43:F8:2F,-77,1.59845E+12
0,18,23,D0:F0:18:43:F8:49,-76,1.59845E+12
0,19,23,D0:F0:18:43:F8:2F,-76,1.59845E+12
0,20,23,D0:F0:18:43:F8:49,-76,1.59845E+12
1,21,23,D0:F0:18:43:F8:2F,-78,1.59845E+12
0,22,23,D0:F0:18:43:F8:49,-71,1.59845E+12
1,23,23,D0:F0:18:43:F8:2F,-71,1.59845E+12
0,24,23,D0:F0:18:43:F8:49,-70,1.59845E+12
1,25,23,D0:F0:18:43:F8:2F,-74,1.59845E+12
0,26,23,D0:F0:18:43:F8:49,-74,1.59845E+12
1,27,23,D0:F0:18:43:F8:2F,-71,1.59845E+12
0,28,23,D0:F0:18:43:F8:49,-71,1.59845E+12
0,29,23,D0:F0:18:43:F8:49,-77,1.59845E+12
1,30,23,D0:F0:18:43:F8:2F,-74,1.59845E+12
0,31,23,D0:F0:18:43:F8:49,-71,1.59845E+12
1,32,23,D0:F0:18:43:F8:2F,-71,1.59845E+12
0,33,23,D0:F0:18:43:F8:49,-70,1.59845E+12
1,34,23,D0:F0:18:43:F8:2F,-75,1.59845E+12
0,35,23,D0:F0:18:43:F8:49,-71,1.59845E+12
0,36,23,D0:F0:18:43:F8:2F,-71,1.59845E+12
0,37,23,D0:F0:18:43:F8:49,-73,1.59845E+12
1,38,23,D0:F0:18:43:F8:2F,-72,1.59845E+12
0,39,23,D0:F0:18:43:F8:49,-71,1.59845E+12
0,40,23,D0:F0:18:43:F8:2F,-76,1.59845E+12
0,41,23,D0:F0:18:43:F8:49,-68,1.59845E+12
0,42,23,D0:F0:18:43:F8:2F,-77,1.59845E+12
0,43,23,D0:F0:18:43:F8:49,-76,1.59845E+12
0,44,23,D0:F0:18:43:F8:2F,-71,1.59845E+12
0,45,23,D0:F0:18:43:F8:49,-76,1.59845E+12
0,46,23,D0:F0:18:43:F8:49,-67,1.59845E+12
1,47,23,D0:F0:18:43:F8:2F,-71,1.59845E+12
0,48,23,D0:F0:18:43:F8:49,-69,1.59845E+12
0,49,23,D0:F0:18:43:F8:49,-80,1.59845E+12
1,50,23,D0:F0:18:43:F8:2F,-71,1.59845E+12
0,51,23,D0:F0:18:43:F8:49,-79,1.59845E+12
1,52,23,D0:F0:18:43:F8:2F,-71,1.59845E+12
0,53,23,D0:F0:18:43:F8:49,-75,1.59845E+12
1,54,23,D0:F0:18:43:F8:2F,-79,1.59845E+12
0,55,23,D0:F0:18:43:F8:49,-78,1.59845E+12
1,56,23,D0:F0:18:43:F8:2F,-79,1.59845E+12
0,57,23,D0:F0:18:43:F8:2F,-72,1.59845E+12
0,58,23,D0:F0:18:43:F8:49,-79,1.59845E+12
1,59,23,D0:F0:18:43:F8:2F,-74,1.59845E+12
0,60,23,D0:F0:18:43:F8:49,-70,1.59845E+12
1,61,23,D0:F0:18:43:F8:2F,-71,1.59845E+12
0,62,23,D0:F0:18:43:F8:49,-74,1.59845E+12
1,63,23,D0:F0:18:43:F8:2F,-71,1.59845E+12
0,64,23,D0:F0:18:43:F8:49,-70,1.59845E+12
0,65,23,D0:F0:18:43:F8:49,-77,1.59845E+12
1,66,23,D0:F0:18:43:F8:2F,-76,1.59845E+12
0,67,23,D0:F0:18:43:F8:49,-77,1.59845E+12
1,68,23,D0:F0:18:43:F8:2F,-71,1.59845E+12
0,69,23,D0:F0:18:43:F8:49,-77,1.59845E+12
1,70,23,D0:F0:18:43:F8:2F,-77,1.59845E+12
0,71,23,D0:F0:18:43:F8:49,-77,1.59845E+12
1,72,23,D0:F0:18:43:F8:2F,-77,1.59845E+12
0,73,23,D0:F0:18:43:F8:49,-71,1.59845E+12
1,74,23,D0:F0:18:43:F8:2F,-72,1.59845E+12
0,75,23,D0:F0:18:43:F8:49,-78,1.59845E+12
1,76,23,D0:F0:18:43:F8:2F,-76,1.59845E+12
0,77,23,D0:F0:18:43:F8:49,-72,1.59845E+12
1,78,23,D0:F0:18:43:F8:2F,-80,1.59845E+12
0,79,23,D0:F0:18:43:F8:49,-72,1.59845E+12
0,0,24,D0:F0:18:43:F8:49,-66,1.59845E+12
0,1,24,D0:F0:18:43:F8:49,-64,1.59845E+12
0,2,24,D0:F0:18:43:F8:49,-77,1.59845E+12
0,3,24,D0:F0:18:43:F8:49,-62,1.59845E+12
1,4,24,D0:F0:18:43:F8:2F,-81,1.59845E+12
0,5,24,D0:F0:18:43:F8:49,-64,1.59845E+12
1,6,24,D0:F0:18:43:F8:2F,-77,1.59845E+12
0,7,24,D0:F0:18:43:F8:49,-75,1.59845E+12
1,8,24,D0:F0:18:43:F8:2F,-78,1.59845E+12
0,9,24,D0:F0:18:43:F8:49,-64,1.59845E+12
0,10,24,D0:F0:18:43:F8:49,-77,1.59845E+12
1,11,24,D0:F0:18:43:F8:2F,-77,1.59845E+12
0,12,24,D0:F0:18:43:F8:49,-64,1.59845E+12
1,13,24,D0:F0:18:43:F8:2F,-78,1.59845E+12
0,14,24,D0:F0:18:43:F8:49,-64,1.59845E+12
1,15,24,D0:F0:18:43:F8:2F,-77,1.59845E+12
0,16,24,D0:F0:18:43:F8:49,-79,1.59845E+12
1,17,24,D0:F0:18:43:F8:2F,-77,1.59845E+12
0,18,24,D0:F0:18:43:F8:49,-64,1.59845E+12
0,19,24,D0:F0:18:43:F8:49,-64,1.59845E+12
0,20,24,D0:F0:18:43:F8:49,-77,1.59845E+12
0,21,24,D0:F0:18:43:F8:2F,-78,1.59845E+12
0,22,24,D0:F0:18:43:F8:49,-64,1.59845E+12
1,23,24,D0:F0:18:43:F8:2F,-77,1.59845E+12
0,24,24,D0:F0:18:43:F8:2F,-77,1.59845E+12
0,25,24,D0:F0:18:43:F8:49,-64,1.59845E+12
1,26,24,D0:F0:18:43:F8:2F,-77,1.59845E+12
0,27,24,D0:F0:18:43:F8:49,-64,1.59845E+12
1,28,24,D0:F0:18:43:F8:2F,-77,1.59845E+12
0,29,24,D0:F0:18:43:F8:49,-77,1.59845E+12
0,30,24,D0:F0:18:43:F8:2F,-77,1.59845E+12
0,31,24,D0:F0:18:43:F8:49,-64,1.59845E+12
1,32,24,D0:F0:18:43:F8:2F,-77,1.59845E+12
0,33,24,D0:F0:18:43:F8:49,-77,1.59845E+12
1,34,24,D0:F0:18:43:F8:2F,-77,1.59845E+12
0,35,24,D0:F0:18:43:F8:49,-77,1.59845E+12
1,36,24,D0:F0:18:43:F8:2F,-77,1.59845E+12
0,37,24,D0:F0:18:43:F8:49,-77,1.59845E+12
0,38,24,D0:F0:18:43:F8:49,-64,1.59845E+12
1,39,24,D0:F0:18:43:F8:2F,-78,1.59845E+12
0,40,24,D0:F0:18:43:F8:49,-64,1.59845E+12
0,41,24,D0:F0:18:43:F8:49,-64,1.59845E+12
1,42,24,D0:F0:18:43:F8:2F,-78,1.59845E+12
0,43,24,D0:F0:18:43:F8:49,-77,1.59845E+12
1,44,24,D0:F0:18:43:F8:2F,-78,1.59845E+12
0,45,24,D0:F0:18:43:F8:49,-64,1.59845E+12
1,46,24,D0:F0:18:43:F8:2F,-77,1.59845E+12
0,47,24,D0:F0:18:43:F8:49,-64,1.59845E+12
0,48,24,D0:F0:18:43:F8:49,-64,1.59845E+12
1,49,24,D0:F0:18:43:F8:2F,-77,1.59845E+12
0,50,24,D0:F0:18:43:F8:49,-77,1.59845E+12
0,51,24,D0:F0:18:43:F8:49,-64,1.59845E+12
0,52,24,D0:F0:18:43:F8:49,-64,1.59845E+12
1,53,24,D0:F0:18:43:F8:2F,-76,1.59845E+12
0,54,24,D0:F0:18:43:F8:49,-77,1.59845E+12
0,55,24,D0:F0:18:43:F8:49,-77,1.59845E+12
0,56,24,D0:F0:18:43:F8:49,-63,1.59845E+12
1,57,24,D0:F0:18:43:F8:2F,-77,1.59845E+12
0,58,24,D0:F0:18:43:F8:49,-78,1.59845E+12
0,59,24,D0:F0:18:43:F8:49,-63,1.59845E+12
1,60,24,D0:F0:18:43:F8:2F,-78,1.59845E+12
0,61,24,D0:F0:18:43:F8:49,-78,1.59845E+12
0,62,24,D0:F0:18:43:F8:49,-63,1.59845E+12
1,63,24,D0:F0:18:43:F8:2F,-77,1.59845E+12
0,64,24,D0:F0:18:43:F8:2F,-78,1.59845E+12
0,65,24,D0:F0:18:43:F8:49,-63,1.59845E+12
0,66,24,D0:F0:18:43:F8:49,-78,1.59845E+12
0,67,24,D0:F0:18:43:F8:49,-64,1.59845E+12
1,68,24,D0:F0:18:43:F8:2F,-76,1.59845E+12
0,69,24,D0:F0:18:43:F8:49,-80,1.59845E+12
0,70,24,D0:F0:18:43:F8:49,-64,1.59845E+12
0,71,24,D0:F0:18:43:F8:49,-64,1.59845E+12
1,72,24,D0:F0:18:43:F8:2F,-77,1.59845E+12
0,73,24,D0:F0:18:43:F8:49,-78,1.59845E+12
0,74,24,D0:F0:18:43:F8:49,-63,1.59845E+12
1,75,24,D0:F0:18:43:F8:2F,-75,1.59845E+12
0,76,24,D0:F0:18:43:F8:49,-79,1.59845E+12
0,77,24,D0:F0:18:43:F8:49,-63,1.59845E+12
1,78,24,D0:F0:18:43:F8:2F,-75,1.59845E+12
0,79,24,D0:F0:18:43:F8:49,-63,1.59845E+12
0,0,25,D0:F0:18:43:F8:2F,-71,1.59845E+12
0,1,25,D0:F0:18:43:F8:49,-67,1.59845E+12
1,2,25,D0:F0:18:43:F8:2F,-70,1.59845E+12
0,3,25,D0:F0:18:43:F8:2F,-71,1.59845E+12
0,4,25,D0:F0:18:43:F8:49,-65,1.59845E+12
1,5,25,D0:F0:18:43:F8:2F,-69,1.59845E+12
0,6,25,D0:F0:18:43:F8:49,-62,1.59845E+12
1,7,25,D0:F0:18:43:F8:2F,-77,1.59845E+12
0,8,25,D0:F0:18:43:F8:49,-66,1.59845E+12
1,9,25,D0:F0:18:43:F8:2F,-71,1.59845E+12
0,10,25,D0:F0:18:43:F8:49,-65,1.59845E+12
1,11,25,D0:F0:18:43:F8:2F,-71,1.59845E+12
0,12,25,D0:F0:18:43:F8:49,-64,1.59845E+12
1,13,25,D0:F0:18:43:F8:2F,-71,1.59845E+12
0,14,25,D0:F0:18:43:F8:49,-65,1.59845E+12
1,15,25,D0:F0:18:43:F8:2F,-70,1.59845E+12
0,16,25,D0:F0:18:43:F8:49,-62,1.59845E+12
1,17,25,D0:F0:18:43:F8:2F,-71,1.59845E+12
0,18,25,D0:F0:18:43:F8:49,-65,1.59845E+12
0,19,25,D0:F0:18:43:F8:49,-65,1.59845E+12
1,20,25,D0:F0:18:43:F8:2F,-77,1.59845E+12
0,21,25,D0:F0:18:43:F8:49,-62,1.59845E+12
0,22,25,D0:F0:18:43:F8:49,-64,1.59845E+12
1,23,25,D0:F0:18:43:F8:2F,-70,1.59845E+12
0,24,25,D0:F0:18:43:F8:49,-65,1.59845E+12
1,25,25,D0:F0:18:43:F8:2F,-71,1.59845E+12
0,26,25,D0:F0:18:43:F8:49,-62,1.59845E+12
0,27,25,D0:F0:18:43:F8:49,-63,1.59845E+12
1,28,25,D0:F0:18:43:F8:2F,-77,1.59845E+12
0,29,25,D0:F0:18:43:F8:49,-63,1.59845E+12
1,30,25,D0:F0:18:43:F8:2F,-71,1.59845E+12
0,31,25,D0:F0:18:43:F8:49,-63,1.59845E+12
0,32,25,D0:F0:18:43:F8:49,-62,1.59845E+12
1,33,25,D0:F0:18:43:F8:2F,-71,1.59845E+12
0,34,25,D0:F0:18:43:F8:49,-65,1.59845E+12
0,35,25,D0:F0:18:43:F8:49,-65,1.59845E+12
1,36,25,D0:F0:18:43:F8:2F,-71,1.59845E+12
0,37,25,D0:F0:18:43:F8:49,-65,1.59845E+12
1,38,25,D0:F0:18:43:F8:2F,-71,1.59845E+12
0,39,25,D0:F0:18:43:F8:49,-63,1.59845E+12
1,40,25,D0:F0:18:43:F8:2F,-77,1.59845E+12
0,41,25,D0:F0:18:43:F8:49,-65,1.59845E+12
1,42,25,D0:F0:18:43:F8:2F,-71,1.59845E+12
0,43,25,D0:F0:18:43:F8:49,-62,1.59845E+12
1,44,25,D0:F0:18:43:F8:2F,-77,1.59845E+12
0,45,25,D0:F0:18:43:F8:49,-65,1.59845E+12
1,46,25,D0:F0:18:43:F8:2F,-71,1.59845E+12
0,47,25,D0:F0:18:43:F8:49,-65,1.59845E+12
1,48,25,D0:F0:18:43:F8:2F,-71,1.59845E+12
0,49,25,D0:F0:18:43:F8:49,-62,1.59845E+12
1,50,25,D0:F0:18:43:F8:2F,-77,1.59845E+12
0,51,25,D0:F0:18:43:F8:49,-63,1.59845E+12
1,52,25,D0:F0:18:43:F8:2F,-71,1.59845E+12
0,53,25,D0:F0:18:43:F8:49,-66,1.59845E+12
1,54,25,D0:F0:18:43:F8:2F,-76,1.59845E+12
0,55,25,D0:F0:18:43:F8:49,-61,1.59845E+12
1,56,25,D0:F0:18:43:F8:2F,-76,1.59845E+12
0,57,25,D0:F0:18:43:F8:49,-63,1.59845E+12
1,58,25,D0:F0:18:43:F8:2F,-70,1.59845E+12
0,59,25,D0:F0:18:43:F8:49,-67,1.59845E+12
1,60,25,D0:F0:18:43:F8:2F,-79,1.59845E+12
0,61,25,D0:F0:18:43:F8:49,-67,1.59845E+12
1,62,25,D0:F0:18:43:F8:2F,-71,1.59845E+12
0,63,25,D0:F0:18:43:F8:2F,-78,1.59845E+12
0,64,25,D0:F0:18:43:F8:49,-62,1.59845E+12
1,65,25,D0:F0:18:43:F8:2F,-77,1.59845E+12
0,66,25,D0:F0:18:43:F8:49,-67,1.59845E+12
1,67,25,D0:F0:18:43:F8:2F,-71,1.59845E+12
0,68,25,D0:F0:18:43:F8:2F,-71,1.59845E+12
0,69,25,D0:F0:18:43:F8:49,-62,1.59845E+12
0,70,25,D0:F0:18:43:F8:49,-62,1.59845E+12
0,71,25,D0:F0:18:43:F8:49,-62,1.59845E+12
1,72,25,D0:F0:18:43:F8:2F,-78,1.59845E+12
0,73,25,D0:F0:18:43:F8:49,-66,1.59845E+12
1,74,25,D0:F0:18:43:F8:2F,-71,1.59845E+12
0,75,25,D0:F0:18:43:F8:49,-62,1.59845E+12
0,76,25,D0:F0:18:43:F8:49,-62,1.59845E+12
1,77,25,D0:F0:18:43:F8:2F,-71,1.59845E+12
0,78,25,D0:F0:18:43:F8:49,-62,1.59845E+12
0,79,25,D0:F0:18:43:F8:2F,-79,1.59845E+12
0,0,26,D0:F0:18:43:F8:49,-55,1.59845E+12
1,1,26,D0:F0:18:43:F8:2F,-69,1.59845E+12
0,2,26,D0:F0:18:43:F8:49,-54,1.59845E+12
1,3,26,D0:F0:18:43:F8:2F,-70,1.59845E+12
0,4,26,D0:F0:18:43:F8:49,-51,1.59845E+12
1,5,26,D0:F0:18:43:F8:2F,-71,1.59845E+12
0,6,26,D0:F0:18:43:F8:49,-54,1.59845E+12
1,7,26,D0:F0:18:43:F8:2F,-72,1.59845E+12
0,8,26,D0:F0:18:43:F8:2F,-71,1.59845E+12
0,9,26,D0:F0:18:43:F8:49,-54,1.59845E+12
1,10,26,D0:F0:18:43:F8:2F,-70,1.59845E+12
0,11,26,D0:F0:18:43:F8:49,-54,1.59845E+12
0,12,26,D0:F0:18:43:F8:49,-51,1.59845E+12
1,13,26,D0:F0:18:43:F8:2F,-70,1.59845E+12
0,14,26,D0:F0:18:43:F8:49,-54,1.59845E+12
1,15,26,D0:F0:18:43:F8:2F,-74,1.59845E+12
0,16,26,D0:F0:18:43:F8:49,-54,1.59845E+12
1,17,26,D0:F0:18:43:F8:2F,-68,1.59845E+12
0,18,26,D0:F0:18:43:F8:49,-51,1.59845E+12
0,19,26,D0:F0:18:43:F8:2F,-75,1.59845E+12
0,20,26,D0:F0:18:43:F8:2F,-70,1.59845E+12
0,21,26,D0:F0:18:43:F8:2F,-74,1.59845E+12
0,22,26,D0:F0:18:43:F8:2F,-69,1.59845E+12
0,23,26,D0:F0:18:43:F8:2F,-71,1.59845E+12
0,24,26,D0:F0:18:43:F8:49,-51,1.59845E+12
1,25,26,D0:F0:18:43:F8:2F,-74,1.59845E+12
0,26,26,D0:F0:18:43:F8:49,-53,1.59845E+12
1,27,26,D0:F0:18:43:F8:2F,-69,1.59845E+12
0,28,26,D0:F0:18:43:F8:49,-54,1.59845E+12
1,29,26,D0:F0:18:43:F8:2F,-73,1.59845E+12
0,30,26,D0:F0:18:43:F8:49,-51,1.59845E+12
1,31,26,D0:F0:18:43:F8:2F,-73,1.59845E+12
0,32,26,D0:F0:18:43:F8:49,-53,1.59845E+12
1,33,26,D0:F0:18:43:F8:2F,-70,1.59845E+12
0,34,26,D0:F0:18:43:F8:49,-54,1.59845E+12
1,35,26,D0:F0:18:43:F8:2F,-74,1.59845E+12
0,36,26,D0:F0:18:43:F8:49,-51,1.59845E+12
1,37,26,D0:F0:18:43:F8:2F,-70,1.59845E+12
0,38,26,D0:F0:18:43:F8:49,-53,1.59845E+12
0,39,26,D0:F0:18:43:F8:2F,-74,1.59845E+12
0,40,26,D0:F0:18:43:F8:49,-53,1.59845E+12
1,41,26,D0:F0:18:43:F8:2F,-70,1.59845E+12
0,42,26,D0:F0:18:43:F8:49,-54,1.59845E+12
1,43,26,D0:F0:18:43:F8:2F,-74,1.59845E+12
0,44,26,D0:F0:18:43:F8:2F,-70,1.59845E+12
0,45,26,D0:F0:18:43:F8:49,-51,1.59845E+12
0,46,26,D0:F0:18:43:F8:49,-51,1.59845E+12
1,47,26,D0:F0:18:43:F8:2F,-74,1.59845E+12
0,48,26,D0:F0:18:43:F8:49,-55,1.59845E+12
0,49,26,D0:F0:18:43:F8:49,-51,1.59845E+12
1,50,26,D0:F0:18:43:F8:2F,-70,1.59845E+12
0,51,26,D0:F0:18:43:F8:49,-53,1.59845E+12
1,52,26,D0:F0:18:43:F8:2F,-70,1.59845E+12
0,53,26,D0:F0:18:43:F8:49,-54,1.59845E+12
1,54,26,D0:F0:18:43:F8:2F,-74,1.59845E+12
0,55,26,D0:F0:18:43:F8:49,-51,1.59845E+12
1,56,26,D0:F0:18:43:F8:2F,-68,1.59845E+12
0,57,26,D0:F0:18:43:F8:49,-54,1.59845E+12
1,58,26,D0:F0:18:43:F8:2F,-71,1.59845E+12
0,59,26,D0:F0:18:43:F8:49,-51,1.59845E+12
1,60,26,D0:F0:18:43:F8:2F,-68,1.59845E+12
0,61,26,D0:F0:18:43:F8:49,-53,1.59845E+12
1,62,26,D0:F0:18:43:F8:2F,-68,1.59845E+12
0,63,26,D0:F0:18:43:F8:49,-54,1.59845E+12
1,64,26,D0:F0:18:43:F8:2F,-74,1.59845E+12
0,65,26,D0:F0:18:43:F8:49,-51,1.59845E+12
1,66,26,D0:F0:18:43:F8:2F,-68,1.59845E+12
0,67,26,D0:F0:18:43:F8:2F,-74,1.59845E+12
0,68,26,D0:F0:18:43:F8:49,-53,1.59845E+12
1,69,26,D0:F0:18:43:F8:2F,-68,1.59845E+12
0,70,26,D0:F0:18:43:F8:49,-53,1.59845E+12
1,71,26,D0:F0:18:43:F8:2F,-71,1.59845E+12
0,72,26,D0:F0:18:43:F8:49,-54,1.59845E+12
1,73,26,D0:F0:18:43:F8:2F,-68,1.59845E+12
0,74,26,D0:F0:18:43:F8:49,-51,1.59845E+12
1,75,26,D0:F0:18:43:F8:2F,-71,1.59845E+12
0,76,26,D0:F0:18:43:F8:49,-51,1.59845E+12
1,77,26,D0:F0:18:43:F8:2F,-72,1.59845E+12
0,78,26,D0:F0:18:43:F8:49,-53,1.59845E+12
1,79,26,D0:F0:18:43:F8:2F,-74,1.59845E+12
0,0,27,D0:F0:18:43:F8:49,-60,1.59845E+12
0,1,27,D0:F0:18:43:F8:49,-62,1.59845E+12
0,2,27,D0:F0:18:43:F8:49,-59,1.59845E+12
1,3,27,D0:F0:18:43:F8:2F,-73,1.59845E+12
0,4,27,D0:F0:18:43:F8:49,-60,1.59845E+12
1,5,27,D0:F0:18:43:F8:2F,-72,1.59845E+12
0,6,27,D0:F0:18:43:F8:2F,-71,1.59845E+12
0,7,27,D0:F0:18:43:F8:49,-60,1.59845E+12
1,8,27,D0:F0:18:43:F8:2F,-71,1.59845E+12
0,9,27,D0:F0:18:43:F8:49,-61,1.59845E+12
0,10,27,D0:F0:18:43:F8:49,-59,1.59845E+12
1,11,27,D0:F0:18:43:F8:2F,-71,1.59845E+12
0,12,27,D0:F0:18:43:F8:49,-60,1.59845E+12
1,13,27,D0:F0:18:43:F8:2F,-80,1.59845E+12
0,14,27,D0:F0:18:43:F8:49,-59,1.59845E+12
0,15,27,D0:F0:18:43:F8:49,-58,1.59845E+12
1,16,27,D0:F0:18:43:F8:2F,-71,1.59845E+12
0,17,27,D0:F0:18:43:F8:49,-59,1.59845E+12
1,18,27,D0:F0:18:43:F8:2F,-71,1.59845E+12
0,19,27,D0:F0:18:43:F8:49,-62,1.59845E+12
0,20,27,D0:F0:18:43:F8:49,-59,1.59845E+12
1,21,27,D0:F0:18:43:F8:2F,-71,1.59845E+12
0,22,27,D0:F0:18:43:F8:49,-59,1.59845E+12
1,23,27,D0:F0:18:43:F8:2F,-71,1.59845E+12
0,24,27,D0:F0:18:43:F8:49,-59,1.59845E+12
1,25,27,D0:F0:18:43:F8:2F,-72,1.59845E+12
0,26,27,D0:F0:18:43:F8:49,-59,1.59845E+12
0,27,27,D0:F0:18:43:F8:49,-62,1.59845E+12
1,28,27,D0:F0:18:43:F8:2F,-71,1.59845E+12
0,29,27,D0:F0:18:43:F8:49,-59,1.59845E+12
1,30,27,D0:F0:18:43:F8:2F,-72,1.59845E+12
0,31,27,D0:F0:18:43:F8:49,-60,1.59845E+12
0,32,27,D0:F0:18:43:F8:49,-62,1.59845E+12
1,33,27,D0:F0:18:43:F8:2F,-71,1.59845E+12
0,34,27,D0:F0:18:43:F8:49,-59,1.59845E+12
1,35,27,D0:F0:18:43:F8:2F,-71,1.59845E+12
0,36,27,D0:F0:18:43:F8:49,-59,1.59845E+12
0,37,27,D0:F0:18:43:F8:49,-59,1.59845E+12
0,38,27,D0:F0:18:43:F8:49,-59,1.59845E+12
1,39,27,D0:F0:18:43:F8:2F,-71,1.59845E+12
0,40,27,D0:F0:18:43:F8:49,-59,1.59845E+12
1,41,27,D0:F0:18:43:F8:2F,-71,1.59845E+12
0,42,27,D0:F0:18:43:F8:49,-59,1.59845E+12
1,43,27,D0:F0:18:43:F8:2F,-71,1.59845E+12
0,44,27,D0:F0:18:43:F8:49,-59,1.59845E+12
0,45,27,D0:F0:18:43:F8:49,-62,1.59845E+12
1,46,27,D0:F0:18:43:F8:2F,-72,1.59845E+12
0,47,27,D0:F0:18:43:F8:49,-60,1.59845E+12
1,48,27,D0:F0:18:43:F8:2F,-80,1.59845E+12
0,49,27,D0:F0:18:43:F8:49,-60,1.59845E+12
1,50,27,D0:F0:18:43:F8:2F,-71,1.59845E+12
0,51,27,D0:F0:18:43:F8:49,-59,1.59845E+12
1,52,27,D0:F0:18:43:F8:2F,-71,1.59845E+12
0,53,27,D0:F0:18:43:F8:49,-59,1.59845E+12
1,54,27,D0:F0:18:43:F8:2F,-71,1.59845E+12
0,55,27,D0:F0:18:43:F8:49,-62,1.59845E+12
1,56,27,D0:F0:18:43:F8:2F,-71,1.59845E+12
0,57,27,D0:F0:18:43:F8:49,-59,1.59845E+12
1,58,27,D0:F0:18:43:F8:2F,-71,1.59845E+12
0,59,27,D0:F0:18:43:F8:49,-60,1.59845E+12
1,60,27,D0:F0:18:43:F8:2F,-71,1.59845E+12
0,61,27,D0:F0:18:43:F8:49,-62,1.59845E+12
1,62,27,D0:F0:18:43:F8:2F,-71,1.59845E+12
0,63,27,D0:F0:18:43:F8:49,-60,1.59845E+12
0,64,27,D0:F0:18:43:F8:49,-62,1.59845E+12
1,65,27,D0:F0:18:43:F8:2F,-71,1.59845E+12
0,66,27,D0:F0:18:43:F8:49,-59,1.59845E+12
1,67,27,D0:F0:18:43:F8:2F,-71,1.59845E+12
0,68,27,D0:F0:18:43:F8:49,-60,1.59845E+12
0,69,27,D0:F0:18:43:F8:49,-59,1.59845E+12
1,70,27,D0:F0:18:43:F8:2F,-71,1.59845E+12
0,71,27,D0:F0:18:43:F8:49,-59,1.59845E+12
0,72,27,D0:F0:18:43:F8:49,-59,1.59845E+12
1,73,27,D0:F0:18:43:F8:2F,-71,1.59845E+12
0,74,27,D0:F0:18:43:F8:49,-62,1.59845E+12
0,75,27,D0:F0:18:43:F8:49,-59,1.59845E+12
0,76,27,D0:F0:18:43:F8:49,-60,1.59845E+12
1,77,27,D0:F0:18:43:F8:2F,-71,1.59845E+12
0,78,27,D0:F0:18:43:F8:2F,-80,1.59845E+12
0,79,27,D0:F0:18:43:F8:49,-60,1.59845E+12
0,0,28,D0:F0:18:43:F8:49,-45,1.59845E+12
1,1,28,D0:F0:18:43:F8:2F,-71,1.59845E+12
0,2,28,D0:F0:18:43:F8:49,-44,1.59845E+12
1,3,28,D0:F0:18:43:F8:2F,-74,1.59845E+12
0,4,28,D0:F0:18:43:F8:49,-45,1.59845E+12
1,5,28,D0:F0:18:43:F8:2F,-74,1.59845E+12
0,6,28,D0:F0:18:43:F8:49,-46,1.59845E+12
0,7,28,D0:F0:18:43:F8:2F,-74,1.59845E+12
0,8,28,D0:F0:18:43:F8:49,-45,1.59845E+12
1,9,28,D0:F0:18:43:F8:2F,-75,1.59845E+12
0,10,28,D0:F0:18:43:F8:49,-44,1.59845E+12
0,11,28,D0:F0:18:43:F8:49,-46,1.59845E+12
1,12,28,D0:F0:18:43:F8:2F,-74,1.59845E+12
0,13,28,D0:F0:18:43:F8:49,-44,1.59845E+12
1,14,28,D0:F0:18:43:F8:2F,-74,1.59845E+12
0,15,28,D0:F0:18:43:F8:49,-44,1.59845E+12
0,16,28,D0:F0:18:43:F8:49,-46,1.59845E+12
1,17,28,D0:F0:18:43:F8:2F,-72,1.59845E+12
0,18,28,D0:F0:18:43:F8:49,-45,1.59845E+12
1,19,28,D0:F0:18:43:F8:2F,-73,1.59845E+12
0,20,28,D0:F0:18:43:F8:49,-44,1.59845E+12
1,21,28,D0:F0:18:43:F8:2F,-80,1.59845E+12
0,22,28,D0:F0:18:43:F8:49,-44,1.59845E+12
1,23,28,D0:F0:18:43:F8:2F,-74,1.59845E+12
0,24,28,D0:F0:18:43:F8:49,-44,1.59845E+12
1,25,28,D0:F0:18:43:F8:2F,-76,1.59845E+12
0,26,28,D0:F0:18:43:F8:2F,-76,1.59845E+12
0,27,28,D0:F0:18:43:F8:49,-44,1.59845E+12
1,28,28,D0:F0:18:43:F8:2F,-74,1.59845E+12
0,29,28,D0:F0:18:43:F8:49,-44,1.59845E+12
1,30,28,D0:F0:18:43:F8:2F,-77,1.59845E+12
0,31,28,D0:F0:18:43:F8:49,-44,1.59845E+12
1,32,28,D0:F0:18:43:F8:2F,-73,1.59845E+12
0,33,28,D0:F0:18:43:F8:49,-44,1.59845E+12
1,34,28,D0:F0:18:43:F8:2F,-73,1.59845E+12
0,35,28,D0:F0:18:43:F8:49,-44,1.59845E+12
0,36,28,D0:F0:18:43:F8:2F,-76,1.59845E+12
0,37,28,D0:F0:18:43:F8:49,-46,1.59845E+12
0,38,28,D0:F0:18:43:F8:49,-44,1.59845E+12
1,39,28,D0:F0:18:43:F8:2F,-76,1.59845E+12
0,40,28,D0:F0:18:43:F8:49,-44,1.59845E+12
1,41,28,D0:F0:18:43:F8:2F,-76,1.59845E+12
0,42,28,D0:F0:18:43:F8:2F,-74,1.59845E+12
0,43,28,D0:F0:18:43:F8:49,-46,1.59845E+12
1,44,28,D0:F0:18:43:F8:2F,-74,1.59845E+12
0,45,28,D0:F0:18:43:F8:49,-44,1.59845E+12
1,46,28,D0:F0:18:43:F8:2F,-76,1.59845E+12
0,47,28,D0:F0:18:43:F8:49,-46,1.59845E+12
1,48,28,D0:F0:18:43:F8:2F,-74,1.59845E+12
0,49,28,D0:F0:18:43:F8:49,-44,1.59845E+12
1,50,28,D0:F0:18:43:F8:2F,-76,1.59845E+12
0,51,28,D0:F0:18:43:F8:49,-44,1.59845E+12
1,52,28,D0:F0:18:43:F8:2F,-74,1.59845E+12
0,53,28,D0:F0:18:43:F8:49,-46,1.59845E+12
0,54,28,D0:F0:18:43:F8:49,-44,1.59845E+12
1,55,28,D0:F0:18:43:F8:2F,-74,1.59845E+12
0,56,28,D0:F0:18:43:F8:49,-46,1.59845E+12
1,57,28,D0:F0:18:43:F8:2F,-74,1.59845E+12
0,58,28,D0:F0:18:43:F8:49,-46,1.59845E+12
1,59,28,D0:F0:18:43:F8:2F,-75,1.59845E+12
0,60,28,D0:F0:18:43:F8:49,-44,1.59845E+12
1,61,28,D0:F0:18:43:F8:2F,-74,1.59845E+12
0,62,28,D0:F0:18:43:F8:49,-46,1.59845E+12
1,63,28,D0:F0:18:43:F8:2F,-74,1.59845E+12
0,64,28,D0:F0:18:43:F8:49,-44,1.59845E+12
1,65,28,D0:F0:18:43:F8:2F,-76,1.59845E+12
0,66,28,D0:F0:18:43:F8:49,-44,1.59845E+12
1,67,28,D0:F0:18:43:F8:2F,-74,1.59845E+12
0,68,28,D0:F0:18:43:F8:49,-44,1.59845E+12
1,69,28,D0:F0:18:43:F8:2F,-75,1.59845E+12
0,70,28,D0:F0:18:43:F8:2F,-74,1.59845E+12
0,71,28,D0:F0:18:43:F8:2F,-74,1.59845E+12
0,72,28,D0:F0:18:43:F8:49,-46,1.59845E+12
1,73,28,D0:F0:18:43:F8:2F,-74,1.59845E+12
0,74,28,D0:F0:18:43:F8:49,-44,1.59845E+12
1,75,28,D0:F0:18:43:F8:2F,-74,1.59845E+12
0,76,28,D0:F0:18:43:F8:49,-44,1.59845E+12
1,77,28,D0:F0:18:43:F8:2F,-76,1.59845E+12
0,78,28,D0:F0:18:43:F8:49,-44,1.59845E+12
1,79,28,D0:F0:18:43:F8:2F,-76,1.59845E+12
0,0,29,D0:F0:18:43:F8:49,-38,1.59845E+12
1,1,29,D0:F0:18:43:F8:2F,-63,1.59845E+12
0,2,29,D0:F0:18:43:F8:49,-37,1.59845E+12
1,3,29,D0:F0:18:43:F8:2F,-66,1.59845E+12
0,4,29,D0:F0:18:43:F8:49,-38,1.59845E+12
1,5,29,D0:F0:18:43:F8:2F,-64,1.59845E+12
0,6,29,D0:F0:18:43:F8:49,-38,1.59845E+12
1,7,29,D0:F0:18:43:F8:2F,-64,1.59845E+12
0,8,29,D0:F0:18:43:F8:49,-37,1.59845E+12
1,9,29,D0:F0:18:43:F8:2F,-63,1.59845E+12
0,10,29,D0:F0:18:43:F8:2F,-62,1.59845E+12
0,11,29,D0:F0:18:43:F8:49,-38,1.59845E+12
1,12,29,D0:F0:18:43:F8:2F,-64,1.59845E+12
0,13,29,D0:F0:18:43:F8:49,-38,1.59845E+12
1,14,29,D0:F0:18:43:F8:2F,-62,1.59845E+12
0,15,29,D0:F0:18:43:F8:49,-38,1.59845E+12
0,16,29,D0:F0:18:43:F8:49,-38,1.59845E+12
0,17,29,D0:F0:18:43:F8:49,-37,1.59845E+12
1,18,29,D0:F0:18:43:F8:2F,-62,1.59845E+12
0,19,29,D0:F0:18:43:F8:49,-37,1.59845E+12
1,20,29,D0:F0:18:43:F8:2F,-62,1.59845E+12
0,21,29,D0:F0:18:43:F8:49,-37,1.59845E+12
0,22,29,D0:F0:18:43:F8:49,-37,1.59845E+12
1,23,29,D0:F0:18:43:F8:2F,-62,1.59845E+12
0,24,29,D0:F0:18:43:F8:49,-38,1.59845E+12
0,25,29,D0:F0:18:43:F8:49,-37,1.59845E+12
1,26,29,D0:F0:18:43:F8:2F,-64,1.59845E+12
0,27,29,D0:F0:18:43:F8:2F,-62,1.59845E+12
0,28,29,D0:F0:18:43:F8:49,-37,1.59845E+12
1,29,29,D0:F0:18:43:F8:2F,-65,1.59845E+12
0,30,29,D0:F0:18:43:F8:49,-37,1.59845E+12
1,31,29,D0:F0:18:43:F8:2F,-64,1.59845E+12
0,32,29,D0:F0:18:43:F8:49,-37,1.59845E+12
1,33,29,D0:F0:18:43:F8:2F,-63,1.59845E+12
0,34,29,D0:F0:18:43:F8:2F,-65,1.59845E+12
0,35,29,D0:F0:18:43:F8:49,-37,1.59845E+12
1,36,29,D0:F0:18:43:F8:2F,-64,1.59845E+12
0,37,29,D0:F0:18:43:F8:49,-38,1.59845E+12
1,38,29,D0:F0:18:43:F8:2F,-65,1.59845E+12
0,39,29,D0:F0:18:43:F8:49,-37,1.59845E+12
1,40,29,D0:F0:18:43:F8:2F,-63,1.59845E+12
0,41,29,D0:F0:18:43:F8:49,-39,1.59845E+12
1,42,29,D0:F0:18:43:F8:2F,-63,1.59845E+12
0,43,29,D0:F0:18:43:F8:49,-38,1.59845E+12
1,44,29,D0:F0:18:43:F8:2F,-63,1.59845E+12
0,45,29,D0:F0:18:43:F8:49,-37,1.59845E+12
1,46,29,D0:F0:18:43:F8:2F,-63,1.59845E+12
0,47,29,D0:F0:18:43:F8:49,-37,1.59845E+12
1,48,29,D0:F0:18:43:F8:2F,-65,1.59845E+12
0,49,29,D0:F0:18:43:F8:49,-38,1.59845E+12
1,50,29,D0:F0:18:43:F8:2F,-63,1.59845E+12
0,51,29,D0:F0:18:43:F8:49,-39,1.59845E+12
1,52,29,D0:F0:18:43:F8:2F,-63,1.59845E+12
0,53,29,D0:F0:18:43:F8:49,-37,1.59845E+12
1,54,29,D0:F0:18:43:F8:2F,-65,1.59845E+12
0,55,29,D0:F0:18:43:F8:49,-38,1.59845E+12
1,56,29,D0:F0:18:43:F8:2F,-63,1.59845E+12
0,57,29,D0:F0:18:43:F8:49,-37,1.59845E+12
1,58,29,D0:F0:18:43:F8:2F,-63,1.59845E+12
0,59,29,D0:F0:18:43:F8:49,-38,1.59845E+12
1,60,29,D0:F0:18:43:F8:2F,-65,1.59845E+12
0,61,29,D0:F0:18:43:F8:49,-38,1.59845E+12
1,62,29,D0:F0:18:43:F8:2F,-63,1.59845E+12
0,63,29,D0:F0:18:43:F8:49,-37,1.59845E+12
1,64,29,D0:F0:18:43:F8:2F,-63,1.59845E+12
0,65,29,D0:F0:18:43:F8:49,-38,1.59845E+12
1,66,29,D0:F0:18:43:F8:2F,-63,1.59845E+12
0,67,29,D0:F0:18:43:F8:49,-38,1.59845E+12
1,68,29,D0:F0:18:43:F8:2F,-63,1.59845E+12
0,69,29,D0:F0:18:43:F8:49,-37,1.59845E+12
1,70,29,D0:F0:18:43:F8:2F,-63,1.59845E+12
0,71,29,D0:F0:18:43:F8:49,-38,1.59845E+12
1,72,29,D0:F0:18:43:F8:2F,-62,1.59845E+12
0,73,29,D0:F0:18:43:F8:49,-37,1.59845E+12
1,74,29,D0:F0:18:43:F8:2F,-64,1.59845E+12
0,75,29,D0:F0:18:43:F8:49,-37,1.59845E+12
1,76,29,D0:F0:18:43:F8:2F,-62,1.59845E+12
0,77,29,D0:F0:18:43:F8:49,-38,1.59845E+12
1,78,29,D0:F0:18:43:F8:2F,-62,1.59845E+12
0,79,29,D0:F0:18:43:F8:49,-37,1.59845E+12
