0,0,D0:F0:18:43:F8:2F,-86,1598515836763
1,1,D0:F0:18:43:F8:49,-40,1598515836772
0,2,D0:F0:18:43:F8:49,-41,1598515837266
0,3,D0:F0:18:43:F8:2F,-76,1598515837777
1,4,D0:F0:18:43:F8:49,-41,1598515837782
0,5,D0:F0:18:43:F8:2F,-83,1598515838283
1,6,D0:F0:18:43:F8:49,-41,1598515838286
0,7,D0:F0:18:43:F8:2F,-84,1598515838807
1,8,D0:F0:18:43:F8:49,-41,1598515838815
0,9,D0:F0:18:43:F8:2F,-76,1598515839309
1,10,D0:F0:18:43:F8:49,-40,1598515839312
0,11,D0:F0:18:43:F8:2F,-80,1598515839834
1,12,D0:F0:18:43:F8:49,-41,1598515839843
0,13,D0:F0:18:43:F8:2F,-77,1598515840354
1,14,D0:F0:18:43:F8:49,-41,1598515840361
0,15,D0:F0:18:43:F8:2F,-81,1598515840874
1,16,D0:F0:18:43:F8:49,-41,1598515840882
0,17,D0:F0:18:43:F8:2F,-83,1598515841400
1,18,D0:F0:18:43:F8:49,-41,1598515841408
0,19,D0:F0:18:43:F8:2F,-77,1598515841920
1,20,D0:F0:18:43:F8:49,-40,1598515841928
0,21,D0:F0:18:43:F8:2F,-82,1598515842444
1,22,D0:F0:18:43:F8:49,-41,1598515842452
0,23,D0:F0:18:43:F8:2F,-82,1598515842968
1,24,D0:F0:18:43:F8:49,-41,1598515842976
0,25,D0:F0:18:43:F8:2F,-83,1598515843492
1,26,D0:F0:18:43:F8:49,-41,1598515843501
0,27,D0:F0:18:43:F8:2F,-76,1598515844011
1,28,D0:F0:18:43:F8:49,-41,1598515844019
0,29,D0:F0:18:43:F8:2F,-82,1598515844529
1,30,D0:F0:18:43:F8:49,-41,1598515844537
0,31,D0:F0:18:43:F8:2F,-83,1598515845053
1,32,D0:F0:18:43:F8:49,-41,1598515845060
0,33,D0:F0:18:43:F8:2F,-76,1598515845571
1,34,D0:F0:18:43:F8:49,-40,1598515845578
0,35,D0:F0:18:43:F8:2F,-82,1598515846093
1,36,D0:F0:18:43:F8:49,-41,1598515846101
0,37,D0:F0:18:43:F8:2F,-76,1598515846611
1,38,D0:F0:18:43:F8:49,-41,1598515846619
0,39,D0:F0:18:43:F8:49,-41,1598515847116
0,40,D0:F0:18:43:F8:2F,-76,1598515847621
1,41,D0:F0:18:43:F8:49,-41,1598515847625
0,42,D0:F0:18:43:F8:2F,-82,1598515848137
1,43,D0:F0:18:43:F8:49,-40,1598515848145
0,44,D0:F0:18:43:F8:2F,-76,1598515848653
1,45,D0:F0:18:43:F8:49,-41,1598515848660
0,46,D0:F0:18:43:F8:2F,-76,1598515849172
1,47,D0:F0:18:43:F8:49,-43,1598515849180
0,48,D0:F0:18:43:F8:2F,-83,1598515849681
1,49,D0:F0:18:43:F8:49,-41,1598515849690
0,50,D0:F0:18:43:F8:2F,-76,1598515850193
0,51,D0:F0:18:43:F8:2F,-81,1598515850707
1,52,D0:F0:18:43:F8:49,-40,1598515850715
0,53,D0:F0:18:43:F8:2F,-76,1598515851221
1,54,D0:F0:18:43:F8:49,-41,1598515851228
0,55,D0:F0:18:43:F8:2F,-76,1598515851734
1,56,D0:F0:18:43:F8:49,-41,1598515851741
0,57,D0:F0:18:43:F8:2F,-83,1598515852247
1,58,D0:F0:18:43:F8:49,-41,1598515852255
0,59,D0:F0:18:43:F8:49,-41,1598515852762
0,60,D0:F0:18:43:F8:2F,-82,1598515853273
1,61,D0:F0:18:43:F8:49,-40,1598515853280
0,62,D0:F0:18:43:F8:2F,-84,1598515853787
1,63,D0:F0:18:43:F8:49,-41,1598515853795
0,64,D0:F0:18:43:F8:2F,-76,1598515854300
1,65,D0:F0:18:43:F8:49,-40,1598515854307
0,66,D0:F0:18:43:F8:2F,-83,1598515854815
1,67,D0:F0:18:43:F8:49,-41,1598515854822
0,68,D0:F0:18:43:F8:2F,-83,1598515855327
1,69,D0:F0:18:43:F8:49,-41,1598515855335
0,70,D0:F0:18:43:F8:2F,-82,1598515855841
1,71,D0:F0:18:43:F8:49,-41,1598515855848
0,72,D0:F0:18:43:F8:2F,-84,1598515856356
1,73,D0:F0:18:43:F8:49,-41,1598515856364
0,74,D0:F0:18:43:F8:2F,-76,1598515856871
1,75,D0:F0:18:43:F8:49,-40,1598515856879
0,76,D0:F0:18:43:F8:2F,-76,1598515857390
1,77,D0:F0:18:43:F8:49,-41,1598515857397
0,78,D0:F0:18:43:F8:2F,-76,1598515857901
1,79,D0:F0:18:43:F8:49,-42,1598515857909
0,0,D0:F0:18:43:F8:2F,-86,1598515869181
1,1,D0:F0:18:43:F8:49,-57,1598515869189
0,2,D0:F0:18:43:F8:49,-56,1598515869681
0,3,D0:F0:18:43:F8:2F,-84,1598515870195
1,4,D0:F0:18:43:F8:49,-55,1598515870202
0,5,D0:F0:18:43:F8:2F,-87,1598515870709
1,6,D0:F0:18:43:F8:49,-57,1598515870717
0,7,D0:F0:18:43:F8:2F,-91,1598515871219
1,8,D0:F0:18:43:F8:49,-57,1598515871230
0,9,D0:F0:18:43:F8:49,-55,1598515871734
0,10,D0:F0:18:43:F8:2F,-86,1598515872250
1,11,D0:F0:18:43:F8:49,-58,1598515872258
0,12,D0:F0:18:43:F8:2F,-87,1598515872768
1,13,D0:F0:18:43:F8:49,-57,1598515872775
0,14,D0:F0:18:43:F8:2F,-87,1598515873278
1,15,D0:F0:18:43:F8:49,-55,1598515873285
0,16,D0:F0:18:43:F8:2F,-90,1598515873791
1,17,D0:F0:18:43:F8:49,-58,1598515873799
0,18,D0:F0:18:43:F8:2F,-91,1598515874304
1,19,D0:F0:18:43:F8:49,-57,1598515874311
0,20,D0:F0:18:43:F8:49,-57,1598515874814
0,21,D0:F0:18:43:F8:2F,-86,1598515875326
1,22,D0:F0:18:43:F8:49,-55,1598515875333
0,23,D0:F0:18:43:F8:49,-57,1598515875836
0,24,D0:F0:18:43:F8:2F,-86,1598515876347
1,25,D0:F0:18:43:F8:49,-57,1598515876353
0,26,D0:F0:18:43:F8:49,-57,1598515876857
0,27,D0:F0:18:43:F8:2F,-92,1598515877375
1,28,D0:F0:18:43:F8:49,-57,1598515877383
0,29,D0:F0:18:43:F8:2F,-86,1598515877885
1,30,D0:F0:18:43:F8:49,-55,1598515877892
0,31,D0:F0:18:43:F8:49,-57,1598515878399
0,32,D0:F0:18:43:F8:2F,-87,1598515879420
0,33,D0:F0:18:43:F8:2F,-91,1598515879930
1,34,D0:F0:18:43:F8:49,-57,1598515879940
0,35,D0:F0:18:43:F8:2F,-86,1598515880448
1,36,D0:F0:18:43:F8:49,-57,1598515880458
0,37,D0:F0:18:43:F8:49,-57,1598515880956
0,38,D0:F0:18:43:F8:2F,-90,1598515881465
1,39,D0:F0:18:43:F8:49,-55,1598515881472
0,40,D0:F0:18:43:F8:2F,-87,1598515881977
1,41,D0:F0:18:43:F8:49,-57,1598515881984
0,42,D0:F0:18:43:F8:49,-57,1598515882487
0,43,D0:F0:18:43:F8:2F,-86,1598515882997
1,44,D0:F0:18:43:F8:49,-57,1598515883004
0,45,D0:F0:18:43:F8:49,-57,1598515883507
0,46,D0:F0:18:43:F8:49,-55,1598515884017
0,47,D0:F0:18:43:F8:2F,-85,1598515884528
0,48,D0:F0:18:43:F8:49,-57,1598515885037
0,49,D0:F0:18:43:F8:2F,-85,1598515885547
1,50,D0:F0:18:43:F8:49,-57,1598515885553
0,51,D0:F0:18:43:F8:2F,-85,1598515886062
1,52,D0:F0:18:43:F8:49,-57,1598515886069
0,53,D0:F0:18:43:F8:2F,-86,1598515887080
1,54,D0:F0:18:43:F8:49,-57,1598515887088
0,55,D0:F0:18:43:F8:2F,-86,1598515887590
1,56,D0:F0:18:43:F8:49,-55,1598515887596
0,57,D0:F0:18:43:F8:49,-57,1598515888100
0,58,D0:F0:18:43:F8:2F,-87,1598515888610
1,59,D0:F0:18:43:F8:49,-57,1598515888617
0,60,D0:F0:18:43:F8:49,-55,1598515889123
0,61,D0:F0:18:43:F8:2F,-87,1598515889631
1,62,D0:F0:18:43:F8:49,-57,1598515889637
0,63,D0:F0:18:43:F8:2F,-87,1598515890143
1,64,D0:F0:18:43:F8:49,-56,1598515890150
0,65,D0:F0:18:43:F8:49,-57,1598515890650
0,66,D0:F0:18:43:F8:49,-57,1598515891157
0,67,D0:F0:18:43:F8:49,-55,1598515891667
0,68,D0:F0:18:43:F8:2F,-86,1598515892174
1,69,D0:F0:18:43:F8:49,-57,1598515892180
0,70,D0:F0:18:43:F8:2F,-89,1598515892684
1,71,D0:F0:18:43:F8:49,-58,1598515892690
0,72,D0:F0:18:43:F8:2F,-87,1598515893193
1,73,D0:F0:18:43:F8:49,-57,1598515893199
0,74,D0:F0:18:43:F8:2F,-92,1598515894209
1,75,D0:F0:18:43:F8:49,-57,1598515894216
0,76,D0:F0:18:43:F8:2F,-91,1598515894718
1,77,D0:F0:18:43:F8:49,-56,1598515894724
0,78,D0:F0:18:43:F8:2F,-91,1598515895228
1,79,D0:F0:18:43:F8:49,-55,1598515895234
0,0,D0:F0:18:43:F8:2F,-86,1598515901836
1,1,D0:F0:18:43:F8:49,-72,1598515901839
0,2,D0:F0:18:43:F8:49,-68,1598515902345
0,3,D0:F0:18:43:F8:2F,-83,1598515902854
1,4,D0:F0:18:43:F8:49,-67,1598515902860
0,5,D0:F0:18:43:F8:49,-71,1598515903362
0,6,D0:F0:18:43:F8:49,-67,1598515903871
0,7,D0:F0:18:43:F8:2F,-82,1598515904380
1,8,D0:F0:18:43:F8:49,-66,1598515904386
0,9,D0:F0:18:43:F8:2F,-86,1598515904882
1,10,D0:F0:18:43:F8:49,-71,1598515904885
0,11,D0:F0:18:43:F8:2F,-87,1598515905901
1,12,D0:F0:18:43:F8:49,-83,1598515905909
0,13,D0:F0:18:43:F8:49,-65,1598515906408
0,14,D0:F0:18:43:F8:2F,-81,1598515906910
1,15,D0:F0:18:43:F8:49,-70,1598515906913
0,16,D0:F0:18:43:F8:2F,-89,1598515907422
1,17,D0:F0:18:43:F8:49,-82,1598515907428
0,18,D0:F0:18:43:F8:2F,-81,1598515908439
1,19,D0:F0:18:43:F8:49,-70,1598515908446
0,20,D0:F0:18:43:F8:2F,-82,1598515908950
1,21,D0:F0:18:43:F8:49,-80,1598515908958
0,22,D0:F0:18:43:F8:2F,-87,1598515909460
1,23,D0:F0:18:43:F8:49,-65,1598515909466
0,24,D0:F0:18:43:F8:49,-65,1598515909968
0,25,D0:F0:18:43:F8:2F,-82,1598515910476
1,26,D0:F0:18:43:F8:49,-71,1598515910482
0,27,D0:F0:18:43:F8:2F,-88,1598515910986
1,28,D0:F0:18:43:F8:49,-80,1598515910992
0,29,D0:F0:18:43:F8:2F,-81,1598515911494
1,30,D0:F0:18:43:F8:49,-65,1598515911500
0,31,D0:F0:18:43:F8:49,-71,1598515912004
0,32,D0:F0:18:43:F8:49,-65,1598515912510
0,33,D0:F0:18:43:F8:2F,-81,1598515913021
1,34,D0:F0:18:43:F8:49,-65,1598515913029
0,35,D0:F0:18:43:F8:2F,-89,1598515913528
1,36,D0:F0:18:43:F8:49,-85,1598515913534
0,37,D0:F0:18:43:F8:49,-65,1598515914037
0,38,D0:F0:18:43:F8:2F,-81,1598515914546
1,39,D0:F0:18:43:F8:49,-86,1598515914552
0,40,D0:F0:18:43:F8:49,-71,1598515915051
0,41,D0:F0:18:43:F8:49,-71,1598515915559
0,42,D0:F0:18:43:F8:2F,-88,1598515916069
1,43,D0:F0:18:43:F8:49,-65,1598515916076
0,44,D0:F0:18:43:F8:49,-73,1598515916577
0,45,D0:F0:18:43:F8:2F,-80,1598515917086
1,46,D0:F0:18:43:F8:49,-71,1598515917092
0,47,D0:F0:18:43:F8:49,-65,1598515917596
0,48,D0:F0:18:43:F8:49,-71,1598515918110
0,49,D0:F0:18:43:F8:2F,-87,1598515918615
1,50,D0:F0:18:43:F8:49,-90,1598515918622
0,51,D0:F0:18:43:F8:49,-71,1598515919123
0,52,D0:F0:18:43:F8:49,-73,1598515919631
0,53,D0:F0:18:43:F8:2F,-86,1598515920135
1,54,D0:F0:18:43:F8:49,-66,1598515920137
0,55,D0:F0:18:43:F8:49,-73,1598515920644
0,56,D0:F0:18:43:F8:2F,-86,1598515921153
1,57,D0:F0:18:43:F8:49,-90,1598515921159
0,58,D0:F0:18:43:F8:49,-67,1598515921660
0,59,D0:F0:18:43:F8:49,-71,1598515922675
0,60,D0:F0:18:43:F8:2F,-83,1598515923182
1,61,D0:F0:18:43:F8:49,-66,1598515923188
0,62,D0:F0:18:43:F8:2F,-87,1598515923690
1,63,D0:F0:18:43:F8:49,-66,1598515923698
0,64,D0:F0:18:43:F8:2F,-82,1598515924199
1,65,D0:F0:18:43:F8:49,-71,1598515924206
0,66,D0:F0:18:43:F8:2F,-83,1598515924709
1,67,D0:F0:18:43:F8:49,-85,1598515924717
0,68,D0:F0:18:43:F8:2F,-88,1598515925215
1,69,D0:F0:18:43:F8:49,-71,1598515925221
0,70,D0:F0:18:43:F8:2F,-82,1598515925723
1,71,D0:F0:18:43:F8:49,-71,1598515925729
0,72,D0:F0:18:43:F8:2F,-87,1598515926233
1,73,D0:F0:18:43:F8:49,-66,1598515926241
0,74,D0:F0:18:43:F8:49,-71,1598515926743
0,75,D0:F0:18:43:F8:2F,-82,1598515927251
1,76,D0:F0:18:43:F8:49,-83,1598515927260
0,77,D0:F0:18:43:F8:2F,-87,1598515927764
1,78,D0:F0:18:43:F8:49,-65,1598515927771
0,79,D0:F0:18:43:F8:49,-71,1598515928270
0,0,D0:F0:18:43:F8:49,-63,1598515936900
0,1,D0:F0:18:43:F8:2F,-86,1598515937409
1,2,D0:F0:18:43:F8:49,-63,1598515937416
0,3,D0:F0:18:43:F8:49,-60,1598515937916
0,4,D0:F0:18:43:F8:2F,-86,1598515938431
1,5,D0:F0:18:43:F8:49,-63,1598515938439
0,6,D0:F0:18:43:F8:2F,-86,1598515938944
1,7,D0:F0:18:43:F8:49,-61,1598515938953
0,8,D0:F0:18:43:F8:2F,-86,1598515939451
1,9,D0:F0:18:43:F8:49,-63,1598515939456
0,10,D0:F0:18:43:F8:2F,-86,1598515939962
1,11,D0:F0:18:43:F8:49,-63,1598515939968
0,12,D0:F0:18:43:F8:49,-60,1598515940471
0,13,D0:F0:18:43:F8:2F,-86,1598515940977
1,14,D0:F0:18:43:F8:49,-63,1598515940983
0,15,D0:F0:18:43:F8:2F,-87,1598515941487
1,16,D0:F0:18:43:F8:49,-62,1598515941493
0,17,D0:F0:18:43:F8:49,-63,1598515941994
0,18,D0:F0:18:43:F8:2F,-86,1598515942501
1,19,D0:F0:18:43:F8:49,-63,1598515942507
0,20,D0:F0:18:43:F8:49,-60,1598515943012
0,21,D0:F0:18:43:F8:49,-63,1598515943519
0,22,D0:F0:18:43:F8:2F,-86,1598515944028
1,23,D0:F0:18:43:F8:49,-63,1598515944034
0,24,D0:F0:18:43:F8:49,-63,1598515944536
0,25,D0:F0:18:43:F8:2F,-86,1598515945043
1,26,D0:F0:18:43:F8:49,-63,1598515945049
0,27,D0:F0:18:43:F8:49,-60,1598515945552
0,28,D0:F0:18:43:F8:49,-63,1598515946060
0,29,D0:F0:18:43:F8:2F,-86,1598515946567
1,30,D0:F0:18:43:F8:49,-63,1598515946572
0,31,D0:F0:18:43:F8:49,-60,1598515947075
0,32,D0:F0:18:43:F8:2F,-86,1598515947583
1,33,D0:F0:18:43:F8:49,-63,1598515947590
0,34,D0:F0:18:43:F8:49,-60,1598515948091
0,35,D0:F0:18:43:F8:49,-63,1598515948598
0,36,D0:F0:18:43:F8:2F,-86,1598515949105
1,37,D0:F0:18:43:F8:49,-60,1598515949112
0,38,D0:F0:18:43:F8:49,-63,1598515949612
0,39,D0:F0:18:43:F8:49,-63,1598515950120
0,40,D0:F0:18:43:F8:2F,-87,1598515950628
1,41,D0:F0:18:43:F8:49,-60,1598515950634
0,42,D0:F0:18:43:F8:49,-63,1598515951135
0,43,D0:F0:18:43:F8:2F,-86,1598515951643
1,44,D0:F0:18:43:F8:49,-63,1598515951649
0,45,D0:F0:18:43:F8:2F,-86,1598515952149
1,46,D0:F0:18:43:F8:49,-63,1598515952156
0,47,D0:F0:18:43:F8:2F,-86,1598515952656
1,48,D0:F0:18:43:F8:49,-63,1598515952662
0,49,D0:F0:18:43:F8:49,-60,1598515953168
0,50,D0:F0:18:43:F8:49,-63,1598515953675
0,51,D0:F0:18:43:F8:2F,-86,1598515954182
1,52,D0:F0:18:43:F8:49,-63,1598515954187
0,53,D0:F0:18:43:F8:49,-63,1598515954692
0,54,D0:F0:18:43:F8:2F,-87,1598515955194
0,55,D0:F0:18:43:F8:49,-63,1598515955705
0,56,D0:F0:18:43:F8:2F,-86,1598515956211
1,57,D0:F0:18:43:F8:49,-63,1598515956217
0,58,D0:F0:18:43:F8:2F,-86,1598515956719
1,59,D0:F0:18:43:F8:49,-60,1598515956726
0,60,D0:F0:18:43:F8:2F,-87,1598515957229
1,61,D0:F0:18:43:F8:49,-63,1598515957236
0,62,D0:F0:18:43:F8:49,-63,1598515957738
0,63,D0:F0:18:43:F8:49,-63,1598515958248
0,64,D0:F0:18:43:F8:2F,-88,1598515958757
1,65,D0:F0:18:43:F8:49,-63,1598515958764
0,66,D0:F0:18:43:F8:49,-60,1598515959263
0,67,D0:F0:18:43:F8:49,-63,1598515959770
0,68,D0:F0:18:43:F8:2F,-87,1598515960278
1,69,D0:F0:18:43:F8:49,-60,1598515960284
0,70,D0:F0:18:43:F8:49,-63,1598515960784
0,71,D0:F0:18:43:F8:2F,-86,1598515961292
1,72,D0:F0:18:43:F8:49,-60,1598515961296
0,73,D0:F0:18:43:F8:2F,-87,1598515961798
1,74,D0:F0:18:43:F8:49,-61,1598515961805
0,75,D0:F0:18:43:F8:2F,-86,1598515962305
1,76,D0:F0:18:43:F8:49,-63,1598515962311
0,77,D0:F0:18:43:F8:2F,-86,1598515962813
1,78,D0:F0:18:43:F8:49,-61,1598515962817
0,79,D0:F0:18:43:F8:49,-63,1598515963321
0,0,D0:F0:18:43:F8:49,-73,1598515972954
0,1,D0:F0:18:43:F8:2F,-91,1598515973460
1,2,D0:F0:18:43:F8:49,-74,1598515973465
0,3,D0:F0:18:43:F8:49,-72,1598515973967
0,4,D0:F0:18:43:F8:49,-71,1598515974475
0,5,D0:F0:18:43:F8:2F,-87,1598515974983
1,6,D0:F0:18:43:F8:49,-71,1598515974987
0,7,D0:F0:18:43:F8:49,-71,1598515975490
0,8,D0:F0:18:43:F8:2F,-90,1598515975997
1,9,D0:F0:18:43:F8:49,-74,1598515976004
0,10,D0:F0:18:43:F8:2F,-86,1598515976504
1,11,D0:F0:18:43:F8:49,-71,1598515976508
0,12,D0:F0:18:43:F8:49,-71,1598515977011
0,13,D0:F0:18:43:F8:2F,-86,1598515977521
1,14,D0:F0:18:43:F8:49,-74,1598515977525
0,15,D0:F0:18:43:F8:49,-71,1598515978027
0,16,D0:F0:18:43:F8:49,-74,1598515978535
0,17,D0:F0:18:43:F8:2F,-86,1598515979042
1,18,D0:F0:18:43:F8:49,-71,1598515979047
0,19,D0:F0:18:43:F8:49,-72,1598515979549
0,20,D0:F0:18:43:F8:2F,-86,1598515980054
1,21,D0:F0:18:43:F8:49,-74,1598515980057
0,22,D0:F0:18:43:F8:49,-71,1598515980563
0,23,D0:F0:18:43:F8:2F,-87,1598515981071
1,24,D0:F0:18:43:F8:49,-71,1598515981076
0,25,D0:F0:18:43:F8:49,-71,1598515981576
0,26,D0:F0:18:43:F8:49,-71,1598515982085
0,27,D0:F0:18:43:F8:2F,-86,1598515982593
1,28,D0:F0:18:43:F8:49,-74,1598515982597
0,29,D0:F0:18:43:F8:2F,-87,1598515983099
1,30,D0:F0:18:43:F8:49,-71,1598515983103
0,31,D0:F0:18:43:F8:2F,-88,1598515983607
1,32,D0:F0:18:43:F8:49,-71,1598515983611
0,33,D0:F0:18:43:F8:49,-71,1598515984112
0,34,D0:F0:18:43:F8:49,-71,1598515984617
0,35,D0:F0:18:43:F8:2F,-87,1598515985126
1,36,D0:F0:18:43:F8:49,-71,1598515985131
0,37,D0:F0:18:43:F8:2F,-87,1598515985633
1,38,D0:F0:18:43:F8:49,-72,1598515985640
0,39,D0:F0:18:43:F8:49,-72,1598515986138
0,40,D0:F0:18:43:F8:49,-71,1598515986648
0,41,D0:F0:18:43:F8:49,-71,1598515987155
0,42,D0:F0:18:43:F8:2F,-86,1598515987662
1,43,D0:F0:18:43:F8:49,-74,1598515987668
0,44,D0:F0:18:43:F8:49,-71,1598515988167
0,45,D0:F0:18:43:F8:49,-74,1598515988674
0,46,D0:F0:18:43:F8:2F,-86,1598515989180
1,47,D0:F0:18:43:F8:49,-71,1598515989184
0,48,D0:F0:18:43:F8:49,-71,1598515989686
0,49,D0:F0:18:43:F8:2F,-86,1598515990195
1,50,D0:F0:18:43:F8:49,-74,1598515990198
0,51,D0:F0:18:43:F8:49,-71,1598515990700
0,52,D0:F0:18:43:F8:49,-71,1598515991207
0,53,D0:F0:18:43:F8:49,-71,1598515991713
0,54,D0:F0:18:43:F8:2F,-93,1598515992220
1,55,D0:F0:18:43:F8:49,-71,1598515992227
0,56,D0:F0:18:43:F8:49,-74,1598515992726
0,57,D0:F0:18:43:F8:49,-71,1598515993232
0,58,D0:F0:18:43:F8:2F,-86,1598515993740
1,59,D0:F0:18:43:F8:49,-71,1598515993743
0,60,D0:F0:18:43:F8:49,-71,1598515994246
0,61,D0:F0:18:43:F8:2F,-86,1598515995257
1,62,D0:F0:18:43:F8:49,-71,1598515995261
0,63,D0:F0:18:43:F8:49,-71,1598515995763
0,64,D0:F0:18:43:F8:2F,-89,1598515996267
0,65,D0:F0:18:43:F8:2F,-89,1598515996774
1,66,D0:F0:18:43:F8:49,-71,1598515996777
0,67,D0:F0:18:43:F8:2F,-86,1598515997279
1,68,D0:F0:18:43:F8:49,-71,1598515997283
0,69,D0:F0:18:43:F8:2F,-93,1598515997786
1,70,D0:F0:18:43:F8:49,-74,1598515997789
0,71,D0:F0:18:43:F8:2F,-89,1598515998292
1,72,D0:F0:18:43:F8:49,-71,1598515998296
0,73,D0:F0:18:43:F8:2F,-89,1598515998798
1,74,D0:F0:18:43:F8:49,-75,1598515998801
0,75,D0:F0:18:43:F8:49,-72,1598515999304
0,76,D0:F0:18:43:F8:2F,-89,1598515999810
1,77,D0:F0:18:43:F8:49,-74,1598515999813
0,78,D0:F0:18:43:F8:49,-73,1598516000315
0,79,D0:F0:18:43:F8:49,-74,1598516000820
0,0,D0:F0:18:43:F8:2F,-85,1598516007907
1,1,D0:F0:18:43:F8:49,-73,1598516007909
0,2,D0:F0:18:43:F8:49,-73,1598516008414
0,3,D0:F0:18:43:F8:49,-72,1598516008922
0,4,D0:F0:18:43:F8:49,-77,1598516009427
0,5,D0:F0:18:43:F8:49,-73,1598516009933
0,6,D0:F0:18:43:F8:49,-72,1598516010441
0,7,D0:F0:18:43:F8:49,-73,1598516010947
0,8,D0:F0:18:43:F8:2F,-92,1598516011453
1,9,D0:F0:18:43:F8:49,-73,1598516011457
0,10,D0:F0:18:43:F8:2F,-89,1598516011959
1,11,D0:F0:18:43:F8:49,-75,1598516011965
0,12,D0:F0:18:43:F8:2F,-89,1598516012466
1,13,D0:F0:18:43:F8:49,-73,1598516012469
0,14,D0:F0:18:43:F8:2F,-89,1598516012972
1,15,D0:F0:18:43:F8:49,-72,1598516012976
0,16,D0:F0:18:43:F8:2F,-88,1598516013479
1,17,D0:F0:18:43:F8:49,-75,1598516013483
0,18,D0:F0:18:43:F8:2F,-89,1598516013986
1,19,D0:F0:18:43:F8:49,-73,1598516013989
0,20,D0:F0:18:43:F8:2F,-87,1598516014492
0,21,D0:F0:18:43:F8:2F,-92,1598516014998
1,22,D0:F0:18:43:F8:49,-72,1598516015001
0,23,D0:F0:18:43:F8:2F,-87,1598516016010
1,24,D0:F0:18:43:F8:49,-73,1598516016014
0,25,D0:F0:18:43:F8:49,-72,1598516016515
0,26,D0:F0:18:43:F8:2F,-87,1598516017021
1,27,D0:F0:18:43:F8:49,-76,1598516017025
0,28,D0:F0:18:43:F8:49,-72,1598516017526
0,29,D0:F0:18:43:F8:2F,-89,1598516018032
1,30,D0:F0:18:43:F8:49,-72,1598516018036
0,31,D0:F0:18:43:F8:2F,-87,1598516018539
1,32,D0:F0:18:43:F8:49,-74,1598516018542
0,33,D0:F0:18:43:F8:49,-72,1598516019047
0,34,D0:F0:18:43:F8:49,-76,1598516019556
0,35,D0:F0:18:43:F8:2F,-87,1598516020062
1,36,D0:F0:18:43:F8:49,-74,1598516020066
0,37,D0:F0:18:43:F8:2F,-89,1598516020568
1,38,D0:F0:18:43:F8:49,-72,1598516020571
0,39,D0:F0:18:43:F8:2F,-88,1598516021075
1,40,D0:F0:18:43:F8:49,-73,1598516021080
0,41,D0:F0:18:43:F8:2F,-88,1598516022084
1,42,D0:F0:18:43:F8:49,-76,1598516022088
0,43,D0:F0:18:43:F8:2F,-91,1598516022590
1,44,D0:F0:18:43:F8:49,-73,1598516022595
0,45,D0:F0:18:43:F8:49,-72,1598516023096
0,46,D0:F0:18:43:F8:2F,-88,1598516023603
1,47,D0:F0:18:43:F8:49,-76,1598516023607
0,48,D0:F0:18:43:F8:49,-73,1598516024109
0,49,D0:F0:18:43:F8:2F,-87,1598516024616
1,50,D0:F0:18:43:F8:49,-72,1598516024620
0,51,D0:F0:18:43:F8:2F,-92,1598516025120
1,52,D0:F0:18:43:F8:49,-74,1598516025125
0,53,D0:F0:18:43:F8:49,-76,1598516025626
0,54,D0:F0:18:43:F8:2F,-87,1598516026131
1,55,D0:F0:18:43:F8:49,-74,1598516026135
0,56,D0:F0:18:43:F8:49,-72,1598516026637
0,57,D0:F0:18:43:F8:49,-76,1598516027141
0,58,D0:F0:18:43:F8:2F,-90,1598516027647
1,59,D0:F0:18:43:F8:49,-72,1598516027650
0,60,D0:F0:18:43:F8:2F,-87,1598516028153
1,61,D0:F0:18:43:F8:49,-72,1598516028156
0,62,D0:F0:18:43:F8:49,-73,1598516028658
0,63,D0:F0:18:43:F8:49,-72,1598516029164
0,64,D0:F0:18:43:F8:2F,-88,1598516029670
1,65,D0:F0:18:43:F8:49,-76,1598516029673
0,66,D0:F0:18:43:F8:2F,-92,1598516030182
1,67,D0:F0:18:43:F8:49,-73,1598516030185
0,68,D0:F0:18:43:F8:49,-72,1598516030688
0,69,D0:F0:18:43:F8:49,-73,1598516031193
0,70,D0:F0:18:43:F8:2F,-88,1598516032203
1,71,D0:F0:18:43:F8:49,-76,1598516032206
0,72,D0:F0:18:43:F8:49,-73,1598516032708
0,73,D0:F0:18:43:F8:49,-72,1598516033214
0,74,D0:F0:18:43:F8:2F,-88,1598516033720
1,75,D0:F0:18:43:F8:49,-76,1598516033723
0,76,D0:F0:18:43:F8:49,-76,1598516034226
0,77,D0:F0:18:43:F8:2F,-88,1598516034732
0,78,D0:F0:18:43:F8:49,-72,1598516035237
0,79,D0:F0:18:43:F8:2F,-90,1598516035745
0,0,D0:F0:18:43:F8:49,-87,1598516040289
0,1,D0:F0:18:43:F8:2F,-89,1598516040796
1,2,D0:F0:18:43:F8:49,-89,1598516040798
0,3,D0:F0:18:43:F8:2F,-89,1598516041301
1,4,D0:F0:18:43:F8:49,-79,1598516041303
0,5,D0:F0:18:43:F8:49,-85,1598516041807
0,6,D0:F0:18:43:F8:2F,-90,1598516042313
1,7,D0:F0:18:43:F8:49,-78,1598516042316
0,8,D0:F0:18:43:F8:2F,-90,1598516042819
1,9,D0:F0:18:43:F8:49,-85,1598516042821
0,10,D0:F0:18:43:F8:2F,-90,1598516043325
1,11,D0:F0:18:43:F8:49,-78,1598516043327
0,12,D0:F0:18:43:F8:2F,-89,1598516043830
1,13,D0:F0:18:43:F8:49,-90,1598516043833
0,14,D0:F0:18:43:F8:49,-78,1598516044336
0,15,D0:F0:18:43:F8:49,-78,1598516044841
0,16,D0:F0:18:43:F8:49,-89,1598516045349
0,17,D0:F0:18:43:F8:49,-78,1598516045852
0,18,D0:F0:18:43:F8:49,-91,1598516046358
0,19,D0:F0:18:43:F8:2F,-89,1598516046863
1,20,D0:F0:18:43:F8:49,-77,1598516046866
0,21,D0:F0:18:43:F8:2F,-90,1598516047369
1,22,D0:F0:18:43:F8:49,-77,1598516047372
0,23,D0:F0:18:43:F8:49,-89,1598516047874
0,24,D0:F0:18:43:F8:2F,-89,1598516048380
1,25,D0:F0:18:43:F8:49,-77,1598516048383
0,26,D0:F0:18:43:F8:2F,-89,1598516048887
1,27,D0:F0:18:43:F8:49,-77,1598516048889
0,28,D0:F0:18:43:F8:49,-89,1598516049394
0,29,D0:F0:18:43:F8:2F,-89,1598516049899
0,30,D0:F0:18:43:F8:49,-77,1598516050405
0,31,D0:F0:18:43:F8:2F,-90,1598516050910
1,32,D0:F0:18:43:F8:49,-78,1598516050912
0,33,D0:F0:18:43:F8:2F,-90,1598516051416
1,34,D0:F0:18:43:F8:49,-89,1598516051419
0,35,D0:F0:18:43:F8:49,-91,1598516051921
0,36,D0:F0:18:43:F8:2F,-90,1598516052427
1,37,D0:F0:18:43:F8:49,-89,1598516052429
0,38,D0:F0:18:43:F8:2F,-90,1598516053438
1,39,D0:F0:18:43:F8:49,-78,1598516053441
0,40,D0:F0:18:43:F8:49,-78,1598516053943
0,41,D0:F0:18:43:F8:2F,-90,1598516054449
1,42,D0:F0:18:43:F8:49,-90,1598516054454
0,43,D0:F0:18:43:F8:49,-91,1598516055467
0,44,D0:F0:18:43:F8:49,-89,1598516055972
0,45,D0:F0:18:43:F8:2F,-90,1598516056981
0,46,D0:F0:18:43:F8:49,-91,1598516057486
0,47,D0:F0:18:43:F8:2F,-90,1598516058495
1,48,D0:F0:18:43:F8:49,-89,1598516058498
0,49,D0:F0:18:43:F8:49,-78,1598516059001
0,50,D0:F0:18:43:F8:49,-91,1598516059507
0,51,D0:F0:18:43:F8:2F,-90,1598516060012
1,52,D0:F0:18:43:F8:49,-89,1598516060016
0,53,D0:F0:18:43:F8:49,-78,1598516060517
0,54,D0:F0:18:43:F8:2F,-90,1598516061023
1,55,D0:F0:18:43:F8:49,-89,1598516061025
0,56,D0:F0:18:43:F8:2F,-90,1598516061529
1,57,D0:F0:18:43:F8:49,-89,1598516061532
0,58,D0:F0:18:43:F8:49,-78,1598516062035
0,59,D0:F0:18:43:F8:49,-89,1598516062540
0,60,D0:F0:18:43:F8:49,-78,1598516063046
0,61,D0:F0:18:43:F8:2F,-90,1598516063551
0,62,D0:F0:18:43:F8:2F,-90,1598516064562
1,63,D0:F0:18:43:F8:49,-89,1598516064564
0,64,D0:F0:18:43:F8:49,-78,1598516065067
0,65,D0:F0:18:43:F8:49,-91,1598516065573
0,66,D0:F0:18:43:F8:2F,-90,1598516066079
1,67,D0:F0:18:43:F8:49,-89,1598516066081
0,68,D0:F0:18:43:F8:49,-78,1598516066584
0,69,D0:F0:18:43:F8:49,-91,1598516067089
0,70,D0:F0:18:43:F8:49,-78,1598516067594
0,71,D0:F0:18:43:F8:49,-78,1598516068099
0,72,D0:F0:18:43:F8:49,-78,1598516069110
0,73,D0:F0:18:43:F8:2F,-90,1598516069615
0,74,D0:F0:18:43:F8:49,-77,1598516070119
0,75,D0:F0:18:43:F8:49,-77,1598516070625
0,76,D0:F0:18:43:F8:49,-78,1598516071129
0,77,D0:F0:18:43:F8:49,-78,1598516071636
0,78,D0:F0:18:43:F8:49,-88,1598516072141
0,79,D0:F0:18:43:F8:49,-78,1598516072645
0,0,D0:F0:18:43:F8:2F,-88,1598516086289
1,1,D0:F0:18:43:F8:49,-80,1598516086290
0,2,D0:F0:18:43:F8:49,-80,1598516087804
0,3,D0:F0:18:43:F8:49,-82,1598516088309
0,4,D0:F0:18:43:F8:49,-75,1598516088815
0,5,D0:F0:18:43:F8:49,-76,1598516089320
0,6,D0:F0:18:43:F8:49,-79,1598516089825
0,7,D0:F0:18:43:F8:49,-84,1598516090330
0,8,D0:F0:18:43:F8:49,-75,1598516090835
0,9,D0:F0:18:43:F8:49,-81,1598516091340
0,10,D0:F0:18:43:F8:49,-76,1598516091845
0,11,D0:F0:18:43:F8:49,-80,1598516092351
0,12,D0:F0:18:43:F8:2F,-88,1598516092856
1,13,D0:F0:18:43:F8:49,-85,1598516092858
0,14,D0:F0:18:43:F8:49,-77,1598516093361
0,15,D0:F0:18:43:F8:49,-79,1598516093866
0,16,D0:F0:18:43:F8:49,-76,1598516094372
0,17,D0:F0:18:43:F8:49,-77,1598516094878
0,18,D0:F0:18:43:F8:49,-78,1598516095890
0,19,D0:F0:18:43:F8:49,-82,1598516096395
0,20,D0:F0:18:43:F8:49,-76,1598516096901
0,21,D0:F0:18:43:F8:49,-79,1598516097406
0,22,D0:F0:18:43:F8:2F,-89,1598516097911
1,23,D0:F0:18:43:F8:49,-76,1598516097914
0,24,D0:F0:18:43:F8:49,-81,1598516098922
0,25,D0:F0:18:43:F8:49,-75,1598516099428
0,26,D0:F0:18:43:F8:49,-79,1598516099933
0,27,D0:F0:18:43:F8:2F,-89,1598516100439
1,28,D0:F0:18:43:F8:49,-80,1598516100441
0,29,D0:F0:18:43:F8:49,-74,1598516100944
0,30,D0:F0:18:43:F8:49,-78,1598516101450
0,31,D0:F0:18:43:F8:49,-75,1598516101955
0,32,D0:F0:18:43:F8:49,-75,1598516102461
0,33,D0:F0:18:43:F8:49,-76,1598516102967
0,34,D0:F0:18:43:F8:49,-76,1598516103472
0,35,D0:F0:18:43:F8:49,-84,1598516103978
0,36,D0:F0:18:43:F8:49,-79,1598516104483
0,37,D0:F0:18:43:F8:49,-77,1598516104989
0,38,D0:F0:18:43:F8:2F,-89,1598516105492
1,39,D0:F0:18:43:F8:49,-74,1598516105494
0,40,D0:F0:18:43:F8:49,-79,1598516105998
0,41,D0:F0:18:43:F8:49,-76,1598516107009
0,42,D0:F0:18:43:F8:49,-79,1598516107515
0,43,D0:F0:18:43:F8:49,-82,1598516108021
0,44,D0:F0:18:43:F8:49,-79,1598516108526
0,45,D0:F0:18:43:F8:49,-82,1598516109031
0,46,D0:F0:18:43:F8:49,-76,1598516109537
0,47,D0:F0:18:43:F8:49,-79,1598516110042
0,48,D0:F0:18:43:F8:49,-81,1598516110547
0,49,D0:F0:18:43:F8:49,-81,1598516111052
0,50,D0:F0:18:43:F8:49,-79,1598516111557
0,51,D0:F0:18:43:F8:49,-79,1598516112062
0,52,D0:F0:18:43:F8:49,-75,1598516113075
0,53,D0:F0:18:43:F8:49,-79,1598516113580
0,54,D0:F0:18:43:F8:49,-78,1598516114085
0,55,D0:F0:18:43:F8:49,-78,1598516114590
0,56,D0:F0:18:43:F8:49,-78,1598516115096
0,57,D0:F0:18:43:F8:49,-75,1598516115601
0,58,D0:F0:18:43:F8:49,-78,1598516116107
0,59,D0:F0:18:43:F8:49,-75,1598516116612
0,60,D0:F0:18:43:F8:49,-75,1598516117117
0,61,D0:F0:18:43:F8:49,-79,1598516117622
0,62,D0:F0:18:43:F8:49,-80,1598516118127
0,63,D0:F0:18:43:F8:49,-79,1598516118632
0,64,D0:F0:18:43:F8:49,-78,1598516119137
0,65,D0:F0:18:43:F8:49,-76,1598516119643
0,66,D0:F0:18:43:F8:49,-83,1598516120654
0,67,D0:F0:18:43:F8:49,-83,1598516121159
0,68,D0:F0:18:43:F8:49,-77,1598516122169
0,69,D0:F0:18:43:F8:49,-82,1598516122674
0,70,D0:F0:18:43:F8:2F,-90,1598516123685
1,71,D0:F0:18:43:F8:49,-79,1598516123687
0,72,D0:F0:18:43:F8:2F,-90,1598516124191
1,73,D0:F0:18:43:F8:49,-84,1598516124192
0,74,D0:F0:18:43:F8:49,-75,1598516124696
0,75,D0:F0:18:43:F8:2F,-89,1598516125202
1,76,D0:F0:18:43:F8:49,-84,1598516125204
0,77,D0:F0:18:43:F8:49,-76,1598516125707
0,78,D0:F0:18:43:F8:49,-79,1598516126212
0,79,D0:F0:18:43:F8:49,-85,1598516126717
0,0,D0:F0:18:43:F8:49,-76,1598516133996
0,1,D0:F0:18:43:F8:2F,-91,1598516134502
1,2,D0:F0:18:43:F8:49,-75,1598516134504
0,3,D0:F0:18:43:F8:49,-77,1598516135007
0,4,D0:F0:18:43:F8:49,-76,1598516135512
0,5,D0:F0:18:43:F8:49,-76,1598516136017
0,6,D0:F0:18:43:F8:49,-75,1598516136523
0,7,D0:F0:18:43:F8:49,-76,1598516137029
0,8,D0:F0:18:43:F8:49,-76,1598516137535
0,9,D0:F0:18:43:F8:2F,-89,1598516138039
1,10,D0:F0:18:43:F8:49,-75,1598516138042
0,11,D0:F0:18:43:F8:49,-77,1598516138544
0,12,D0:F0:18:43:F8:49,-76,1598516139049
0,13,D0:F0:18:43:F8:49,-76,1598516139554
0,14,D0:F0:18:43:F8:49,-77,1598516140060
0,15,D0:F0:18:43:F8:49,-77,1598516140565
0,16,D0:F0:18:43:F8:2F,-89,1598516141069
1,17,D0:F0:18:43:F8:49,-76,1598516141071
0,18,D0:F0:18:43:F8:49,-77,1598516141576
0,19,D0:F0:18:43:F8:49,-76,1598516142081
0,20,D0:F0:18:43:F8:2F,-89,1598516143090
1,21,D0:F0:18:43:F8:49,-76,1598516143092
0,22,D0:F0:18:43:F8:49,-77,1598516143594
0,23,D0:F0:18:43:F8:49,-76,1598516144099
0,24,D0:F0:18:43:F8:49,-76,1598516144605
0,25,D0:F0:18:43:F8:49,-76,1598516145110
0,26,D0:F0:18:43:F8:2F,-89,1598516145616
1,27,D0:F0:18:43:F8:49,-76,1598516145617
0,28,D0:F0:18:43:F8:49,-77,1598516146121
0,29,D0:F0:18:43:F8:49,-76,1598516146626
0,30,D0:F0:18:43:F8:2F,-89,1598516147131
1,31,D0:F0:18:43:F8:49,-76,1598516147133
0,32,D0:F0:18:43:F8:2F,-89,1598516148135
1,33,D0:F0:18:43:F8:49,-77,1598516148137
0,34,D0:F0:18:43:F8:2F,-89,1598516148641
1,35,D0:F0:18:43:F8:49,-76,1598516148643
0,36,D0:F0:18:43:F8:49,-76,1598516149146
0,37,D0:F0:18:43:F8:2F,-89,1598516149652
1,38,D0:F0:18:43:F8:49,-77,1598516149654
0,39,D0:F0:18:43:F8:49,-76,1598516150158
0,40,D0:F0:18:43:F8:2F,-89,1598516150663
1,41,D0:F0:18:43:F8:49,-77,1598516150665
0,42,D0:F0:18:43:F8:49,-77,1598516151168
0,43,D0:F0:18:43:F8:49,-76,1598516151674
0,44,D0:F0:18:43:F8:49,-76,1598516152178
0,45,D0:F0:18:43:F8:49,-75,1598516152683
0,46,D0:F0:18:43:F8:49,-77,1598516153188
0,47,D0:F0:18:43:F8:49,-76,1598516153694
0,48,D0:F0:18:43:F8:49,-77,1598516154704
0,49,D0:F0:18:43:F8:49,-76,1598516155209
0,50,D0:F0:18:43:F8:49,-77,1598516155715
0,51,D0:F0:18:43:F8:49,-76,1598516156220
0,52,D0:F0:18:43:F8:49,-76,1598516156725
0,53,D0:F0:18:43:F8:49,-77,1598516157230
0,54,D0:F0:18:43:F8:49,-76,1598516157736
0,55,D0:F0:18:43:F8:49,-77,1598516158241
0,56,D0:F0:18:43:F8:49,-77,1598516158747
0,57,D0:F0:18:43:F8:49,-76,1598516159252
0,58,D0:F0:18:43:F8:49,-77,1598516161777
0,59,D0:F0:18:43:F8:49,-77,1598516162282
0,60,D0:F0:18:43:F8:49,-77,1598516162787
0,61,D0:F0:18:43:F8:49,-77,1598516163293
0,62,D0:F0:18:43:F8:49,-77,1598516163798
0,63,D0:F0:18:43:F8:49,-76,1598516164303
0,64,D0:F0:18:43:F8:49,-77,1598516164809
0,65,D0:F0:18:43:F8:49,-77,1598516165315
0,66,D0:F0:18:43:F8:49,-77,1598516165820
0,67,D0:F0:18:43:F8:49,-77,1598516166325
0,68,D0:F0:18:43:F8:49,-76,1598516166830
0,69,D0:F0:18:43:F8:49,-77,1598516167335
0,70,D0:F0:18:43:F8:49,-77,1598516167840
0,71,D0:F0:18:43:F8:49,-77,1598516168345
0,72,D0:F0:18:43:F8:49,-77,1598516169355
0,73,D0:F0:18:43:F8:49,-77,1598516170365
0,74,D0:F0:18:43:F8:49,-77,1598516170870
0,75,D0:F0:18:43:F8:49,-77,1598516171376
0,76,D0:F0:18:43:F8:49,-77,1598516171881
0,77,D0:F0:18:43:F8:49,-77,1598516172395
0,78,D0:F0:18:43:F8:49,-76,1598516172900
0,79,D0:F0:18:43:F8:49,-77,1598516173405
0,0,D0:F0:18:43:F8:49,-77,1598516180476
0,1,D0:F0:18:43:F8:2F,-90,1598516180982
1,2,D0:F0:18:43:F8:49,-81,1598516180983
0,3,D0:F0:18:43:F8:49,-80,1598516181488
0,4,D0:F0:18:43:F8:2F,-86,1598516181993
1,5,D0:F0:18:43:F8:49,-77,1598516181995
0,6,D0:F0:18:43:F8:49,-81,1598516182499
0,7,D0:F0:18:43:F8:2F,-91,1598516183004
0,8,D0:F0:18:43:F8:49,-79,1598516183510
0,9,D0:F0:18:43:F8:2F,-91,1598516184015
0,10,D0:F0:18:43:F8:49,-79,1598516184520
0,11,D0:F0:18:43:F8:2F,-86,1598516185026
1,12,D0:F0:18:43:F8:49,-79,1598516185027
0,13,D0:F0:18:43:F8:2F,-91,1598516185532
0,14,D0:F0:18:43:F8:49,-84,1598516186037
0,15,D0:F0:18:43:F8:2F,-92,1598516186542
1,16,D0:F0:18:43:F8:49,-79,1598516186544
0,17,D0:F0:18:43:F8:2F,-93,1598516187048
1,18,D0:F0:18:43:F8:49,-82,1598516187049
0,19,D0:F0:18:43:F8:2F,-85,1598516187553
1,20,D0:F0:18:43:F8:49,-82,1598516187555
0,21,D0:F0:18:43:F8:49,-79,1598516188059
0,22,D0:F0:18:43:F8:49,-82,1598516188566
0,23,D0:F0:18:43:F8:2F,-86,1598516189070
1,24,D0:F0:18:43:F8:49,-79,1598516189072
0,25,D0:F0:18:43:F8:2F,-92,1598516189575
1,26,D0:F0:18:43:F8:49,-82,1598516189577
0,27,D0:F0:18:43:F8:2F,-85,1598516190080
1,28,D0:F0:18:43:F8:49,-82,1598516190082
0,29,D0:F0:18:43:F8:49,-78,1598516190585
0,30,D0:F0:18:43:F8:49,-82,1598516191091
0,31,D0:F0:18:43:F8:2F,-85,1598516191596
1,32,D0:F0:18:43:F8:49,-82,1598516191598
0,33,D0:F0:18:43:F8:2F,-85,1598516192101
1,34,D0:F0:18:43:F8:49,-82,1598516192103
0,35,D0:F0:18:43:F8:49,-79,1598516192606
0,36,D0:F0:18:43:F8:2F,-85,1598516193111
1,37,D0:F0:18:43:F8:49,-82,1598516193113
0,38,D0:F0:18:43:F8:49,-82,1598516193616
0,39,D0:F0:18:43:F8:2F,-85,1598516194121
1,40,D0:F0:18:43:F8:49,-79,1598516194123
0,41,D0:F0:18:43:F8:2F,-84,1598516194627
1,42,D0:F0:18:43:F8:49,-81,1598516194629
0,43,D0:F0:18:43:F8:49,-79,1598516195132
0,44,D0:F0:18:43:F8:2F,-86,1598516195637
0,45,D0:F0:18:43:F8:49,-83,1598516196142
0,46,D0:F0:18:43:F8:2F,-85,1598516196646
1,47,D0:F0:18:43:F8:49,-82,1598516196648
0,48,D0:F0:18:43:F8:2F,-85,1598516197151
1,49,D0:F0:18:43:F8:49,-84,1598516197153
0,50,D0:F0:18:43:F8:2F,-92,1598516197658
1,51,D0:F0:18:43:F8:49,-79,1598516197659
0,52,D0:F0:18:43:F8:2F,-85,1598516198164
1,53,D0:F0:18:43:F8:49,-82,1598516198165
0,54,D0:F0:18:43:F8:2F,-85,1598516198670
1,55,D0:F0:18:43:F8:49,-83,1598516198671
0,56,D0:F0:18:43:F8:49,-81,1598516199176
0,57,D0:F0:18:43:F8:49,-81,1598516199681
0,58,D0:F0:18:43:F8:2F,-85,1598516200187
1,59,D0:F0:18:43:F8:49,-79,1598516200188
0,60,D0:F0:18:43:F8:2F,-90,1598516200692
1,61,D0:F0:18:43:F8:49,-81,1598516200694
0,62,D0:F0:18:43:F8:49,-82,1598516201198
0,63,D0:F0:18:43:F8:2F,-85,1598516201703
1,64,D0:F0:18:43:F8:49,-83,1598516201705
0,65,D0:F0:18:43:F8:49,-81,1598516202714
0,66,D0:F0:18:43:F8:2F,-90,1598516203220
1,67,D0:F0:18:43:F8:49,-83,1598516203221
0,68,D0:F0:18:43:F8:49,-79,1598516203725
0,69,D0:F0:18:43:F8:2F,-86,1598516204231
1,70,D0:F0:18:43:F8:49,-81,1598516204233
0,71,D0:F0:18:43:F8:49,-82,1598516204736
0,72,D0:F0:18:43:F8:2F,-86,1598516205242
1,73,D0:F0:18:43:F8:49,-79,1598516205243
0,74,D0:F0:18:43:F8:49,-83,1598516205747
0,75,D0:F0:18:43:F8:2F,-90,1598516206252
1,76,D0:F0:18:43:F8:49,-83,1598516206254
0,77,D0:F0:18:43:F8:2F,-86,1598516206757
1,78,D0:F0:18:43:F8:49,-80,1598516206759
0,79,D0:F0:18:43:F8:49,-83,1598516207264
0,0,D0:F0:18:43:F8:49,-74,1598516212815
0,1,D0:F0:18:43:F8:49,-86,1598516213321
0,2,D0:F0:18:43:F8:49,-80,1598516213826
0,3,D0:F0:18:43:F8:2F,-87,1598516214333
1,4,D0:F0:18:43:F8:49,-81,1598516214335
0,5,D0:F0:18:43:F8:49,-74,1598516214838
0,6,D0:F0:18:43:F8:2F,-89,1598516215344
1,7,D0:F0:18:43:F8:49,-74,1598516215346
0,8,D0:F0:18:43:F8:2F,-88,1598516215849
1,9,D0:F0:18:43:F8:49,-73,1598516215851
0,10,D0:F0:18:43:F8:49,-73,1598516216356
0,11,D0:F0:18:43:F8:2F,-87,1598516216861
1,12,D0:F0:18:43:F8:49,-77,1598516216863
0,13,D0:F0:18:43:F8:49,-73,1598516217366
0,14,D0:F0:18:43:F8:2F,-88,1598516217872
1,15,D0:F0:18:43:F8:49,-74,1598516217874
0,16,D0:F0:18:43:F8:2F,-87,1598516218378
1,17,D0:F0:18:43:F8:49,-77,1598516218379
0,18,D0:F0:18:43:F8:49,-73,1598516218883
0,19,D0:F0:18:43:F8:2F,-88,1598516219386
1,20,D0:F0:18:43:F8:49,-77,1598516219387
0,21,D0:F0:18:43:F8:49,-73,1598516219889
0,22,D0:F0:18:43:F8:49,-73,1598516220393
0,23,D0:F0:18:43:F8:49,-74,1598516221404
0,24,D0:F0:18:43:F8:2F,-88,1598516221909
1,25,D0:F0:18:43:F8:49,-77,1598516221911
0,26,D0:F0:18:43:F8:49,-74,1598516222414
0,27,D0:F0:18:43:F8:2F,-89,1598516222919
1,28,D0:F0:18:43:F8:49,-74,1598516222921
0,29,D0:F0:18:43:F8:2F,-87,1598516223426
1,30,D0:F0:18:43:F8:49,-73,1598516223427
0,31,D0:F0:18:43:F8:49,-78,1598516224434
0,32,D0:F0:18:43:F8:49,-73,1598516224939
0,33,D0:F0:18:43:F8:2F,-86,1598516225444
1,34,D0:F0:18:43:F8:49,-74,1598516225445
0,35,D0:F0:18:43:F8:49,-73,1598516225949
0,36,D0:F0:18:43:F8:49,-73,1598516226454
0,37,D0:F0:18:43:F8:2F,-86,1598516226959
1,38,D0:F0:18:43:F8:49,-78,1598516226961
0,39,D0:F0:18:43:F8:49,-73,1598516227464
0,40,D0:F0:18:43:F8:49,-74,1598516227970
0,41,D0:F0:18:43:F8:2F,-93,1598516228475
1,42,D0:F0:18:43:F8:49,-78,1598516228476
0,43,D0:F0:18:43:F8:49,-73,1598516228980
0,44,D0:F0:18:43:F8:49,-74,1598516229484
0,45,D0:F0:18:43:F8:49,-74,1598516229990
0,46,D0:F0:18:43:F8:49,-74,1598516230495
0,47,D0:F0:18:43:F8:49,-74,1598516231506
0,48,D0:F0:18:43:F8:2F,-88,1598516232011
1,49,D0:F0:18:43:F8:49,-78,1598516232012
0,50,D0:F0:18:43:F8:49,-74,1598516232516
0,51,D0:F0:18:43:F8:2F,-88,1598516233023
1,52,D0:F0:18:43:F8:49,-74,1598516233025
0,53,D0:F0:18:43:F8:2F,-86,1598516233528
1,54,D0:F0:18:43:F8:49,-73,1598516233529
0,55,D0:F0:18:43:F8:49,-74,1598516234033
0,56,D0:F0:18:43:F8:2F,-86,1598516234539
1,57,D0:F0:18:43:F8:49,-77,1598516234540
0,58,D0:F0:18:43:F8:49,-73,1598516235044
0,59,D0:F0:18:43:F8:2F,-88,1598516235552
1,60,D0:F0:18:43:F8:49,-74,1598516235554
0,61,D0:F0:18:43:F8:49,-78,1598516236055
0,62,D0:F0:18:43:F8:49,-74,1598516236560
0,63,D0:F0:18:43:F8:49,-78,1598516237065
0,64,D0:F0:18:43:F8:49,-74,1598516237570
0,65,D0:F0:18:43:F8:2F,-90,1598516238075
0,66,D0:F0:18:43:F8:2F,-88,1598516238579
1,67,D0:F0:18:43:F8:49,-73,1598516238580
0,68,D0:F0:18:43:F8:49,-74,1598516239085
0,69,D0:F0:18:43:F8:2F,-88,1598516239590
1,70,D0:F0:18:43:F8:49,-77,1598516239592
0,71,D0:F0:18:43:F8:49,-74,1598516240095
0,72,D0:F0:18:43:F8:49,-74,1598516240601
0,73,D0:F0:18:43:F8:2F,-88,1598516241106
1,74,D0:F0:18:43:F8:49,-73,1598516241108
0,75,D0:F0:18:43:F8:49,-74,1598516241613
0,76,D0:F0:18:43:F8:2F,-89,1598516242118
1,77,D0:F0:18:43:F8:49,-78,1598516242120
0,78,D0:F0:18:43:F8:49,-74,1598516242623
0,79,D0:F0:18:43:F8:49,-74,1598516243128
0,0,D0:F0:18:43:F8:2F,-82,1598516251227
1,1,D0:F0:18:43:F8:49,-74,1598516251228
0,2,D0:F0:18:43:F8:2F,-78,1598516251726
1,3,D0:F0:18:43:F8:49,-74,1598516251728
0,4,D0:F0:18:43:F8:2F,-85,1598516252231
1,5,D0:F0:18:43:F8:49,-72,1598516252233
0,6,D0:F0:18:43:F8:2F,-87,1598516252737
1,7,D0:F0:18:43:F8:49,-73,1598516252738
0,8,D0:F0:18:43:F8:2F,-79,1598516253243
1,9,D0:F0:18:43:F8:49,-74,1598516253245
0,10,D0:F0:18:43:F8:2F,-83,1598516253749
1,11,D0:F0:18:43:F8:49,-72,1598516253750
0,12,D0:F0:18:43:F8:2F,-79,1598516254254
1,13,D0:F0:18:43:F8:49,-73,1598516254256
0,14,D0:F0:18:43:F8:2F,-79,1598516254759
1,15,D0:F0:18:43:F8:49,-72,1598516254760
0,16,D0:F0:18:43:F8:2F,-83,1598516255265
1,17,D0:F0:18:43:F8:49,-73,1598516255266
0,18,D0:F0:18:43:F8:49,-74,1598516255770
0,19,D0:F0:18:43:F8:2F,-85,1598516256276
1,20,D0:F0:18:43:F8:49,-72,1598516256277
0,21,D0:F0:18:43:F8:2F,-79,1598516256782
1,22,D0:F0:18:43:F8:49,-74,1598516256783
0,23,D0:F0:18:43:F8:49,-74,1598516257288
0,24,D0:F0:18:43:F8:2F,-82,1598516257793
1,25,D0:F0:18:43:F8:49,-73,1598516257795
0,26,D0:F0:18:43:F8:2F,-79,1598516258803
1,27,D0:F0:18:43:F8:49,-73,1598516258805
0,28,D0:F0:18:43:F8:49,-74,1598516259309
0,29,D0:F0:18:43:F8:2F,-79,1598516259815
1,30,D0:F0:18:43:F8:49,-72,1598516259816
0,31,D0:F0:18:43:F8:2F,-85,1598516260319
1,32,D0:F0:18:43:F8:49,-73,1598516260321
0,33,D0:F0:18:43:F8:2F,-84,1598516260826
1,34,D0:F0:18:43:F8:49,-72,1598516260828
0,35,D0:F0:18:43:F8:2F,-83,1598516261332
1,36,D0:F0:18:43:F8:49,-73,1598516261334
0,37,D0:F0:18:43:F8:2F,-79,1598516261838
1,38,D0:F0:18:43:F8:49,-74,1598516261839
0,39,D0:F0:18:43:F8:2F,-84,1598516262343
1,40,D0:F0:18:43:F8:49,-73,1598516262345
0,41,D0:F0:18:43:F8:2F,-85,1598516262849
1,42,D0:F0:18:43:F8:49,-73,1598516262851
0,43,D0:F0:18:43:F8:2F,-79,1598516263355
1,44,D0:F0:18:43:F8:49,-73,1598516263357
0,45,D0:F0:18:43:F8:2F,-83,1598516263861
1,46,D0:F0:18:43:F8:49,-73,1598516263862
0,47,D0:F0:18:43:F8:2F,-80,1598516264369
1,48,D0:F0:18:43:F8:49,-74,1598516264370
0,49,D0:F0:18:43:F8:49,-73,1598516264874
0,50,D0:F0:18:43:F8:2F,-86,1598516265379
1,51,D0:F0:18:43:F8:49,-73,1598516265380
0,52,D0:F0:18:43:F8:2F,-80,1598516265883
1,53,D0:F0:18:43:F8:49,-73,1598516265885
0,54,D0:F0:18:43:F8:2F,-83,1598516266390
1,55,D0:F0:18:43:F8:49,-73,1598516266391
0,56,D0:F0:18:43:F8:49,-73,1598516266895
0,57,D0:F0:18:43:F8:2F,-83,1598516267401
0,58,D0:F0:18:43:F8:2F,-79,1598516267907
1,59,D0:F0:18:43:F8:49,-74,1598516267909
0,60,D0:F0:18:43:F8:2F,-83,1598516268413
1,61,D0:F0:18:43:F8:49,-73,1598516268414
0,62,D0:F0:18:43:F8:2F,-85,1598516268918
1,63,D0:F0:18:43:F8:49,-73,1598516268920
0,64,D0:F0:18:43:F8:2F,-79,1598516269424
1,65,D0:F0:18:43:F8:49,-74,1598516269426
0,66,D0:F0:18:43:F8:2F,-83,1598516269930
1,67,D0:F0:18:43:F8:49,-73,1598516269931
0,68,D0:F0:18:43:F8:2F,-85,1598516270437
1,69,D0:F0:18:43:F8:49,-73,1598516270438
0,70,D0:F0:18:43:F8:2F,-83,1598516270942
1,71,D0:F0:18:43:F8:49,-73,1598516270944
0,72,D0:F0:18:43:F8:2F,-83,1598516271447
1,73,D0:F0:18:43:F8:49,-73,1598516271448
0,74,D0:F0:18:43:F8:2F,-79,1598516271952
0,75,D0:F0:18:43:F8:2F,-83,1598516272458
1,76,D0:F0:18:43:F8:49,-73,1598516272460
0,77,D0:F0:18:43:F8:2F,-85,1598516272965
1,78,D0:F0:18:43:F8:49,-73,1598516272966
0,79,D0:F0:18:43:F8:2F,-84,1598516273471
0,0,D0:F0:18:43:F8:2F,-82,1598516280045
1,1,D0:F0:18:43:F8:49,-75,1598516280047
0,2,D0:F0:18:43:F8:2F,-77,1598516280550
0,3,D0:F0:18:43:F8:2F,-83,1598516281057
1,4,D0:F0:18:43:F8:49,-74,1598516281058
0,5,D0:F0:18:43:F8:2F,-80,1598516281562
0,6,D0:F0:18:43:F8:2F,-87,1598516282068
1,7,D0:F0:18:43:F8:49,-78,1598516282069
0,8,D0:F0:18:43:F8:2F,-80,1598516282574
1,9,D0:F0:18:43:F8:49,-75,1598516282575
0,10,D0:F0:18:43:F8:2F,-79,1598516283080
0,11,D0:F0:18:43:F8:49,-78,1598516283585
0,12,D0:F0:18:43:F8:2F,-80,1598516284089
0,13,D0:F0:18:43:F8:2F,-81,1598516284595
1,14,D0:F0:18:43:F8:49,-75,1598516284597
0,15,D0:F0:18:43:F8:2F,-81,1598516285101
1,16,D0:F0:18:43:F8:49,-74,1598516285102
0,17,D0:F0:18:43:F8:2F,-79,1598516285607
1,18,D0:F0:18:43:F8:49,-78,1598516285608
0,19,D0:F0:18:43:F8:2F,-86,1598516286113
1,20,D0:F0:18:43:F8:49,-75,1598516286114
0,21,D0:F0:18:43:F8:2F,-80,1598516286618
1,22,D0:F0:18:43:F8:49,-74,1598516286620
0,23,D0:F0:18:43:F8:2F,-79,1598516287126
1,24,D0:F0:18:43:F8:49,-78,1598516287128
0,25,D0:F0:18:43:F8:2F,-80,1598516287631
1,26,D0:F0:18:43:F8:49,-73,1598516287633
0,27,D0:F0:18:43:F8:2F,-80,1598516288137
1,28,D0:F0:18:43:F8:49,-77,1598516288139
0,29,D0:F0:18:43:F8:2F,-80,1598516289148
1,30,D0:F0:18:43:F8:49,-74,1598516289149
0,31,D0:F0:18:43:F8:2F,-79,1598516290159
1,32,D0:F0:18:43:F8:49,-77,1598516290160
0,33,D0:F0:18:43:F8:2F,-79,1598516290664
1,34,D0:F0:18:43:F8:49,-77,1598516290666
0,35,D0:F0:18:43:F8:2F,-79,1598516291170
1,36,D0:F0:18:43:F8:49,-73,1598516291172
0,37,D0:F0:18:43:F8:2F,-79,1598516291675
1,38,D0:F0:18:43:F8:49,-77,1598516291677
0,39,D0:F0:18:43:F8:2F,-85,1598516292181
1,40,D0:F0:18:43:F8:49,-74,1598516292182
0,41,D0:F0:18:43:F8:2F,-79,1598516292686
1,42,D0:F0:18:43:F8:49,-73,1598516292688
0,43,D0:F0:18:43:F8:2F,-79,1598516293191
0,44,D0:F0:18:43:F8:2F,-85,1598516293697
1,45,D0:F0:18:43:F8:49,-77,1598516293698
0,46,D0:F0:18:43:F8:2F,-79,1598516294202
1,47,D0:F0:18:43:F8:49,-74,1598516294205
0,48,D0:F0:18:43:F8:2F,-79,1598516294708
1,49,D0:F0:18:43:F8:49,-73,1598516294710
0,50,D0:F0:18:43:F8:2F,-85,1598516295214
0,51,D0:F0:18:43:F8:49,-74,1598516295720
0,52,D0:F0:18:43:F8:2F,-79,1598516296225
1,53,D0:F0:18:43:F8:49,-73,1598516296227
0,54,D0:F0:18:43:F8:2F,-79,1598516296730
1,55,D0:F0:18:43:F8:49,-77,1598516296732
0,56,D0:F0:18:43:F8:2F,-85,1598516297237
1,57,D0:F0:18:43:F8:49,-74,1598516297238
0,58,D0:F0:18:43:F8:2F,-79,1598516297742
1,59,D0:F0:18:43:F8:49,-77,1598516297744
0,60,D0:F0:18:43:F8:2F,-79,1598516298248
1,61,D0:F0:18:43:F8:49,-77,1598516298249
0,62,D0:F0:18:43:F8:2F,-79,1598516298755
1,63,D0:F0:18:43:F8:49,-73,1598516298757
0,64,D0:F0:18:43:F8:2F,-79,1598516299259
1,65,D0:F0:18:43:F8:49,-77,1598516299261
0,66,D0:F0:18:43:F8:2F,-80,1598516299765
1,67,D0:F0:18:43:F8:49,-74,1598516299767
0,68,D0:F0:18:43:F8:2F,-81,1598516300270
1,69,D0:F0:18:43:F8:49,-79,1598516300272
0,70,D0:F0:18:43:F8:2F,-81,1598516300776
1,71,D0:F0:18:43:F8:49,-78,1598516300777
0,72,D0:F0:18:43:F8:49,-75,1598516301282
0,73,D0:F0:18:43:F8:2F,-80,1598516301788
0,74,D0:F0:18:43:F8:2F,-86,1598516302294
1,75,D0:F0:18:43:F8:49,-74,1598516302296
0,76,D0:F0:18:43:F8:2F,-81,1598516302799
0,77,D0:F0:18:43:F8:2F,-81,1598516303305
1,78,D0:F0:18:43:F8:49,-74,1598516303306
0,79,D0:F0:18:43:F8:49,-73,1598516303811
0,0,D0:F0:18:43:F8:2F,-69,1598516315949
1,1,D0:F0:18:43:F8:49,-79,1598516315950
0,2,D0:F0:18:43:F8:2F,-64,1598516316456
1,3,D0:F0:18:43:F8:49,-77,1598516316457
0,4,D0:F0:18:43:F8:2F,-66,1598516316961
0,5,D0:F0:18:43:F8:2F,-67,1598516317466
0,6,D0:F0:18:43:F8:2F,-67,1598516317972
0,7,D0:F0:18:43:F8:2F,-68,1598516318478
1,8,D0:F0:18:43:F8:49,-78,1598516318480
0,9,D0:F0:18:43:F8:2F,-67,1598516318984
1,10,D0:F0:18:43:F8:49,-78,1598516318985
0,11,D0:F0:18:43:F8:2F,-69,1598516319489
0,12,D0:F0:18:43:F8:2F,-68,1598516319995
1,13,D0:F0:18:43:F8:49,-78,1598516319996
0,14,D0:F0:18:43:F8:2F,-67,1598516320500
0,15,D0:F0:18:43:F8:2F,-69,1598516321005
0,16,D0:F0:18:43:F8:2F,-68,1598516321510
1,17,D0:F0:18:43:F8:49,-78,1598516321512
0,18,D0:F0:18:43:F8:2F,-69,1598516322016
0,19,D0:F0:18:43:F8:49,-79,1598516322521
0,20,D0:F0:18:43:F8:2F,-67,1598516323028
0,21,D0:F0:18:43:F8:2F,-69,1598516323533
1,22,D0:F0:18:43:F8:49,-78,1598516323535
0,23,D0:F0:18:43:F8:2F,-68,1598516324038
0,24,D0:F0:18:43:F8:2F,-69,1598516324540
1,25,D0:F0:18:43:F8:49,-78,1598516324541
0,26,D0:F0:18:43:F8:2F,-69,1598516325043
1,27,D0:F0:18:43:F8:49,-78,1598516325043
0,28,D0:F0:18:43:F8:2F,-67,1598516325549
0,29,D0:F0:18:43:F8:2F,-69,1598516326055
1,30,D0:F0:18:43:F8:49,-78,1598516326057
0,31,D0:F0:18:43:F8:2F,-68,1598516326561
1,32,D0:F0:18:43:F8:49,-78,1598516326562
0,33,D0:F0:18:43:F8:2F,-67,1598516327066
0,34,D0:F0:18:43:F8:2F,-69,1598516327572
1,35,D0:F0:18:43:F8:49,-78,1598516327573
0,36,D0:F0:18:43:F8:2F,-68,1598516328077
0,37,D0:F0:18:43:F8:49,-78,1598516328582
0,38,D0:F0:18:43:F8:2F,-69,1598516329088
1,39,D0:F0:18:43:F8:49,-78,1598516329090
0,40,D0:F0:18:43:F8:2F,-69,1598516329593
0,41,D0:F0:18:43:F8:2F,-69,1598516330098
1,42,D0:F0:18:43:F8:49,-78,1598516330099
0,43,D0:F0:18:43:F8:2F,-67,1598516330604
0,44,D0:F0:18:43:F8:2F,-69,1598516331109
1,45,D0:F0:18:43:F8:49,-78,1598516331111
0,46,D0:F0:18:43:F8:2F,-68,1598516331615
1,47,D0:F0:18:43:F8:49,-78,1598516331617
0,48,D0:F0:18:43:F8:2F,-69,1598516332120
0,49,D0:F0:18:43:F8:2F,-69,1598516332627
1,50,D0:F0:18:43:F8:49,-78,1598516332629
0,51,D0:F0:18:43:F8:2F,-67,1598516333132
1,52,D0:F0:18:43:F8:49,-78,1598516333134
0,53,D0:F0:18:43:F8:2F,-69,1598516333638
0,54,D0:F0:18:43:F8:2F,-68,1598516334144
0,55,D0:F0:18:43:F8:2F,-69,1598516334649
1,56,D0:F0:18:43:F8:49,-78,1598516334651
0,57,D0:F0:18:43:F8:2F,-68,1598516335155
0,58,D0:F0:18:43:F8:2F,-67,1598516335660
0,59,D0:F0:18:43:F8:2F,-69,1598516336166
1,60,D0:F0:18:43:F8:49,-78,1598516336167
0,61,D0:F0:18:43:F8:2F,-68,1598516336670
0,62,D0:F0:18:43:F8:2F,-67,1598516337176
0,63,D0:F0:18:43:F8:2F,-69,1598516337683
1,64,D0:F0:18:43:F8:49,-78,1598516337684
0,65,D0:F0:18:43:F8:2F,-69,1598516338693
0,66,D0:F0:18:43:F8:2F,-69,1598516339198
0,67,D0:F0:18:43:F8:2F,-69,1598516339704
1,68,D0:F0:18:43:F8:49,-78,1598516339705
0,69,D0:F0:18:43:F8:2F,-69,1598516340210
0,70,D0:F0:18:43:F8:2F,-67,1598516340715
0,71,D0:F0:18:43:F8:2F,-68,1598516341220
1,72,D0:F0:18:43:F8:49,-78,1598516341222
0,73,D0:F0:18:43:F8:2F,-68,1598516341725
0,74,D0:F0:18:43:F8:2F,-69,1598516342230
0,75,D0:F0:18:43:F8:2F,-68,1598516342735
0,76,D0:F0:18:43:F8:2F,-67,1598516343241
0,77,D0:F0:18:43:F8:2F,-69,1598516343746
0,78,D0:F0:18:43:F8:2F,-67,1598516344251
0,79,D0:F0:18:43:F8:2F,-68,1598516344757
0,0,D0:F0:18:43:F8:49,-85,1598516356885
0,1,D0:F0:18:43:F8:2F,-27,1598516357390
1,2,D0:F0:18:43:F8:49,-86,1598516357392
0,3,D0:F0:18:43:F8:2F,-30,1598516357896
1,4,D0:F0:18:43:F8:49,-84,1598516357898
0,5,D0:F0:18:43:F8:2F,-30,1598516358401
1,6,D0:F0:18:43:F8:49,-86,1598516358403
0,7,D0:F0:18:43:F8:2F,-30,1598516358907
0,8,D0:F0:18:43:F8:49,-86,1598516359411
0,9,D0:F0:18:43:F8:2F,-27,1598516359917
1,10,D0:F0:18:43:F8:49,-82,1598516359918
0,11,D0:F0:18:43:F8:2F,-30,1598516360422
1,12,D0:F0:18:43:F8:49,-89,1598516360424
0,13,D0:F0:18:43:F8:2F,-27,1598516360928
1,14,D0:F0:18:43:F8:49,-87,1598516360930
0,15,D0:F0:18:43:F8:49,-82,1598516361433
0,16,D0:F0:18:43:F8:2F,-27,1598516361938
1,17,D0:F0:18:43:F8:49,-86,1598516361940
0,18,D0:F0:18:43:F8:2F,-27,1598516362444
1,19,D0:F0:18:43:F8:49,-86,1598516362446
0,20,D0:F0:18:43:F8:2F,-30,1598516362950
1,21,D0:F0:18:43:F8:49,-89,1598516362951
0,22,D0:F0:18:43:F8:2F,-27,1598516363465
1,23,D0:F0:18:43:F8:49,-88,1598516363467
0,24,D0:F0:18:43:F8:2F,-27,1598516363970
1,25,D0:F0:18:43:F8:49,-82,1598516363972
0,26,D0:F0:18:43:F8:2F,-27,1598516364476
0,27,D0:F0:18:43:F8:2F,-27,1598516364982
1,28,D0:F0:18:43:F8:49,-86,1598516364984
0,29,D0:F0:18:43:F8:2F,-30,1598516365487
1,30,D0:F0:18:43:F8:49,-89,1598516365488
0,31,D0:F0:18:43:F8:2F,-27,1598516366497
1,32,D0:F0:18:43:F8:49,-86,1598516366498
0,33,D0:F0:18:43:F8:2F,-30,1598516367002
0,34,D0:F0:18:43:F8:2F,-27,1598516367507
1,35,D0:F0:18:43:F8:49,-86,1598516367509
0,36,D0:F0:18:43:F8:2F,-27,1598516368015
1,37,D0:F0:18:43:F8:49,-89,1598516368017
0,38,D0:F0:18:43:F8:2F,-30,1598516368520
1,39,D0:F0:18:43:F8:49,-89,1598516368522
0,40,D0:F0:18:43:F8:2F,-27,1598516369025
1,41,D0:F0:18:43:F8:49,-89,1598516369027
0,42,D0:F0:18:43:F8:2F,-30,1598516369532
1,43,D0:F0:18:43:F8:49,-86,1598516369533
0,44,D0:F0:18:43:F8:2F,-30,1598516370038
1,45,D0:F0:18:43:F8:49,-82,1598516370039
0,46,D0:F0:18:43:F8:2F,-30,1598516370543
0,47,D0:F0:18:43:F8:2F,-27,1598516371049
1,48,D0:F0:18:43:F8:49,-87,1598516371050
0,49,D0:F0:18:43:F8:2F,-27,1598516371554
1,50,D0:F0:18:43:F8:49,-83,1598516371556
0,51,D0:F0:18:43:F8:2F,-27,1598516372060
1,52,D0:F0:18:43:F8:49,-86,1598516372062
0,53,D0:F0:18:43:F8:2F,-27,1598516372566
1,54,D0:F0:18:43:F8:49,-86,1598516372568
0,55,D0:F0:18:43:F8:2F,-30,1598516373072
1,56,D0:F0:18:43:F8:49,-82,1598516373074
0,57,D0:F0:18:43:F8:2F,-27,1598516373578
1,58,D0:F0:18:43:F8:49,-86,1598516373580
0,59,D0:F0:18:43:F8:2F,-27,1598516374084
1,60,D0:F0:18:43:F8:49,-82,1598516374086
0,61,D0:F0:18:43:F8:2F,-27,1598516374590
1,62,D0:F0:18:43:F8:49,-86,1598516374591
0,63,D0:F0:18:43:F8:2F,-27,1598516375095
1,64,D0:F0:18:43:F8:49,-87,1598516375097
0,65,D0:F0:18:43:F8:2F,-30,1598516375600
1,66,D0:F0:18:43:F8:49,-89,1598516375602
0,67,D0:F0:18:43:F8:2F,-27,1598516376107
1,68,D0:F0:18:43:F8:49,-86,1598516376108
0,69,D0:F0:18:43:F8:2F,-27,1598516376613
1,70,D0:F0:18:43:F8:49,-82,1598516376615
0,71,D0:F0:18:43:F8:2F,-30,1598516377119
1,72,D0:F0:18:43:F8:49,-86,1598516377121
0,73,D0:F0:18:43:F8:2F,-27,1598516377623
0,74,D0:F0:18:43:F8:2F,-27,1598516378130
1,75,D0:F0:18:43:F8:49,-89,1598516378132
0,76,D0:F0:18:43:F8:2F,-27,1598516378636
1,77,D0:F0:18:43:F8:49,-82,1598516378637
0,78,D0:F0:18:43:F8:2F,-27,1598516379142
1,79,D0:F0:18:43:F8:49,-83,1598516379144
0,0,D0:F0:18:43:F8:2F,-30,1598516428940
1,1,D0:F0:18:43:F8:49,-82,1598516428941
0,2,D0:F0:18:43:F8:2F,-27,1598516429446
0,3,D0:F0:18:43:F8:2F,-27,1598516429951
1,4,D0:F0:18:43:F8:49,-86,1598516429953
0,5,D0:F0:18:43:F8:2F,-30,1598516430456
1,6,D0:F0:18:43:F8:49,-85,1598516430458
0,7,D0:F0:18:43:F8:2F,-27,1598516430961
1,8,D0:F0:18:43:F8:49,-88,1598516430963
0,9,D0:F0:18:43:F8:2F,-27,1598516431971
1,10,D0:F0:18:43:F8:49,-86,1598516431973
0,11,D0:F0:18:43:F8:2F,-27,1598516432476
1,12,D0:F0:18:43:F8:49,-83,1598516432478
0,13,D0:F0:18:43:F8:2F,-30,1598516432980
1,14,D0:F0:18:43:F8:49,-89,1598516432982
0,15,D0:F0:18:43:F8:2F,-27,1598516433485
1,16,D0:F0:18:43:F8:49,-83,1598516433487
0,17,D0:F0:18:43:F8:2F,-27,1598516433990
1,18,D0:F0:18:43:F8:49,-83,1598516433992
0,19,D0:F0:18:43:F8:2F,-27,1598516434494
1,20,D0:F0:18:43:F8:49,-86,1598516434495
0,21,D0:F0:18:43:F8:2F,-30,1598516434999
1,22,D0:F0:18:43:F8:49,-83,1598516435001
0,23,D0:F0:18:43:F8:2F,-30,1598516435506
1,24,D0:F0:18:43:F8:49,-89,1598516435507
0,25,D0:F0:18:43:F8:2F,-27,1598516436011
1,26,D0:F0:18:43:F8:49,-86,1598516436014
0,27,D0:F0:18:43:F8:49,-83,1598516436516
0,28,D0:F0:18:43:F8:2F,-27,1598516437021
1,29,D0:F0:18:43:F8:49,-90,1598516437023
0,30,D0:F0:18:43:F8:2F,-30,1598516437526
1,31,D0:F0:18:43:F8:49,-86,1598516437528
0,32,D0:F0:18:43:F8:2F,-27,1598516438032
1,33,D0:F0:18:43:F8:49,-83,1598516438034
0,34,D0:F0:18:43:F8:49,-86,1598516438537
0,35,D0:F0:18:43:F8:2F,-30,1598516439042
1,36,D0:F0:18:43:F8:49,-83,1598516439044
0,37,D0:F0:18:43:F8:2F,-27,1598516439546
0,38,D0:F0:18:43:F8:2F,-27,1598516440051
1,39,D0:F0:18:43:F8:49,-86,1598516440053
0,40,D0:F0:18:43:F8:2F,-30,1598516440558
1,41,D0:F0:18:43:F8:49,-83,1598516440559
0,42,D0:F0:18:43:F8:2F,-27,1598516441063
1,43,D0:F0:18:43:F8:49,-86,1598516441065
0,44,D0:F0:18:43:F8:49,-86,1598516441568
0,45,D0:F0:18:43:F8:2F,-30,1598516442074
1,46,D0:F0:18:43:F8:49,-90,1598516442075
0,47,D0:F0:18:43:F8:2F,-30,1598516442579
1,48,D0:F0:18:43:F8:49,-86,1598516442581
0,49,D0:F0:18:43:F8:2F,-27,1598516443085
1,50,D0:F0:18:43:F8:49,-83,1598516443086
0,51,D0:F0:18:43:F8:2F,-30,1598516443590
1,52,D0:F0:18:43:F8:49,-90,1598516443593
0,53,D0:F0:18:43:F8:2F,-30,1598516444095
1,54,D0:F0:18:43:F8:49,-86,1598516444097
0,55,D0:F0:18:43:F8:2F,-27,1598516444600
1,56,D0:F0:18:43:F8:49,-83,1598516444602
0,57,D0:F0:18:43:F8:2F,-30,1598516445106
0,58,D0:F0:18:43:F8:2F,-27,1598516445611
0,59,D0:F0:18:43:F8:2F,-27,1598516446117
1,60,D0:F0:18:43:F8:49,-87,1598516446119
0,61,D0:F0:18:43:F8:2F,-30,1598516446624
1,62,D0:F0:18:43:F8:49,-82,1598516446625
0,63,D0:F0:18:43:F8:2F,-27,1598516447129
1,64,D0:F0:18:43:F8:49,-89,1598516447131
0,65,D0:F0:18:43:F8:2F,-30,1598516447634
1,66,D0:F0:18:43:F8:49,-83,1598516447636
0,67,D0:F0:18:43:F8:2F,-30,1598516448139
1,68,D0:F0:18:43:F8:49,-82,1598516448141
0,69,D0:F0:18:43:F8:2F,-27,1598516448642
1,70,D0:F0:18:43:F8:49,-86,1598516448643
0,71,D0:F0:18:43:F8:2F,-30,1598516449145
1,72,D0:F0:18:43:F8:49,-82,1598516449146
0,73,D0:F0:18:43:F8:2F,-27,1598516449651
1,74,D0:F0:18:43:F8:49,-86,1598516449652
0,75,D0:F0:18:43:F8:2F,-30,1598516450156
1,76,D0:F0:18:43:F8:49,-82,1598516450158
0,77,D0:F0:18:43:F8:49,-89,1598516450661
0,78,D0:F0:18:43:F8:2F,-30,1598516451168
1,79,D0:F0:18:43:F8:49,-82,1598516451170
0,0,D0:F0:18:43:F8:2F,-69,1598516457737
0,1,D0:F0:18:43:F8:2F,-66,1598516458246
0,2,D0:F0:18:43:F8:2F,-66,1598516458749
1,3,D0:F0:18:43:F8:49,-80,1598516458750
0,4,D0:F0:18:43:F8:2F,-66,1598516459254
0,5,D0:F0:18:43:F8:2F,-66,1598516459761
1,6,D0:F0:18:43:F8:49,-79,1598516459763
0,7,D0:F0:18:43:F8:2F,-67,1598516460266
0,8,D0:F0:18:43:F8:2F,-67,1598516460771
0,9,D0:F0:18:43:F8:2F,-66,1598516461277
1,10,D0:F0:18:43:F8:49,-78,1598516461279
0,11,D0:F0:18:43:F8:2F,-66,1598516461782
0,12,D0:F0:18:43:F8:2F,-66,1598516462288
1,13,D0:F0:18:43:F8:49,-78,1598516462289
0,14,D0:F0:18:43:F8:2F,-67,1598516462793
0,15,D0:F0:18:43:F8:2F,-66,1598516463298
0,16,D0:F0:18:43:F8:2F,-66,1598516463803
0,17,D0:F0:18:43:F8:2F,-66,1598516464316
1,18,D0:F0:18:43:F8:49,-79,1598516464318
0,19,D0:F0:18:43:F8:2F,-66,1598516464821
1,20,D0:F0:18:43:F8:49,-79,1598516464822
0,21,D0:F0:18:43:F8:2F,-66,1598516465326
0,22,D0:F0:18:43:F8:2F,-66,1598516465831
0,23,D0:F0:18:43:F8:2F,-67,1598516466336
1,24,D0:F0:18:43:F8:49,-78,1598516466338
0,25,D0:F0:18:43:F8:2F,-66,1598516466841
0,26,D0:F0:18:43:F8:2F,-66,1598516467346
1,27,D0:F0:18:43:F8:49,-78,1598516467348
0,28,D0:F0:18:43:F8:2F,-66,1598516467851
1,29,D0:F0:18:43:F8:49,-79,1598516467853
0,30,D0:F0:18:43:F8:2F,-67,1598516468863
1,31,D0:F0:18:43:F8:49,-79,1598516468865
0,32,D0:F0:18:43:F8:2F,-66,1598516469369
1,33,D0:F0:18:43:F8:49,-78,1598516469370
0,34,D0:F0:18:43:F8:2F,-66,1598516469874
1,35,D0:F0:18:43:F8:49,-78,1598516469876
0,36,D0:F0:18:43:F8:2F,-67,1598516470379
0,37,D0:F0:18:43:F8:2F,-66,1598516470884
1,38,D0:F0:18:43:F8:49,-78,1598516470886
0,39,D0:F0:18:43:F8:2F,-66,1598516471390
0,40,D0:F0:18:43:F8:2F,-66,1598516471895
1,41,D0:F0:18:43:F8:49,-78,1598516471897
0,42,D0:F0:18:43:F8:2F,-66,1598516472400
1,43,D0:F0:18:43:F8:49,-79,1598516472401
0,44,D0:F0:18:43:F8:2F,-67,1598516472906
1,45,D0:F0:18:43:F8:49,-79,1598516472907
0,46,D0:F0:18:43:F8:2F,-66,1598516473411
0,47,D0:F0:18:43:F8:2F,-66,1598516473916
0,48,D0:F0:18:43:F8:2F,-66,1598516474421
1,49,D0:F0:18:43:F8:49,-78,1598516474422
0,50,D0:F0:18:43:F8:2F,-66,1598516474927
0,51,D0:F0:18:43:F8:2F,-66,1598516475432
1,52,D0:F0:18:43:F8:49,-79,1598516475434
0,53,D0:F0:18:43:F8:2F,-66,1598516475937
0,54,D0:F0:18:43:F8:2F,-66,1598516476442
0,55,D0:F0:18:43:F8:2F,-67,1598516476950
1,56,D0:F0:18:43:F8:49,-79,1598516476952
0,57,D0:F0:18:43:F8:2F,-66,1598516477455
0,58,D0:F0:18:43:F8:2F,-67,1598516477960
0,59,D0:F0:18:43:F8:2F,-67,1598516478971
0,60,D0:F0:18:43:F8:2F,-66,1598516479476
1,61,D0:F0:18:43:F8:49,-78,1598516479478
0,62,D0:F0:18:43:F8:2F,-66,1598516479981
0,63,D0:F0:18:43:F8:2F,-67,1598516480487
1,64,D0:F0:18:43:F8:49,-79,1598516480488
0,65,D0:F0:18:43:F8:2F,-66,1598516480992
0,66,D0:F0:18:43:F8:2F,-66,1598516481497
0,67,D0:F0:18:43:F8:2F,-66,1598516482003
1,68,D0:F0:18:43:F8:49,-78,1598516482005
0,69,D0:F0:18:43:F8:2F,-66,1598516483013
1,70,D0:F0:18:43:F8:49,-78,1598516483015
0,71,D0:F0:18:43:F8:2F,-66,1598516483518
0,72,D0:F0:18:43:F8:2F,-67,1598516484022
0,73,D0:F0:18:43:F8:2F,-66,1598516484527
0,74,D0:F0:18:43:F8:2F,-66,1598516485032
0,75,D0:F0:18:43:F8:2F,-66,1598516485536
1,76,D0:F0:18:43:F8:49,-78,1598516485538
0,77,D0:F0:18:43:F8:2F,-66,1598516486041
0,78,D0:F0:18:43:F8:2F,-67,1598516486547
1,79,D0:F0:18:43:F8:49,-78,1598516486549
0,0,D0:F0:18:43:F8:2F,-79,1598516493119
1,1,D0:F0:18:43:F8:49,-77,1598516493121
0,2,D0:F0:18:43:F8:2F,-77,1598516493625
1,3,D0:F0:18:43:F8:49,-76,1598516493627
0,4,D0:F0:18:43:F8:2F,-77,1598516494131
1,5,D0:F0:18:43:F8:49,-75,1598516494132
0,6,D0:F0:18:43:F8:2F,-79,1598516494637
1,7,D0:F0:18:43:F8:49,-77,1598516494638
0,8,D0:F0:18:43:F8:2F,-79,1598516495142
0,9,D0:F0:18:43:F8:2F,-80,1598516495647
0,10,D0:F0:18:43:F8:2F,-86,1598516496153
1,11,D0:F0:18:43:F8:49,-74,1598516496155
0,12,D0:F0:18:43:F8:49,-74,1598516496658
0,13,D0:F0:18:43:F8:2F,-85,1598516497164
1,14,D0:F0:18:43:F8:49,-76,1598516497166
0,15,D0:F0:18:43:F8:2F,-79,1598516497670
1,16,D0:F0:18:43:F8:49,-74,1598516497672
0,17,D0:F0:18:43:F8:2F,-80,1598516498177
1,18,D0:F0:18:43:F8:49,-77,1598516498178
0,19,D0:F0:18:43:F8:2F,-79,1598516498682
1,20,D0:F0:18:43:F8:49,-77,1598516498684
0,21,D0:F0:18:43:F8:2F,-79,1598516499187
1,22,D0:F0:18:43:F8:49,-77,1598516499189
0,23,D0:F0:18:43:F8:2F,-85,1598516499694
1,24,D0:F0:18:43:F8:49,-74,1598516499695
0,25,D0:F0:18:43:F8:2F,-79,1598516500199
1,26,D0:F0:18:43:F8:49,-77,1598516500201
0,27,D0:F0:18:43:F8:2F,-80,1598516500705
1,28,D0:F0:18:43:F8:49,-76,1598516500707
0,29,D0:F0:18:43:F8:2F,-79,1598516501211
1,30,D0:F0:18:43:F8:49,-74,1598516501212
0,31,D0:F0:18:43:F8:2F,-79,1598516501716
1,32,D0:F0:18:43:F8:49,-77,1598516501718
0,33,D0:F0:18:43:F8:2F,-84,1598516502222
1,34,D0:F0:18:43:F8:49,-77,1598516502223
0,35,D0:F0:18:43:F8:2F,-79,1598516502728
1,36,D0:F0:18:43:F8:49,-77,1598516502729
0,37,D0:F0:18:43:F8:2F,-84,1598516503235
1,38,D0:F0:18:43:F8:49,-77,1598516503236
0,39,D0:F0:18:43:F8:2F,-79,1598516503740
1,40,D0:F0:18:43:F8:49,-74,1598516503742
0,41,D0:F0:18:43:F8:2F,-80,1598516504246
1,42,D0:F0:18:43:F8:49,-77,1598516504247
0,43,D0:F0:18:43:F8:2F,-84,1598516504751
1,44,D0:F0:18:43:F8:49,-77,1598516504753
0,45,D0:F0:18:43:F8:2F,-80,1598516505258
1,46,D0:F0:18:43:F8:49,-77,1598516505259
0,47,D0:F0:18:43:F8:2F,-80,1598516505765
0,48,D0:F0:18:43:F8:2F,-79,1598516506271
1,49,D0:F0:18:43:F8:49,-77,1598516506272
0,50,D0:F0:18:43:F8:2F,-80,1598516506776
0,51,D0:F0:18:43:F8:2F,-85,1598516507281
1,52,D0:F0:18:43:F8:49,-74,1598516507283
0,53,D0:F0:18:43:F8:2F,-79,1598516507787
1,54,D0:F0:18:43:F8:49,-77,1598516507788
0,55,D0:F0:18:43:F8:2F,-80,1598516508292
1,56,D0:F0:18:43:F8:49,-76,1598516508294
0,57,D0:F0:18:43:F8:2F,-79,1598516508798
1,58,D0:F0:18:43:F8:49,-74,1598516508799
0,59,D0:F0:18:43:F8:2F,-85,1598516509304
1,60,D0:F0:18:43:F8:49,-77,1598516509306
0,61,D0:F0:18:43:F8:2F,-85,1598516509809
1,62,D0:F0:18:43:F8:49,-74,1598516509811
0,63,D0:F0:18:43:F8:2F,-79,1598516510315
1,64,D0:F0:18:43:F8:49,-77,1598516510317
0,65,D0:F0:18:43:F8:2F,-80,1598516510820
1,66,D0:F0:18:43:F8:49,-77,1598516510822
0,67,D0:F0:18:43:F8:2F,-79,1598516511327
1,68,D0:F0:18:43:F8:49,-74,1598516511328
0,69,D0:F0:18:43:F8:2F,-80,1598516511832
1,70,D0:F0:18:43:F8:49,-77,1598516511834
0,71,D0:F0:18:43:F8:2F,-79,1598516512339
1,72,D0:F0:18:43:F8:49,-76,1598516512340
0,73,D0:F0:18:43:F8:2F,-80,1598516512845
0,74,D0:F0:18:43:F8:2F,-86,1598516513349
1,75,D0:F0:18:43:F8:49,-76,1598516513351
0,76,D0:F0:18:43:F8:2F,-79,1598516513856
1,77,D0:F0:18:43:F8:49,-77,1598516513858
0,78,D0:F0:18:43:F8:2F,-80,1598516514361
1,79,D0:F0:18:43:F8:49,-76,1598516514363
0,0,D0:F0:18:43:F8:2F,-85,1598516522955
1,1,D0:F0:18:43:F8:49,-73,1598516522955
0,2,D0:F0:18:43:F8:2F,-84,1598516523462
1,3,D0:F0:18:43:F8:49,-72,1598516523463
0,4,D0:F0:18:43:F8:2F,-84,1598516523969
1,5,D0:F0:18:43:F8:49,-74,1598516523970
0,6,D0:F0:18:43:F8:2F,-82,1598516524475
1,7,D0:F0:18:43:F8:49,-71,1598516524477
0,8,D0:F0:18:43:F8:2F,-82,1598516524982
1,9,D0:F0:18:43:F8:49,-72,1598516524984
0,10,D0:F0:18:43:F8:2F,-82,1598516525488
1,11,D0:F0:18:43:F8:49,-73,1598516525490
0,12,D0:F0:18:43:F8:49,-72,1598516525995
0,13,D0:F0:18:43:F8:2F,-82,1598516526500
1,14,D0:F0:18:43:F8:49,-72,1598516526501
0,15,D0:F0:18:43:F8:2F,-87,1598516527006
1,16,D0:F0:18:43:F8:49,-71,1598516527007
0,17,D0:F0:18:43:F8:2F,-84,1598516527511
1,18,D0:F0:18:43:F8:49,-73,1598516527513
0,19,D0:F0:18:43:F8:49,-71,1598516528017
0,20,D0:F0:18:43:F8:2F,-89,1598516528522
1,21,D0:F0:18:43:F8:49,-71,1598516528524
0,22,D0:F0:18:43:F8:2F,-89,1598516529027
1,23,D0:F0:18:43:F8:49,-73,1598516529029
0,24,D0:F0:18:43:F8:2F,-84,1598516529532
1,25,D0:F0:18:43:F8:49,-72,1598516529535
0,26,D0:F0:18:43:F8:2F,-82,1598516530038
1,27,D0:F0:18:43:F8:49,-72,1598516530040
0,28,D0:F0:18:43:F8:49,-71,1598516530542
0,29,D0:F0:18:43:F8:2F,-84,1598516531048
0,30,D0:F0:18:43:F8:2F,-81,1598516531554
1,31,D0:F0:18:43:F8:49,-71,1598516531555
0,32,D0:F0:18:43:F8:2F,-83,1598516532060
1,33,D0:F0:18:43:F8:49,-72,1598516532061
0,34,D0:F0:18:43:F8:2F,-84,1598516532565
1,35,D0:F0:18:43:F8:49,-72,1598516532567
0,36,D0:F0:18:43:F8:49,-72,1598516533070
0,37,D0:F0:18:43:F8:2F,-81,1598516533576
0,38,D0:F0:18:43:F8:2F,-88,1598516534081
1,39,D0:F0:18:43:F8:49,-71,1598516534083
0,40,D0:F0:18:43:F8:2F,-84,1598516534585
1,41,D0:F0:18:43:F8:49,-72,1598516534586
0,42,D0:F0:18:43:F8:2F,-81,1598516535088
1,43,D0:F0:18:43:F8:49,-73,1598516535089
0,44,D0:F0:18:43:F8:2F,-84,1598516535595
1,45,D0:F0:18:43:F8:49,-71,1598516535596
0,46,D0:F0:18:43:F8:2F,-81,1598516536100
1,47,D0:F0:18:43:F8:49,-72,1598516536101
0,48,D0:F0:18:43:F8:2F,-81,1598516536606
1,49,D0:F0:18:43:F8:49,-73,1598516536608
0,50,D0:F0:18:43:F8:2F,-84,1598516537113
1,51,D0:F0:18:43:F8:49,-71,1598516537114
0,52,D0:F0:18:43:F8:2F,-80,1598516537618
1,53,D0:F0:18:43:F8:49,-71,1598516537619
0,54,D0:F0:18:43:F8:49,-72,1598516538123
0,55,D0:F0:18:43:F8:2F,-81,1598516538629
1,56,D0:F0:18:43:F8:49,-72,1598516538630
0,57,D0:F0:18:43:F8:2F,-82,1598516539135
1,58,D0:F0:18:43:F8:49,-73,1598516539136
0,59,D0:F0:18:43:F8:2F,-85,1598516539640
1,60,D0:F0:18:43:F8:49,-72,1598516539642
0,61,D0:F0:18:43:F8:49,-71,1598516540145
0,62,D0:F0:18:43:F8:2F,-87,1598516540650
1,63,D0:F0:18:43:F8:49,-72,1598516540651
0,64,D0:F0:18:43:F8:2F,-84,1598516541155
0,65,D0:F0:18:43:F8:2F,-82,1598516541660
1,66,D0:F0:18:43:F8:49,-73,1598516541662
0,67,D0:F0:18:43:F8:2F,-81,1598516542167
1,68,D0:F0:18:43:F8:49,-72,1598516542168
0,69,D0:F0:18:43:F8:49,-73,1598516542672
0,70,D0:F0:18:43:F8:2F,-85,1598516543178
1,71,D0:F0:18:43:F8:49,-71,1598516543180
0,72,D0:F0:18:43:F8:2F,-81,1598516543684
1,73,D0:F0:18:43:F8:49,-72,1598516543685
0,74,D0:F0:18:43:F8:2F,-81,1598516544189
1,75,D0:F0:18:43:F8:49,-71,1598516544191
0,76,D0:F0:18:43:F8:2F,-85,1598516544696
1,77,D0:F0:18:43:F8:49,-72,1598516544697
0,78,D0:F0:18:43:F8:2F,-81,1598516545203
1,79,D0:F0:18:43:F8:49,-73,1598516545204
0,0,D0:F0:18:43:F8:49,-73,1598516557829
0,1,D0:F0:18:43:F8:2F,-83,1598516558335
1,2,D0:F0:18:43:F8:49,-74,1598516558336
0,3,D0:F0:18:43:F8:2F,-89,1598516558841
1,4,D0:F0:18:43:F8:49,-76,1598516558843
0,5,D0:F0:18:43:F8:49,-73,1598516559355
0,6,D0:F0:18:43:F8:2F,-89,1598516559860
1,7,D0:F0:18:43:F8:49,-74,1598516559862
0,8,D0:F0:18:43:F8:49,-73,1598516560366
0,9,D0:F0:18:43:F8:2F,-82,1598516560868
1,10,D0:F0:18:43:F8:49,-74,1598516560869
0,11,D0:F0:18:43:F8:2F,-89,1598516561375
1,12,D0:F0:18:43:F8:49,-76,1598516561376
0,13,D0:F0:18:43:F8:49,-73,1598516561880
0,14,D0:F0:18:43:F8:2F,-81,1598516562386
1,15,D0:F0:18:43:F8:49,-74,1598516562387
0,16,D0:F0:18:43:F8:2F,-88,1598516562891
0,17,D0:F0:18:43:F8:2F,-82,1598516563397
1,18,D0:F0:18:43:F8:49,-74,1598516563399
0,19,D0:F0:18:43:F8:49,-73,1598516563902
0,20,D0:F0:18:43:F8:2F,-88,1598516564407
1,21,D0:F0:18:43:F8:49,-73,1598516564409
0,22,D0:F0:18:43:F8:2F,-81,1598516564914
1,23,D0:F0:18:43:F8:49,-76,1598516564915
0,24,D0:F0:18:43:F8:2F,-80,1598516565420
1,25,D0:F0:18:43:F8:49,-73,1598516565421
0,26,D0:F0:18:43:F8:2F,-82,1598516565922
1,27,D0:F0:18:43:F8:49,-74,1598516565923
0,28,D0:F0:18:43:F8:2F,-88,1598516566428
1,29,D0:F0:18:43:F8:49,-76,1598516566429
0,30,D0:F0:18:43:F8:49,-73,1598516566933
0,31,D0:F0:18:43:F8:2F,-87,1598516567439
1,32,D0:F0:18:43:F8:49,-77,1598516567440
0,33,D0:F0:18:43:F8:2F,-89,1598516567945
1,34,D0:F0:18:43:F8:49,-73,1598516567946
0,35,D0:F0:18:43:F8:2F,-83,1598516568450
1,36,D0:F0:18:43:F8:49,-74,1598516568452
0,37,D0:F0:18:43:F8:2F,-87,1598516568956
1,38,D0:F0:18:43:F8:49,-77,1598516568957
0,39,D0:F0:18:43:F8:49,-73,1598516569461
0,40,D0:F0:18:43:F8:2F,-87,1598516569969
1,41,D0:F0:18:43:F8:49,-74,1598516569970
0,42,D0:F0:18:43:F8:49,-73,1598516570474
0,43,D0:F0:18:43:F8:2F,-81,1598516570979
1,44,D0:F0:18:43:F8:49,-73,1598516570981
0,45,D0:F0:18:43:F8:2F,-88,1598516571484
1,46,D0:F0:18:43:F8:49,-76,1598516571486
0,47,D0:F0:18:43:F8:2F,-88,1598516571990
1,48,D0:F0:18:43:F8:49,-73,1598516571992
0,49,D0:F0:18:43:F8:2F,-81,1598516572496
1,50,D0:F0:18:43:F8:49,-74,1598516572498
0,51,D0:F0:18:43:F8:2F,-88,1598516573001
1,52,D0:F0:18:43:F8:49,-74,1598516573003
0,53,D0:F0:18:43:F8:2F,-88,1598516573507
1,54,D0:F0:18:43:F8:49,-73,1598516573508
0,55,D0:F0:18:43:F8:2F,-82,1598516574013
1,56,D0:F0:18:43:F8:49,-74,1598516574014
0,57,D0:F0:18:43:F8:2F,-82,1598516574520
1,58,D0:F0:18:43:F8:49,-74,1598516574521
0,59,D0:F0:18:43:F8:2F,-88,1598516575025
0,60,D0:F0:18:43:F8:2F,-83,1598516575530
0,61,D0:F0:18:43:F8:2F,-83,1598516576036
1,62,D0:F0:18:43:F8:49,-74,1598516576037
0,63,D0:F0:18:43:F8:2F,-89,1598516576538
0,64,D0:F0:18:43:F8:2F,-83,1598516577046
1,65,D0:F0:18:43:F8:49,-77,1598516577047
0,66,D0:F0:18:43:F8:2F,-89,1598516577551
1,67,D0:F0:18:43:F8:49,-73,1598516577552
0,68,D0:F0:18:43:F8:2F,-83,1598516578561
1,69,D0:F0:18:43:F8:49,-74,1598516578563
0,70,D0:F0:18:43:F8:2F,-89,1598516579067
1,71,D0:F0:18:43:F8:49,-77,1598516579068
0,72,D0:F0:18:43:F8:2F,-88,1598516579573
1,73,D0:F0:18:43:F8:49,-73,1598516579575
0,74,D0:F0:18:43:F8:49,-74,1598516580080
0,75,D0:F0:18:43:F8:49,-73,1598516580585
0,76,D0:F0:18:43:F8:2F,-91,1598516581090
1,77,D0:F0:18:43:F8:49,-73,1598516581092
0,78,D0:F0:18:43:F8:49,-76,1598516581596
0,79,D0:F0:18:43:F8:49,-74,1598516582101
0,0,D0:F0:18:43:F8:2F,-91,1598516590189
1,1,D0:F0:18:43:F8:49,-84,1598516590190
0,2,D0:F0:18:43:F8:2F,-85,1598516590695
1,3,D0:F0:18:43:F8:49,-78,1598516590696
0,4,D0:F0:18:43:F8:2F,-87,1598516591706
1,5,D0:F0:18:43:F8:49,-79,1598516591707
0,6,D0:F0:18:43:F8:2F,-89,1598516592212
1,7,D0:F0:18:43:F8:49,-79,1598516592214
0,8,D0:F0:18:43:F8:2F,-89,1598516592718
1,9,D0:F0:18:43:F8:49,-81,1598516592719
0,10,D0:F0:18:43:F8:2F,-87,1598516593224
1,11,D0:F0:18:43:F8:49,-79,1598516593225
0,12,D0:F0:18:43:F8:2F,-88,1598516593730
1,13,D0:F0:18:43:F8:49,-77,1598516593731
0,14,D0:F0:18:43:F8:49,-80,1598516594235
0,15,D0:F0:18:43:F8:2F,-87,1598516594740
1,16,D0:F0:18:43:F8:49,-79,1598516594742
0,17,D0:F0:18:43:F8:49,-81,1598516595245
0,18,D0:F0:18:43:F8:49,-78,1598516595750
0,19,D0:F0:18:43:F8:49,-79,1598516596255
0,20,D0:F0:18:43:F8:49,-81,1598516596760
0,21,D0:F0:18:43:F8:49,-78,1598516597266
0,22,D0:F0:18:43:F8:49,-78,1598516597771
0,23,D0:F0:18:43:F8:49,-79,1598516598275
0,24,D0:F0:18:43:F8:2F,-90,1598516598782
1,25,D0:F0:18:43:F8:49,-79,1598516598783
0,26,D0:F0:18:43:F8:49,-82,1598516599287
0,27,D0:F0:18:43:F8:2F,-89,1598516599792
1,28,D0:F0:18:43:F8:49,-78,1598516599794
0,29,D0:F0:18:43:F8:2F,-89,1598516600297
1,30,D0:F0:18:43:F8:49,-78,1598516600299
0,31,D0:F0:18:43:F8:2F,-88,1598516600803
1,32,D0:F0:18:43:F8:49,-78,1598516600804
0,33,D0:F0:18:43:F8:2F,-89,1598516601308
0,34,D0:F0:18:43:F8:2F,-89,1598516601814
1,35,D0:F0:18:43:F8:49,-81,1598516601816
0,36,D0:F0:18:43:F8:49,-78,1598516602319
0,37,D0:F0:18:43:F8:2F,-90,1598516602824
0,38,D0:F0:18:43:F8:2F,-89,1598516603329
1,39,D0:F0:18:43:F8:49,-77,1598516603331
0,40,D0:F0:18:43:F8:49,-80,1598516603835
0,41,D0:F0:18:43:F8:49,-81,1598516604340
0,42,D0:F0:18:43:F8:2F,-89,1598516604845
1,43,D0:F0:18:43:F8:49,-79,1598516604847
0,44,D0:F0:18:43:F8:49,-81,1598516605351
0,45,D0:F0:18:43:F8:49,-78,1598516605856
0,46,D0:F0:18:43:F8:49,-79,1598516606363
0,47,D0:F0:18:43:F8:49,-84,1598516606868
0,48,D0:F0:18:43:F8:49,-78,1598516607372
0,49,D0:F0:18:43:F8:2F,-91,1598516607878
0,50,D0:F0:18:43:F8:2F,-90,1598516608383
1,51,D0:F0:18:43:F8:49,-78,1598516608385
0,52,D0:F0:18:43:F8:2F,-89,1598516609393
1,53,D0:F0:18:43:F8:49,-78,1598516609395
0,54,D0:F0:18:43:F8:2F,-87,1598516609899
1,55,D0:F0:18:43:F8:49,-78,1598516609900
0,56,D0:F0:18:43:F8:49,-82,1598516610404
0,57,D0:F0:18:43:F8:2F,-87,1598516610909
1,58,D0:F0:18:43:F8:49,-77,1598516610911
0,59,D0:F0:18:43:F8:49,-81,1598516611414
0,60,D0:F0:18:43:F8:49,-81,1598516611920
0,61,D0:F0:18:43:F8:2F,-86,1598516612425
1,62,D0:F0:18:43:F8:49,-79,1598516612427
0,63,D0:F0:18:43:F8:49,-81,1598516612930
0,64,D0:F0:18:43:F8:49,-77,1598516613435
0,65,D0:F0:18:43:F8:2F,-88,1598516613940
1,66,D0:F0:18:43:F8:49,-77,1598516613942
0,67,D0:F0:18:43:F8:49,-81,1598516614447
0,68,D0:F0:18:43:F8:2F,-88,1598516614952
1,69,D0:F0:18:43:F8:49,-78,1598516614954
0,70,D0:F0:18:43:F8:49,-78,1598516615458
0,71,D0:F0:18:43:F8:2F,-88,1598516615964
1,72,D0:F0:18:43:F8:49,-78,1598516615965
0,73,D0:F0:18:43:F8:2F,-89,1598516616469
1,74,D0:F0:18:43:F8:49,-82,1598516616471
0,75,D0:F0:18:43:F8:49,-77,1598516616986
0,76,D0:F0:18:43:F8:2F,-87,1598516617491
1,77,D0:F0:18:43:F8:49,-78,1598516617492
0,78,D0:F0:18:43:F8:49,-77,1598516617996
0,79,D0:F0:18:43:F8:2F,-87,1598516618501
0,0,D0:F0:18:43:F8:2F,-88,1598516628102
0,1,D0:F0:18:43:F8:49,-77,1598516628608
0,2,D0:F0:18:43:F8:49,-74,1598516629114
0,3,D0:F0:18:43:F8:2F,-91,1598516629619
1,4,D0:F0:18:43:F8:49,-75,1598516629621
0,5,D0:F0:18:43:F8:49,-77,1598516630125
0,6,D0:F0:18:43:F8:49,-75,1598516630630
0,7,D0:F0:18:43:F8:49,-75,1598516631135
0,8,D0:F0:18:43:F8:49,-75,1598516631640
0,9,D0:F0:18:43:F8:49,-76,1598516632147
0,10,D0:F0:18:43:F8:49,-77,1598516632652
0,11,D0:F0:18:43:F8:49,-75,1598516633157
0,12,D0:F0:18:43:F8:49,-76,1598516633663
0,13,D0:F0:18:43:F8:49,-75,1598516634168
0,14,D0:F0:18:43:F8:49,-76,1598516634673
0,15,D0:F0:18:43:F8:49,-77,1598516635178
0,16,D0:F0:18:43:F8:49,-75,1598516635683
0,17,D0:F0:18:43:F8:49,-76,1598516636188
0,18,D0:F0:18:43:F8:2F,-91,1598516636694
1,19,D0:F0:18:43:F8:49,-77,1598516636696
0,20,D0:F0:18:43:F8:49,-76,1598516637199
0,21,D0:F0:18:43:F8:49,-76,1598516637704
0,22,D0:F0:18:43:F8:49,-75,1598516638209
0,23,D0:F0:18:43:F8:49,-76,1598516638714
0,24,D0:F0:18:43:F8:49,-77,1598516639219
0,25,D0:F0:18:43:F8:49,-75,1598516639724
0,26,D0:F0:18:43:F8:2F,-91,1598516640229
1,27,D0:F0:18:43:F8:49,-76,1598516640230
0,28,D0:F0:18:43:F8:49,-75,1598516640734
0,29,D0:F0:18:43:F8:49,-75,1598516641239
0,30,D0:F0:18:43:F8:49,-77,1598516641743
0,31,D0:F0:18:43:F8:49,-76,1598516642248
0,32,D0:F0:18:43:F8:49,-76,1598516642753
0,33,D0:F0:18:43:F8:49,-77,1598516643258
0,34,D0:F0:18:43:F8:49,-75,1598516643762
0,35,D0:F0:18:43:F8:49,-76,1598516644269
0,36,D0:F0:18:43:F8:49,-75,1598516645280
0,37,D0:F0:18:43:F8:49,-75,1598516645786
0,38,D0:F0:18:43:F8:49,-75,1598516646290
0,39,D0:F0:18:43:F8:49,-76,1598516646796
0,40,D0:F0:18:43:F8:49,-75,1598516648313
0,41,D0:F0:18:43:F8:49,-76,1598516648818
0,42,D0:F0:18:43:F8:49,-77,1598516649324
0,43,D0:F0:18:43:F8:49,-75,1598516649829
0,44,D0:F0:18:43:F8:49,-76,1598516650335
0,45,D0:F0:18:43:F8:49,-75,1598516650840
0,46,D0:F0:18:43:F8:49,-77,1598516651850
0,47,D0:F0:18:43:F8:49,-75,1598516652355
0,48,D0:F0:18:43:F8:49,-76,1598516652860
0,49,D0:F0:18:43:F8:49,-77,1598516653365
0,50,D0:F0:18:43:F8:49,-75,1598516653870
0,51,D0:F0:18:43:F8:49,-76,1598516654376
0,52,D0:F0:18:43:F8:49,-75,1598516654881
0,53,D0:F0:18:43:F8:2F,-89,1598516655389
1,54,D0:F0:18:43:F8:49,-75,1598516655390
0,55,D0:F0:18:43:F8:49,-77,1598516655894
0,56,D0:F0:18:43:F8:49,-75,1598516656399
0,57,D0:F0:18:43:F8:49,-76,1598516656905
0,58,D0:F0:18:43:F8:49,-77,1598516657410
0,59,D0:F0:18:43:F8:49,-75,1598516658421
0,60,D0:F0:18:43:F8:49,-76,1598516658927
0,61,D0:F0:18:43:F8:49,-77,1598516659432
0,62,D0:F0:18:43:F8:49,-75,1598516659938
0,63,D0:F0:18:43:F8:49,-76,1598516660443
0,64,D0:F0:18:43:F8:49,-77,1598516660948
0,65,D0:F0:18:43:F8:49,-77,1598516661455
0,66,D0:F0:18:43:F8:49,-76,1598516661959
0,67,D0:F0:18:43:F8:49,-76,1598516662465
0,68,D0:F0:18:43:F8:49,-78,1598516662969
0,69,D0:F0:18:43:F8:49,-75,1598516663475
0,70,D0:F0:18:43:F8:49,-77,1598516663980
0,71,D0:F0:18:43:F8:49,-77,1598516664485
0,72,D0:F0:18:43:F8:49,-76,1598516664989
0,73,D0:F0:18:43:F8:49,-76,1598516666001
0,74,D0:F0:18:43:F8:49,-76,1598516666506
0,75,D0:F0:18:43:F8:49,-78,1598516667010
0,76,D0:F0:18:43:F8:49,-76,1598516667515
0,77,D0:F0:18:43:F8:49,-76,1598516668020
0,78,D0:F0:18:43:F8:49,-75,1598516668525
0,79,D0:F0:18:43:F8:49,-76,1598516669031
0,0,D0:F0:18:43:F8:49,-79,1598516673576
0,1,D0:F0:18:43:F8:2F,-86,1598516674082
1,2,D0:F0:18:43:F8:49,-82,1598516674083
0,3,D0:F0:18:43:F8:49,-79,1598516674588
0,4,D0:F0:18:43:F8:2F,-86,1598516675094
1,5,D0:F0:18:43:F8:49,-79,1598516675095
0,6,D0:F0:18:43:F8:49,-81,1598516675599
0,7,D0:F0:18:43:F8:2F,-87,1598516676105
1,8,D0:F0:18:43:F8:49,-83,1598516676106
0,9,D0:F0:18:43:F8:49,-78,1598516676610
0,10,D0:F0:18:43:F8:49,-81,1598516677115
0,11,D0:F0:18:43:F8:2F,-86,1598516677621
0,12,D0:F0:18:43:F8:49,-82,1598516678126
0,13,D0:F0:18:43:F8:2F,-86,1598516678632
1,14,D0:F0:18:43:F8:49,-79,1598516678633
0,15,D0:F0:18:43:F8:49,-79,1598516679137
0,16,D0:F0:18:43:F8:49,-81,1598516679641
0,17,D0:F0:18:43:F8:2F,-86,1598516680148
1,18,D0:F0:18:43:F8:49,-84,1598516680149
0,19,D0:F0:18:43:F8:49,-79,1598516680654
0,20,D0:F0:18:43:F8:49,-80,1598516681159
0,21,D0:F0:18:43:F8:2F,-86,1598516681664
1,22,D0:F0:18:43:F8:49,-79,1598516681666
0,23,D0:F0:18:43:F8:2F,-86,1598516682169
0,24,D0:F0:18:43:F8:49,-78,1598516682675
0,25,D0:F0:18:43:F8:49,-80,1598516683179
0,26,D0:F0:18:43:F8:49,-86,1598516683686
0,27,D0:F0:18:43:F8:49,-77,1598516684192
0,28,D0:F0:18:43:F8:49,-81,1598516684697
0,29,D0:F0:18:43:F8:49,-77,1598516685202
0,30,D0:F0:18:43:F8:49,-80,1598516685707
0,31,D0:F0:18:43:F8:2F,-87,1598516686213
1,32,D0:F0:18:43:F8:49,-85,1598516686215
0,33,D0:F0:18:43:F8:49,-78,1598516686718
0,34,D0:F0:18:43:F8:49,-81,1598516687222
0,35,D0:F0:18:43:F8:2F,-87,1598516687729
1,36,D0:F0:18:43:F8:49,-86,1598516687731
0,37,D0:F0:18:43:F8:49,-80,1598516688235
0,38,D0:F0:18:43:F8:2F,-86,1598516688741
1,39,D0:F0:18:43:F8:49,-80,1598516688742
0,40,D0:F0:18:43:F8:49,-80,1598516689246
0,41,D0:F0:18:43:F8:49,-86,1598516689752
0,42,D0:F0:18:43:F8:2F,-86,1598516690257
1,43,D0:F0:18:43:F8:49,-77,1598516690259
0,44,D0:F0:18:43:F8:49,-84,1598516690763
0,45,D0:F0:18:43:F8:49,-85,1598516691268
0,46,D0:F0:18:43:F8:49,-80,1598516691774
0,47,D0:F0:18:43:F8:49,-84,1598516692279
0,48,D0:F0:18:43:F8:2F,-87,1598516692785
1,49,D0:F0:18:43:F8:49,-79,1598516692787
0,50,D0:F0:18:43:F8:49,-81,1598516693290
0,51,D0:F0:18:43:F8:49,-85,1598516693796
0,52,D0:F0:18:43:F8:2F,-87,1598516694301
1,53,D0:F0:18:43:F8:49,-79,1598516694302
0,54,D0:F0:18:43:F8:2F,-87,1598516694806
1,55,D0:F0:18:43:F8:49,-81,1598516694808
0,56,D0:F0:18:43:F8:2F,-87,1598516695311
1,57,D0:F0:18:43:F8:49,-85,1598516695313
0,58,D0:F0:18:43:F8:49,-82,1598516695816
0,59,D0:F0:18:43:F8:2F,-87,1598516696320
1,60,D0:F0:18:43:F8:49,-85,1598516696322
0,61,D0:F0:18:43:F8:2F,-87,1598516697330
1,62,D0:F0:18:43:F8:49,-80,1598516697332
0,63,D0:F0:18:43:F8:2F,-87,1598516697835
0,64,D0:F0:18:43:F8:49,-85,1598516698340
0,65,D0:F0:18:43:F8:2F,-86,1598516698846
1,66,D0:F0:18:43:F8:49,-85,1598516698847
0,67,D0:F0:18:43:F8:49,-80,1598516699350
0,68,D0:F0:18:43:F8:49,-85,1598516699856
0,69,D0:F0:18:43:F8:2F,-87,1598516700361
1,70,D0:F0:18:43:F8:49,-79,1598516700362
0,71,D0:F0:18:43:F8:49,-80,1598516700866
0,72,D0:F0:18:43:F8:49,-85,1598516701372
0,73,D0:F0:18:43:F8:2F,-87,1598516701877
1,74,D0:F0:18:43:F8:49,-80,1598516701879
0,75,D0:F0:18:43:F8:2F,-88,1598516702384
1,76,D0:F0:18:43:F8:49,-83,1598516702385
0,77,D0:F0:18:43:F8:2F,-87,1598516702897
1,78,D0:F0:18:43:F8:49,-83,1598516702898
0,79,D0:F0:18:43:F8:2F,-87,1598516703907
0,0,D0:F0:18:43:F8:2F,-89,1598516709460
1,1,D0:F0:18:43:F8:49,-79,1598516709460
0,2,D0:F0:18:43:F8:2F,-85,1598516709966
1,3,D0:F0:18:43:F8:49,-84,1598516709967
0,4,D0:F0:18:43:F8:49,-84,1598516710471
0,5,D0:F0:18:43:F8:2F,-84,1598516710976
1,6,D0:F0:18:43:F8:49,-80,1598516710977
0,7,D0:F0:18:43:F8:49,-84,1598516711481
0,8,D0:F0:18:43:F8:49,-84,1598516711987
0,9,D0:F0:18:43:F8:2F,-86,1598516712492
1,10,D0:F0:18:43:F8:49,-85,1598516712494
0,11,D0:F0:18:43:F8:2F,-89,1598516712998
1,12,D0:F0:18:43:F8:49,-83,1598516712999
0,13,D0:F0:18:43:F8:2F,-85,1598516713504
1,14,D0:F0:18:43:F8:49,-79,1598516713506
0,15,D0:F0:18:43:F8:49,-83,1598516714009
0,16,D0:F0:18:43:F8:49,-85,1598516714514
0,17,D0:F0:18:43:F8:2F,-85,1598516715019
1,18,D0:F0:18:43:F8:49,-83,1598516715021
0,19,D0:F0:18:43:F8:49,-83,1598516715524
0,20,D0:F0:18:43:F8:2F,-85,1598516716029
1,21,D0:F0:18:43:F8:49,-78,1598516716031
0,22,D0:F0:18:43:F8:49,-84,1598516716534
0,23,D0:F0:18:43:F8:2F,-89,1598516717040
1,24,D0:F0:18:43:F8:49,-84,1598516717042
0,25,D0:F0:18:43:F8:2F,-84,1598516717546
1,26,D0:F0:18:43:F8:49,-84,1598516717548
0,27,D0:F0:18:43:F8:49,-84,1598516718052
0,28,D0:F0:18:43:F8:2F,-85,1598516718557
0,29,D0:F0:18:43:F8:49,-85,1598516719062
0,30,D0:F0:18:43:F8:2F,-89,1598516719567
0,31,D0:F0:18:43:F8:49,-84,1598516720071
0,32,D0:F0:18:43:F8:2F,-89,1598516720577
1,33,D0:F0:18:43:F8:49,-85,1598516720578
0,34,D0:F0:18:43:F8:2F,-85,1598516721082
0,35,D0:F0:18:43:F8:2F,-89,1598516721587
1,36,D0:F0:18:43:F8:49,-85,1598516721589
0,37,D0:F0:18:43:F8:2F,-85,1598516722092
1,38,D0:F0:18:43:F8:49,-84,1598516722094
0,39,D0:F0:18:43:F8:49,-84,1598516722598
0,40,D0:F0:18:43:F8:2F,-89,1598516723103
0,41,D0:F0:18:43:F8:2F,-85,1598516723608
1,42,D0:F0:18:43:F8:49,-80,1598516723609
0,43,D0:F0:18:43:F8:49,-84,1598516724114
0,44,D0:F0:18:43:F8:49,-85,1598516724620
0,45,D0:F0:18:43:F8:2F,-85,1598516725126
1,46,D0:F0:18:43:F8:49,-84,1598516725127
0,47,D0:F0:18:43:F8:49,-83,1598516725631
0,48,D0:F0:18:43:F8:2F,-85,1598516726137
1,49,D0:F0:18:43:F8:49,-78,1598516726138
0,50,D0:F0:18:43:F8:49,-84,1598516726642
0,51,D0:F0:18:43:F8:49,-85,1598516727147
0,52,D0:F0:18:43:F8:2F,-85,1598516727652
1,53,D0:F0:18:43:F8:49,-79,1598516727654
0,54,D0:F0:18:43:F8:49,-83,1598516728157
0,55,D0:F0:18:43:F8:2F,-90,1598516728641
1,56,D0:F0:18:43:F8:49,-85,1598516728644
0,57,D0:F0:18:43:F8:49,-83,1598516729462
0,58,D0:F0:18:43:F8:2F,-85,1598516729967
0,59,D0:F0:18:43:F8:49,-84,1598516730471
0,60,D0:F0:18:43:F8:2F,-85,1598516730976
1,61,D0:F0:18:43:F8:49,-85,1598516730977
0,62,D0:F0:18:43:F8:49,-83,1598516731480
0,63,D0:F0:18:43:F8:49,-84,1598516731984
0,64,D0:F0:18:43:F8:2F,-85,1598516732488
1,65,D0:F0:18:43:F8:49,-78,1598516732490
0,66,D0:F0:18:43:F8:2F,-89,1598516732993
1,67,D0:F0:18:43:F8:49,-84,1598516732994
0,68,D0:F0:18:43:F8:49,-84,1598516733497
0,69,D0:F0:18:43:F8:2F,-85,1598516734002
1,70,D0:F0:18:43:F8:49,-84,1598516734004
0,71,D0:F0:18:43:F8:2F,-89,1598516734508
1,72,D0:F0:18:43:F8:49,-83,1598516734509
0,73,D0:F0:18:43:F8:2F,-85,1598516735013
1,74,D0:F0:18:43:F8:49,-79,1598516735015
0,75,D0:F0:18:43:F8:2F,-89,1598516735517
1,76,D0:F0:18:43:F8:49,-84,1598516735519
0,77,D0:F0:18:43:F8:2F,-89,1598516736023
1,78,D0:F0:18:43:F8:49,-84,1598516736025
0,79,D0:F0:18:43:F8:2F,-84,1598516736528
0,0,D0:F0:18:43:F8:49,-79,1598516747133
0,1,D0:F0:18:43:F8:2F,-91,1598516747639
1,2,D0:F0:18:43:F8:49,-76,1598516747640
0,3,D0:F0:18:43:F8:49,-73,1598516748144
0,4,D0:F0:18:43:F8:2F,-91,1598516748650
1,5,D0:F0:18:43:F8:49,-77,1598516748651
0,6,D0:F0:18:43:F8:49,-72,1598516749153
0,7,D0:F0:18:43:F8:2F,-89,1598516749659
1,8,D0:F0:18:43:F8:49,-73,1598516749660
0,9,D0:F0:18:43:F8:2F,-89,1598516750165
1,10,D0:F0:18:43:F8:49,-77,1598516750166
0,11,D0:F0:18:43:F8:2F,-89,1598516750670
1,12,D0:F0:18:43:F8:49,-73,1598516750672
0,13,D0:F0:18:43:F8:2F,-89,1598516751176
1,14,D0:F0:18:43:F8:49,-77,1598516751178
0,15,D0:F0:18:43:F8:2F,-89,1598516751682
1,16,D0:F0:18:43:F8:49,-74,1598516751683
0,17,D0:F0:18:43:F8:2F,-89,1598516752187
0,18,D0:F0:18:43:F8:2F,-89,1598516752692
1,19,D0:F0:18:43:F8:49,-78,1598516752693
0,20,D0:F0:18:43:F8:2F,-89,1598516753198
1,21,D0:F0:18:43:F8:49,-74,1598516753199
0,22,D0:F0:18:43:F8:2F,-89,1598516754208
1,23,D0:F0:18:43:F8:49,-74,1598516754209
0,24,D0:F0:18:43:F8:2F,-89,1598516754714
1,25,D0:F0:18:43:F8:49,-77,1598516754715
0,26,D0:F0:18:43:F8:2F,-89,1598516755220
1,27,D0:F0:18:43:F8:49,-77,1598516755222
0,28,D0:F0:18:43:F8:49,-73,1598516755726
0,29,D0:F0:18:43:F8:49,-77,1598516756231
0,30,D0:F0:18:43:F8:2F,-88,1598516756732
1,31,D0:F0:18:43:F8:49,-74,1598516756734
0,32,D0:F0:18:43:F8:2F,-89,1598516757238
1,33,D0:F0:18:43:F8:49,-77,1598516757240
0,34,D0:F0:18:43:F8:49,-77,1598516757743
0,35,D0:F0:18:43:F8:2F,-90,1598516758248
1,36,D0:F0:18:43:F8:49,-73,1598516758250
0,37,D0:F0:18:43:F8:2F,-89,1598516758755
1,38,D0:F0:18:43:F8:49,-76,1598516758756
0,39,D0:F0:18:43:F8:49,-72,1598516759260
0,40,D0:F0:18:43:F8:2F,-89,1598516759765
1,41,D0:F0:18:43:F8:49,-77,1598516759767
0,42,D0:F0:18:43:F8:2F,-89,1598516760271
1,43,D0:F0:18:43:F8:49,-73,1598516760273
0,44,D0:F0:18:43:F8:2F,-89,1598516760777
1,45,D0:F0:18:43:F8:49,-73,1598516760779
0,46,D0:F0:18:43:F8:49,-74,1598516761283
0,47,D0:F0:18:43:F8:49,-73,1598516761787
0,48,D0:F0:18:43:F8:49,-79,1598516762294
0,49,D0:F0:18:43:F8:49,-74,1598516762799
0,50,D0:F0:18:43:F8:2F,-89,1598516763304
1,51,D0:F0:18:43:F8:49,-73,1598516763306
0,52,D0:F0:18:43:F8:49,-74,1598516763809
0,53,D0:F0:18:43:F8:2F,-90,1598516764315
1,54,D0:F0:18:43:F8:49,-74,1598516764318
0,55,D0:F0:18:43:F8:2F,-89,1598516764821
1,56,D0:F0:18:43:F8:49,-74,1598516764822
0,57,D0:F0:18:43:F8:2F,-91,1598516765326
0,58,D0:F0:18:43:F8:2F,-88,1598516765832
1,59,D0:F0:18:43:F8:49,-73,1598516765834
0,60,D0:F0:18:43:F8:49,-73,1598516766843
0,61,D0:F0:18:43:F8:2F,-88,1598516767348
0,62,D0:F0:18:43:F8:2F,-90,1598516767852
0,63,D0:F0:18:43:F8:2F,-89,1598516768358
1,64,D0:F0:18:43:F8:49,-78,1598516768360
0,65,D0:F0:18:43:F8:49,-74,1598516768864
0,66,D0:F0:18:43:F8:2F,-89,1598516769371
1,67,D0:F0:18:43:F8:49,-73,1598516769372
0,68,D0:F0:18:43:F8:2F,-89,1598516769877
1,69,D0:F0:18:43:F8:49,-78,1598516769878
0,70,D0:F0:18:43:F8:49,-74,1598516770382
0,71,D0:F0:18:43:F8:49,-73,1598516770887
0,72,D0:F0:18:43:F8:49,-74,1598516771392
0,73,D0:F0:18:43:F8:49,-74,1598516771897
0,74,D0:F0:18:43:F8:2F,-89,1598516772403
1,75,D0:F0:18:43:F8:49,-78,1598516772404
0,76,D0:F0:18:43:F8:49,-74,1598516772908
0,77,D0:F0:18:43:F8:2F,-89,1598516773413
1,78,D0:F0:18:43:F8:49,-73,1598516773415
0,79,D0:F0:18:43:F8:49,-74,1598516773917
0,0,D0:F0:18:43:F8:49,-71,1598516777970
0,1,D0:F0:18:43:F8:2F,-86,1598516778469
1,2,D0:F0:18:43:F8:49,-72,1598516778471
0,3,D0:F0:18:43:F8:2F,-85,1598516778974
1,4,D0:F0:18:43:F8:49,-74,1598516778976
0,5,D0:F0:18:43:F8:49,-71,1598516779479
0,6,D0:F0:18:43:F8:2F,-85,1598516779984
1,7,D0:F0:18:43:F8:49,-71,1598516779985
0,8,D0:F0:18:43:F8:2F,-86,1598516780490
1,9,D0:F0:18:43:F8:49,-74,1598516780491
0,10,D0:F0:18:43:F8:2F,-85,1598516780994
1,11,D0:F0:18:43:F8:49,-71,1598516780996
0,12,D0:F0:18:43:F8:2F,-86,1598516781499
1,13,D0:F0:18:43:F8:49,-74,1598516781501
0,14,D0:F0:18:43:F8:2F,-85,1598516782510
1,15,D0:F0:18:43:F8:49,-71,1598516782511
0,16,D0:F0:18:43:F8:2F,-85,1598516783015
1,17,D0:F0:18:43:F8:49,-71,1598516783016
0,18,D0:F0:18:43:F8:2F,-84,1598516783520
1,19,D0:F0:18:43:F8:49,-74,1598516783521
0,20,D0:F0:18:43:F8:49,-74,1598516784026
0,21,D0:F0:18:43:F8:2F,-84,1598516784531
1,22,D0:F0:18:43:F8:49,-71,1598516784533
0,23,D0:F0:18:43:F8:49,-74,1598516785036
0,24,D0:F0:18:43:F8:2F,-86,1598516785542
1,25,D0:F0:18:43:F8:49,-71,1598516785543
0,26,D0:F0:18:43:F8:49,-71,1598516786047
0,27,D0:F0:18:43:F8:2F,-86,1598516786552
1,28,D0:F0:18:43:F8:49,-74,1598516786554
0,29,D0:F0:18:43:F8:49,-71,1598516787058
0,30,D0:F0:18:43:F8:2F,-84,1598516787563
1,31,D0:F0:18:43:F8:49,-72,1598516787565
0,32,D0:F0:18:43:F8:2F,-86,1598516788069
1,33,D0:F0:18:43:F8:49,-72,1598516788070
0,34,D0:F0:18:43:F8:2F,-91,1598516788575
1,35,D0:F0:18:43:F8:49,-71,1598516788576
0,36,D0:F0:18:43:F8:2F,-84,1598516789079
1,37,D0:F0:18:43:F8:49,-74,1598516789081
0,38,D0:F0:18:43:F8:2F,-86,1598516789586
1,39,D0:F0:18:43:F8:49,-71,1598516789588
0,40,D0:F0:18:43:F8:49,-72,1598516790091
0,41,D0:F0:18:43:F8:2F,-85,1598516790597
1,42,D0:F0:18:43:F8:49,-71,1598516790598
0,43,D0:F0:18:43:F8:2F,-86,1598516791101
0,44,D0:F0:18:43:F8:2F,-86,1598516791608
1,45,D0:F0:18:43:F8:49,-71,1598516791610
0,46,D0:F0:18:43:F8:49,-71,1598516792113
0,47,D0:F0:18:43:F8:2F,-84,1598516792618
1,48,D0:F0:18:43:F8:49,-74,1598516792620
0,49,D0:F0:18:43:F8:2F,-86,1598516793123
1,50,D0:F0:18:43:F8:49,-71,1598516793125
0,51,D0:F0:18:43:F8:49,-71,1598516793628
0,52,D0:F0:18:43:F8:2F,-83,1598516794134
1,53,D0:F0:18:43:F8:49,-74,1598516794135
0,54,D0:F0:18:43:F8:49,-71,1598516794639
0,55,D0:F0:18:43:F8:2F,-84,1598516795144
0,56,D0:F0:18:43:F8:2F,-86,1598516795650
1,57,D0:F0:18:43:F8:49,-71,1598516795651
0,58,D0:F0:18:43:F8:49,-71,1598516796660
0,59,D0:F0:18:43:F8:2F,-83,1598516797165
1,60,D0:F0:18:43:F8:49,-71,1598516797166
0,61,D0:F0:18:43:F8:2F,-84,1598516797670
0,62,D0:F0:18:43:F8:2F,-86,1598516798176
1,63,D0:F0:18:43:F8:49,-71,1598516798177
0,64,D0:F0:18:43:F8:2F,-85,1598516798681
1,65,D0:F0:18:43:F8:49,-71,1598516798682
0,66,D0:F0:18:43:F8:2F,-86,1598516799187
1,67,D0:F0:18:43:F8:49,-74,1598516799188
0,68,D0:F0:18:43:F8:2F,-84,1598516799692
1,69,D0:F0:18:43:F8:49,-71,1598516799694
0,70,D0:F0:18:43:F8:2F,-84,1598516800199
1,71,D0:F0:18:43:F8:49,-71,1598516800200
0,72,D0:F0:18:43:F8:2F,-86,1598516800705
1,73,D0:F0:18:43:F8:49,-74,1598516800706
0,74,D0:F0:18:43:F8:49,-71,1598516801210
0,75,D0:F0:18:43:F8:2F,-86,1598516801715
1,76,D0:F0:18:43:F8:49,-74,1598516801717
0,77,D0:F0:18:43:F8:49,-71,1598516802221
0,78,D0:F0:18:43:F8:2F,-84,1598516802728
1,79,D0:F0:18:43:F8:49,-71,1598516802729
0,0,D0:F0:18:43:F8:2F,-88,1598516809298
1,1,D0:F0:18:43:F8:49,-62,1598516809299
0,2,D0:F0:18:43:F8:2F,-89,1598516809804
1,3,D0:F0:18:43:F8:49,-62,1598516809806
0,4,D0:F0:18:43:F8:49,-60,1598516810309
0,5,D0:F0:18:43:F8:2F,-89,1598516810815
1,6,D0:F0:18:43:F8:49,-62,1598516810816
0,7,D0:F0:18:43:F8:49,-62,1598516811319
0,8,D0:F0:18:43:F8:2F,-88,1598516811826
1,9,D0:F0:18:43:F8:49,-60,1598516811828
0,10,D0:F0:18:43:F8:49,-62,1598516812332
0,11,D0:F0:18:43:F8:2F,-88,1598516812837
1,12,D0:F0:18:43:F8:49,-61,1598516812839
0,13,D0:F0:18:43:F8:2F,-88,1598516813344
1,14,D0:F0:18:43:F8:49,-62,1598516813346
0,15,D0:F0:18:43:F8:2F,-88,1598516813850
1,16,D0:F0:18:43:F8:49,-61,1598516813852
0,17,D0:F0:18:43:F8:2F,-88,1598516814357
1,18,D0:F0:18:43:F8:49,-62,1598516814358
0,19,D0:F0:18:43:F8:2F,-88,1598516814862
1,20,D0:F0:18:43:F8:49,-61,1598516814864
0,21,D0:F0:18:43:F8:2F,-87,1598516815368
1,22,D0:F0:18:43:F8:49,-61,1598516815370
0,23,D0:F0:18:43:F8:49,-62,1598516815874
0,24,D0:F0:18:43:F8:49,-60,1598516816382
0,25,D0:F0:18:43:F8:49,-62,1598516816887
0,26,D0:F0:18:43:F8:2F,-88,1598516817392
0,27,D0:F0:18:43:F8:49,-60,1598516817897
0,28,D0:F0:18:43:F8:2F,-88,1598516818403
1,29,D0:F0:18:43:F8:49,-60,1598516818405
0,30,D0:F0:18:43:F8:49,-62,1598516818908
0,31,D0:F0:18:43:F8:2F,-88,1598516819414
1,32,D0:F0:18:43:F8:49,-62,1598516819415
0,33,D0:F0:18:43:F8:2F,-89,1598516819920
1,34,D0:F0:18:43:F8:49,-60,1598516819922
0,35,D0:F0:18:43:F8:49,-62,1598516820425
0,36,D0:F0:18:43:F8:2F,-88,1598516820930
1,37,D0:F0:18:43:F8:49,-62,1598516820931
0,38,D0:F0:18:43:F8:49,-62,1598516821435
0,39,D0:F0:18:43:F8:2F,-87,1598516821940
1,40,D0:F0:18:43:F8:49,-62,1598516821941
0,41,D0:F0:18:43:F8:2F,-89,1598516822445
1,42,D0:F0:18:43:F8:49,-61,1598516822447
0,43,D0:F0:18:43:F8:49,-62,1598516822950
0,44,D0:F0:18:43:F8:49,-62,1598516823456
0,45,D0:F0:18:43:F8:49,-61,1598516823961
0,46,D0:F0:18:43:F8:49,-62,1598516824467
0,47,D0:F0:18:43:F8:2F,-88,1598516824972
1,48,D0:F0:18:43:F8:49,-62,1598516824974
0,49,D0:F0:18:43:F8:2F,-88,1598516825983
1,50,D0:F0:18:43:F8:49,-61,1598516825985
0,51,D0:F0:18:43:F8:49,-62,1598516826488
0,52,D0:F0:18:43:F8:49,-62,1598516826993
0,53,D0:F0:18:43:F8:2F,-88,1598516827499
1,54,D0:F0:18:43:F8:49,-61,1598516827501
0,55,D0:F0:18:43:F8:49,-62,1598516828005
0,56,D0:F0:18:43:F8:2F,-88,1598516828510
1,57,D0:F0:18:43:F8:49,-62,1598516828512
0,58,D0:F0:18:43:F8:2F,-89,1598516829016
1,59,D0:F0:18:43:F8:49,-62,1598516829018
0,60,D0:F0:18:43:F8:49,-62,1598516829522
0,61,D0:F0:18:43:F8:49,-62,1598516830028
0,62,D0:F0:18:43:F8:49,-62,1598516830533
0,63,D0:F0:18:43:F8:2F,-89,1598516831038
1,64,D0:F0:18:43:F8:49,-62,1598516831040
0,65,D0:F0:18:43:F8:49,-62,1598516831544
0,66,D0:F0:18:43:F8:2F,-93,1598516832049
1,67,D0:F0:18:43:F8:49,-62,1598516832051
0,68,D0:F0:18:43:F8:2F,-89,1598516832555
1,69,D0:F0:18:43:F8:49,-62,1598516832557
0,70,D0:F0:18:43:F8:2F,-89,1598516833060
1,71,D0:F0:18:43:F8:49,-62,1598516833062
0,72,D0:F0:18:43:F8:49,-60,1598516833566
0,73,D0:F0:18:43:F8:2F,-89,1598516834071
1,74,D0:F0:18:43:F8:49,-62,1598516834073
0,75,D0:F0:18:43:F8:49,-62,1598516834577
0,76,D0:F0:18:43:F8:49,-60,1598516835081
0,77,D0:F0:18:43:F8:2F,-89,1598516835587
1,78,D0:F0:18:43:F8:49,-62,1598516835589
0,79,D0:F0:18:43:F8:49,-60,1598516836094
0,0,D0:F0:18:43:F8:2F,-88,1598516842150
1,1,D0:F0:18:43:F8:49,-68,1598516842151
0,2,D0:F0:18:43:F8:2F,-86,1598516842654
1,3,D0:F0:18:43:F8:49,-65,1598516842655
0,4,D0:F0:18:43:F8:2F,-87,1598516843160
1,5,D0:F0:18:43:F8:49,-68,1598516843162
0,6,D0:F0:18:43:F8:2F,-88,1598516843665
1,7,D0:F0:18:43:F8:49,-62,1598516843667
0,8,D0:F0:18:43:F8:2F,-88,1598516844171
1,9,D0:F0:18:43:F8:49,-65,1598516844173
0,10,D0:F0:18:43:F8:49,-68,1598516844677
0,11,D0:F0:18:43:F8:2F,-86,1598516845182
1,12,D0:F0:18:43:F8:49,-62,1598516845184
0,13,D0:F0:18:43:F8:2F,-89,1598516845689
1,14,D0:F0:18:43:F8:49,-68,1598516845690
0,15,D0:F0:18:43:F8:2F,-86,1598516846196
1,16,D0:F0:18:43:F8:49,-68,1598516846198
0,17,D0:F0:18:43:F8:49,-65,1598516846698
0,18,D0:F0:18:43:F8:2F,-89,1598516847203
1,19,D0:F0:18:43:F8:49,-68,1598516847205
0,20,D0:F0:18:43:F8:2F,-85,1598516847708
0,21,D0:F0:18:43:F8:2F,-89,1598516848213
1,22,D0:F0:18:43:F8:49,-68,1598516848215
0,23,D0:F0:18:43:F8:2F,-85,1598516848716
0,24,D0:F0:18:43:F8:49,-65,1598516849221
0,25,D0:F0:18:43:F8:2F,-89,1598516849727
1,26,D0:F0:18:43:F8:49,-68,1598516849728
0,27,D0:F0:18:43:F8:2F,-85,1598516850232
1,28,D0:F0:18:43:F8:49,-63,1598516850234
0,29,D0:F0:18:43:F8:49,-65,1598516850738
0,30,D0:F0:18:43:F8:2F,-89,1598516851244
1,31,D0:F0:18:43:F8:49,-68,1598516851245
0,32,D0:F0:18:43:F8:2F,-89,1598516851750
1,33,D0:F0:18:43:F8:49,-63,1598516851751
0,34,D0:F0:18:43:F8:49,-68,1598516852255
0,35,D0:F0:18:43:F8:2F,-86,1598516852760
1,36,D0:F0:18:43:F8:49,-63,1598516852761
0,37,D0:F0:18:43:F8:2F,-89,1598516853265
1,38,D0:F0:18:43:F8:49,-65,1598516853267
0,39,D0:F0:18:43:F8:2F,-86,1598516853771
1,40,D0:F0:18:43:F8:49,-69,1598516853772
0,41,D0:F0:18:43:F8:2F,-89,1598516854277
1,42,D0:F0:18:43:F8:49,-62,1598516854278
0,43,D0:F0:18:43:F8:2F,-86,1598516854782
1,44,D0:F0:18:43:F8:49,-68,1598516854783
0,45,D0:F0:18:43:F8:2F,-86,1598516855288
1,46,D0:F0:18:43:F8:49,-62,1598516855290
0,47,D0:F0:18:43:F8:2F,-89,1598516855795
1,48,D0:F0:18:43:F8:49,-68,1598516855797
0,49,D0:F0:18:43:F8:2F,-86,1598516856301
1,50,D0:F0:18:43:F8:49,-68,1598516856302
0,51,D0:F0:18:43:F8:49,-65,1598516856806
0,52,D0:F0:18:43:F8:2F,-86,1598516857311
1,53,D0:F0:18:43:F8:49,-68,1598516857312
0,54,D0:F0:18:43:F8:2F,-86,1598516857817
1,55,D0:F0:18:43:F8:49,-62,1598516857818
0,56,D0:F0:18:43:F8:2F,-88,1598516858322
1,57,D0:F0:18:43:F8:49,-68,1598516858324
0,58,D0:F0:18:43:F8:2F,-90,1598516858828
1,59,D0:F0:18:43:F8:49,-62,1598516858830
0,60,D0:F0:18:43:F8:2F,-88,1598516859335
1,61,D0:F0:18:43:F8:49,-68,1598516859337
0,62,D0:F0:18:43:F8:2F,-86,1598516859841
1,63,D0:F0:18:43:F8:49,-62,1598516859842
0,64,D0:F0:18:43:F8:49,-65,1598516860346
0,65,D0:F0:18:43:F8:2F,-86,1598516860851
1,66,D0:F0:18:43:F8:49,-68,1598516860852
0,67,D0:F0:18:43:F8:2F,-86,1598516861357
1,68,D0:F0:18:43:F8:49,-62,1598516861358
0,69,D0:F0:18:43:F8:2F,-89,1598516861863
1,70,D0:F0:18:43:F8:49,-65,1598516861864
0,71,D0:F0:18:43:F8:2F,-85,1598516862368
1,72,D0:F0:18:43:F8:49,-62,1598516862370
0,73,D0:F0:18:43:F8:2F,-85,1598516862875
1,74,D0:F0:18:43:F8:49,-63,1598516862877
0,75,D0:F0:18:43:F8:2F,-89,1598516863381
1,76,D0:F0:18:43:F8:49,-69,1598516863382
0,77,D0:F0:18:43:F8:2F,-86,1598516863887
1,78,D0:F0:18:43:F8:49,-63,1598516863889
0,79,D0:F0:18:43:F8:2F,-88,1598516864392
0,0,D0:F0:18:43:F8:2F,-86,1598516883108
1,1,D0:F0:18:43:F8:49,-59,1598516883110
0,2,D0:F0:18:43:F8:2F,-87,1598516883615
1,3,D0:F0:18:43:F8:49,-59,1598516883616
0,4,D0:F0:18:43:F8:2F,-86,1598516884120
1,5,D0:F0:18:43:F8:49,-63,1598516884122
0,6,D0:F0:18:43:F8:49,-56,1598516884625
0,7,D0:F0:18:43:F8:2F,-91,1598516885131
1,8,D0:F0:18:43:F8:49,-60,1598516885133
0,9,D0:F0:18:43:F8:2F,-86,1598516885637
1,10,D0:F0:18:43:F8:49,-63,1598516885638
0,11,D0:F0:18:43:F8:49,-56,1598516886142
0,12,D0:F0:18:43:F8:2F,-87,1598516886649
1,13,D0:F0:18:43:F8:49,-63,1598516886650
0,14,D0:F0:18:43:F8:2F,-86,1598516887152
1,15,D0:F0:18:43:F8:49,-63,1598516887153
0,16,D0:F0:18:43:F8:2F,-88,1598516887659
1,17,D0:F0:18:43:F8:49,-59,1598516887660
0,18,D0:F0:18:43:F8:49,-63,1598516888164
0,19,D0:F0:18:43:F8:2F,-89,1598516888669
0,20,D0:F0:18:43:F8:49,-56,1598516889175
0,21,D0:F0:18:43:F8:2F,-89,1598516889681
1,22,D0:F0:18:43:F8:49,-56,1598516889682
0,23,D0:F0:18:43:F8:2F,-88,1598516890187
1,24,D0:F0:18:43:F8:49,-63,1598516890188
0,25,D0:F0:18:43:F8:2F,-89,1598516890692
1,26,D0:F0:18:43:F8:49,-56,1598516890694
0,27,D0:F0:18:43:F8:2F,-88,1598516891197
1,28,D0:F0:18:43:F8:49,-59,1598516891198
0,29,D0:F0:18:43:F8:2F,-87,1598516891703
1,30,D0:F0:18:43:F8:49,-63,1598516891705
0,31,D0:F0:18:43:F8:2F,-89,1598516892208
1,32,D0:F0:18:43:F8:49,-56,1598516892210
0,33,D0:F0:18:43:F8:2F,-87,1598516892715
1,34,D0:F0:18:43:F8:49,-59,1598516892717
0,35,D0:F0:18:43:F8:2F,-86,1598516893220
1,36,D0:F0:18:43:F8:49,-56,1598516893222
0,37,D0:F0:18:43:F8:49,-59,1598516893726
0,38,D0:F0:18:43:F8:2F,-87,1598516894231
0,39,D0:F0:18:43:F8:2F,-86,1598516894738
1,40,D0:F0:18:43:F8:49,-59,1598516894739
0,41,D0:F0:18:43:F8:2F,-86,1598516895243
1,42,D0:F0:18:43:F8:49,-63,1598516895245
0,43,D0:F0:18:43:F8:2F,-86,1598516895749
1,44,D0:F0:18:43:F8:49,-56,1598516895750
0,45,D0:F0:18:43:F8:2F,-87,1598516896255
1,46,D0:F0:18:43:F8:49,-59,1598516896256
0,47,D0:F0:18:43:F8:49,-56,1598516896760
0,48,D0:F0:18:43:F8:49,-56,1598516897265
0,49,D0:F0:18:43:F8:2F,-87,1598516897771
1,50,D0:F0:18:43:F8:49,-63,1598516897773
0,51,D0:F0:18:43:F8:2F,-89,1598516898278
1,52,D0:F0:18:43:F8:49,-56,1598516898280
0,53,D0:F0:18:43:F8:2F,-87,1598516898784
1,54,D0:F0:18:43:F8:49,-59,1598516898785
0,55,D0:F0:18:43:F8:2F,-88,1598516899289
1,56,D0:F0:18:43:F8:49,-56,1598516899291
0,57,D0:F0:18:43:F8:2F,-89,1598516899794
1,58,D0:F0:18:43:F8:49,-56,1598516899796
0,59,D0:F0:18:43:F8:2F,-87,1598516900299
1,60,D0:F0:18:43:F8:49,-63,1598516900301
0,61,D0:F0:18:43:F8:2F,-89,1598516900804
1,62,D0:F0:18:43:F8:49,-56,1598516900806
0,63,D0:F0:18:43:F8:49,-59,1598516901309
0,64,D0:F0:18:43:F8:2F,-88,1598516901813
1,65,D0:F0:18:43:F8:49,-56,1598516901815
0,66,D0:F0:18:43:F8:2F,-86,1598516902320
1,67,D0:F0:18:43:F8:49,-59,1598516902321
0,68,D0:F0:18:43:F8:2F,-89,1598516902825
1,69,D0:F0:18:43:F8:49,-63,1598516902827
0,70,D0:F0:18:43:F8:2F,-87,1598516903331
1,71,D0:F0:18:43:F8:49,-59,1598516903333
0,72,D0:F0:18:43:F8:2F,-87,1598516903837
1,73,D0:F0:18:43:F8:49,-59,1598516903839
0,74,D0:F0:18:43:F8:2F,-89,1598516904342
1,75,D0:F0:18:43:F8:49,-56,1598516904344
0,76,D0:F0:18:43:F8:49,-63,1598516904848
0,77,D0:F0:18:43:F8:49,-56,1598516905353
0,78,D0:F0:18:43:F8:2F,-87,1598516905860
1,79,D0:F0:18:43:F8:49,-63,1598516905861
0,0,D0:F0:18:43:F8:2F,-81,1598516911419
1,1,D0:F0:18:43:F8:49,-42,1598516911420
0,2,D0:F0:18:43:F8:2F,-89,1598516911926
1,3,D0:F0:18:43:F8:49,-43,1598516911927
0,4,D0:F0:18:43:F8:2F,-77,1598516912431
1,5,D0:F0:18:43:F8:49,-43,1598516912433
0,6,D0:F0:18:43:F8:2F,-80,1598516912937
0,7,D0:F0:18:43:F8:2F,-83,1598516913443
1,8,D0:F0:18:43:F8:49,-42,1598516913445
0,9,D0:F0:18:43:F8:49,-42,1598516913949
0,10,D0:F0:18:43:F8:2F,-82,1598516914454
1,11,D0:F0:18:43:F8:49,-43,1598516914456
0,12,D0:F0:18:43:F8:2F,-80,1598516914961
1,13,D0:F0:18:43:F8:49,-42,1598516914963
0,14,D0:F0:18:43:F8:2F,-81,1598516915467
1,15,D0:F0:18:43:F8:49,-43,1598516915468
0,16,D0:F0:18:43:F8:2F,-76,1598516915973
1,17,D0:F0:18:43:F8:49,-43,1598516915975
0,18,D0:F0:18:43:F8:2F,-80,1598516916478
1,19,D0:F0:18:43:F8:49,-42,1598516916481
0,20,D0:F0:18:43:F8:2F,-81,1598516916984
1,21,D0:F0:18:43:F8:49,-43,1598516916986
0,22,D0:F0:18:43:F8:2F,-80,1598516917489
1,23,D0:F0:18:43:F8:49,-42,1598516917491
0,24,D0:F0:18:43:F8:2F,-80,1598516917995
1,25,D0:F0:18:43:F8:49,-43,1598516917997
0,26,D0:F0:18:43:F8:2F,-76,1598516918500
1,27,D0:F0:18:43:F8:49,-43,1598516918502
0,28,D0:F0:18:43:F8:49,-42,1598516919006
0,29,D0:F0:18:43:F8:2F,-81,1598516919512
1,30,D0:F0:18:43:F8:49,-43,1598516919514
0,31,D0:F0:18:43:F8:2F,-76,1598516920017
1,32,D0:F0:18:43:F8:49,-42,1598516920019
0,33,D0:F0:18:43:F8:2F,-80,1598516920524
1,34,D0:F0:18:43:F8:49,-42,1598516920526
0,35,D0:F0:18:43:F8:2F,-76,1598516921030
1,36,D0:F0:18:43:F8:49,-43,1598516921031
0,37,D0:F0:18:43:F8:2F,-76,1598516921536
1,38,D0:F0:18:43:F8:49,-42,1598516921537
0,39,D0:F0:18:43:F8:2F,-76,1598516922041
1,40,D0:F0:18:43:F8:49,-46,1598516922043
0,41,D0:F0:18:43:F8:2F,-80,1598516922547
1,42,D0:F0:18:43:F8:49,-42,1598516922548
0,43,D0:F0:18:43:F8:2F,-83,1598516923052
1,44,D0:F0:18:43:F8:49,-43,1598516923054
0,45,D0:F0:18:43:F8:2F,-76,1598516923559
1,46,D0:F0:18:43:F8:49,-42,1598516923560
0,47,D0:F0:18:43:F8:2F,-80,1598516924065
1,48,D0:F0:18:43:F8:49,-42,1598516924066
0,49,D0:F0:18:43:F8:2F,-83,1598516924570
1,50,D0:F0:18:43:F8:49,-43,1598516924572
0,51,D0:F0:18:43:F8:2F,-80,1598516925076
1,52,D0:F0:18:43:F8:49,-42,1598516925077
0,53,D0:F0:18:43:F8:2F,-84,1598516925581
1,54,D0:F0:18:43:F8:49,-43,1598516925583
0,55,D0:F0:18:43:F8:2F,-76,1598516926088
1,56,D0:F0:18:43:F8:49,-43,1598516926089
0,57,D0:F0:18:43:F8:2F,-80,1598516926593
1,58,D0:F0:18:43:F8:49,-42,1598516926595
0,59,D0:F0:18:43:F8:2F,-83,1598516927099
1,60,D0:F0:18:43:F8:49,-43,1598516927101
0,61,D0:F0:18:43:F8:2F,-80,1598516927606
1,62,D0:F0:18:43:F8:49,-42,1598516927607
0,63,D0:F0:18:43:F8:2F,-80,1598516928112
1,64,D0:F0:18:43:F8:49,-42,1598516928114
0,65,D0:F0:18:43:F8:2F,-80,1598516928617
0,66,D0:F0:18:43:F8:2F,-84,1598516929123
1,67,D0:F0:18:43:F8:49,-43,1598516929125
0,68,D0:F0:18:43:F8:2F,-76,1598516929628
1,69,D0:F0:18:43:F8:49,-43,1598516929630
0,70,D0:F0:18:43:F8:2F,-80,1598516930135
1,71,D0:F0:18:43:F8:49,-43,1598516930136
0,72,D0:F0:18:43:F8:2F,-83,1598516930640
1,73,D0:F0:18:43:F8:49,-43,1598516930642
0,74,D0:F0:18:43:F8:2F,-76,1598516931146
1,75,D0:F0:18:43:F8:49,-42,1598516931148
0,76,D0:F0:18:43:F8:2F,-80,1598516931651
1,77,D0:F0:18:43:F8:49,-43,1598516931653
0,78,D0:F0:18:43:F8:2F,-76,1598516932157
1,79,D0:F0:18:43:F8:49,-43,1598516932159
