0,0,D0:F0:18:43:F8:2F,-88,1598513313652
1,1,D0:F0:18:43:F8:49,-44,1598513313657
0,2,D0:F0:18:43:F8:2F,-86,1598513314179
1,3,D0:F0:18:43:F8:49,-44,1598513314187
0,4,D0:F0:18:43:F8:2F,-83,1598513314700
1,5,D0:F0:18:43:F8:49,-44,1598513314708
0,6,D0:F0:18:43:F8:2F,-87,1598513315226
1,7,D0:F0:18:43:F8:49,-44,1598513315234
0,8,D0:F0:18:43:F8:2F,-78,1598513315737
1,9,D0:F0:18:43:F8:49,-44,1598513315742
0,10,D0:F0:18:43:F8:2F,-85,1598513316260
1,11,D0:F0:18:43:F8:49,-44,1598513316268
0,12,D0:F0:18:43:F8:2F,-77,1598513316763
1,13,D0:F0:18:43:F8:49,-44,1598513316766
0,14,D0:F0:18:43:F8:2F,-77,1598513317297
1,15,D0:F0:18:43:F8:49,-44,1598513317305
0,16,D0:F0:18:43:F8:2F,-86,1598513317825
1,17,D0:F0:18:43:F8:49,-44,1598513317833
0,18,D0:F0:18:43:F8:2F,-79,1598513318351
1,19,D0:F0:18:43:F8:49,-44,1598513318360
0,20,D0:F0:18:43:F8:2F,-89,1598513318873
1,21,D0:F0:18:43:F8:49,-44,1598513318881
0,22,D0:F0:18:43:F8:2F,-79,1598513319396
1,23,D0:F0:18:43:F8:49,-44,1598513319404
0,24,D0:F0:18:43:F8:2F,-89,1598513319921
1,25,D0:F0:18:43:F8:49,-44,1598513319930
0,26,D0:F0:18:43:F8:2F,-86,1598513320431
1,27,D0:F0:18:43:F8:49,-44,1598513320436
0,28,D0:F0:18:43:F8:2F,-78,1598513320955
1,29,D0:F0:18:43:F8:49,-44,1598513320963
0,30,D0:F0:18:43:F8:2F,-88,1598513321477
1,31,D0:F0:18:43:F8:49,-44,1598513321485
0,32,D0:F0:18:43:F8:2F,-78,1598513322000
1,33,D0:F0:18:43:F8:49,-44,1598513322008
0,34,D0:F0:18:43:F8:2F,-79,1598513322523
1,35,D0:F0:18:43:F8:49,-45,1598513322531
0,36,D0:F0:18:43:F8:2F,-87,1598513323043
1,37,D0:F0:18:43:F8:49,-44,1598513323052
0,38,D0:F0:18:43:F8:2F,-78,1598513323562
1,39,D0:F0:18:43:F8:49,-44,1598513323569
0,40,D0:F0:18:43:F8:2F,-89,1598513324089
1,41,D0:F0:18:43:F8:49,-44,1598513324100
0,42,D0:F0:18:43:F8:2F,-87,1598513324608
1,43,D0:F0:18:43:F8:49,-44,1598513324616
0,44,D0:F0:18:43:F8:2F,-78,1598513325133
1,45,D0:F0:18:43:F8:49,-44,1598513325141
0,46,D0:F0:18:43:F8:2F,-86,1598513325639
1,47,D0:F0:18:43:F8:49,-44,1598513325642
0,48,D0:F0:18:43:F8:2F,-79,1598513326162
1,49,D0:F0:18:43:F8:49,-44,1598513326171
0,50,D0:F0:18:43:F8:2F,-89,1598513326683
0,51,D0:F0:18:43:F8:2F,-86,1598513327203
1,52,D0:F0:18:43:F8:49,-44,1598513327211
0,53,D0:F0:18:43:F8:2F,-79,1598513327719
1,54,D0:F0:18:43:F8:49,-44,1598513327723
0,55,D0:F0:18:43:F8:2F,-86,1598513328239
1,56,D0:F0:18:43:F8:49,-44,1598513328246
0,57,D0:F0:18:43:F8:2F,-79,1598513328745
1,58,D0:F0:18:43:F8:49,-44,1598513328749
0,59,D0:F0:18:43:F8:49,-44,1598513329263
0,60,D0:F0:18:43:F8:2F,-86,1598513329781
1,61,D0:F0:18:43:F8:49,-44,1598513329788
0,62,D0:F0:18:43:F8:2F,-79,1598513330298
1,63,D0:F0:18:43:F8:49,-44,1598513330306
0,64,D0:F0:18:43:F8:2F,-89,1598513330817
1,65,D0:F0:18:43:F8:49,-44,1598513330824
0,66,D0:F0:18:43:F8:2F,-86,1598513331833
1,67,D0:F0:18:43:F8:49,-44,1598513331836
0,68,D0:F0:18:43:F8:2F,-78,1598513332353
1,69,D0:F0:18:43:F8:49,-44,1598513332361
0,70,D0:F0:18:43:F8:49,-44,1598513332867
0,71,D0:F0:18:43:F8:2F,-78,1598513333386
1,72,D0:F0:18:43:F8:49,-44,1598513333393
0,73,D0:F0:18:43:F8:2F,-78,1598513333903
1,74,D0:F0:18:43:F8:49,-44,1598513333911
0,75,D0:F0:18:43:F8:2F,-86,1598513334422
1,76,D0:F0:18:43:F8:49,-44,1598513334429
0,77,D0:F0:18:43:F8:2F,-79,1598513334941
1,78,D0:F0:18:43:F8:49,-44,1598513334949
0,79,D0:F0:18:43:F8:2F,-78,1598513335460
0,0,D0:F0:18:43:F8:2F,-86,1598513341154
1,1,D0:F0:18:43:F8:49,-56,1598513341166
0,2,D0:F0:18:43:F8:49,-56,1598513341669
0,3,D0:F0:18:43:F8:2F,-88,1598513342183
1,4,D0:F0:18:43:F8:49,-58,1598513342191
0,5,D0:F0:18:43:F8:2F,-86,1598513342695
1,6,D0:F0:18:43:F8:49,-57,1598513342702
0,7,D0:F0:18:43:F8:2F,-86,1598513343208
1,8,D0:F0:18:43:F8:49,-57,1598513343216
0,9,D0:F0:18:43:F8:2F,-87,1598513343723
1,10,D0:F0:18:43:F8:49,-57,1598513343732
0,11,D0:F0:18:43:F8:2F,-88,1598513344234
1,12,D0:F0:18:43:F8:49,-55,1598513344242
0,13,D0:F0:18:43:F8:49,-57,1598513344749
0,14,D0:F0:18:43:F8:2F,-88,1598513345264
1,15,D0:F0:18:43:F8:49,-57,1598513345273
0,16,D0:F0:18:43:F8:49,-56,1598513345773
0,17,D0:F0:18:43:F8:49,-57,1598513346284
0,18,D0:F0:18:43:F8:2F,-89,1598513346796
1,19,D0:F0:18:43:F8:49,-57,1598513346805
0,20,D0:F0:18:43:F8:2F,-89,1598513347311
0,21,D0:F0:18:43:F8:2F,-86,1598513347820
1,22,D0:F0:18:43:F8:49,-56,1598513347823
0,23,D0:F0:18:43:F8:2F,-91,1598513348332
0,24,D0:F0:18:43:F8:2F,-86,1598513348835
1,25,D0:F0:18:43:F8:49,-56,1598513348837
0,26,D0:F0:18:43:F8:2F,-86,1598513349338
1,27,D0:F0:18:43:F8:49,-57,1598513349341
0,28,D0:F0:18:43:F8:2F,-89,1598513349844
1,29,D0:F0:18:43:F8:49,-58,1598513349847
0,30,D0:F0:18:43:F8:2F,-86,1598513350347
1,31,D0:F0:18:43:F8:49,-56,1598513350350
0,32,D0:F0:18:43:F8:2F,-92,1598513350851
1,33,D0:F0:18:43:F8:49,-57,1598513350854
0,34,D0:F0:18:43:F8:2F,-86,1598513351357
1,35,D0:F0:18:43:F8:49,-56,1598513351359
0,36,D0:F0:18:43:F8:2F,-86,1598513351861
1,37,D0:F0:18:43:F8:49,-57,1598513351864
0,38,D0:F0:18:43:F8:2F,-89,1598513352366
1,39,D0:F0:18:43:F8:49,-56,1598513352369
0,40,D0:F0:18:43:F8:49,-56,1598513352880
0,41,D0:F0:18:43:F8:2F,-89,1598513353394
1,42,D0:F0:18:43:F8:49,-58,1598513353402
0,43,D0:F0:18:43:F8:49,-56,1598513353903
0,44,D0:F0:18:43:F8:2F,-86,1598513354417
1,45,D0:F0:18:43:F8:49,-57,1598513354425
0,46,D0:F0:18:43:F8:49,-58,1598513354929
0,47,D0:F0:18:43:F8:2F,-90,1598513355440
1,48,D0:F0:18:43:F8:49,-56,1598513355449
0,49,D0:F0:18:43:F8:2F,-92,1598513355953
1,50,D0:F0:18:43:F8:49,-58,1598513355961
0,51,D0:F0:18:43:F8:49,-56,1598513356462
0,52,D0:F0:18:43:F8:2F,-86,1598513356979
1,53,D0:F0:18:43:F8:49,-57,1598513356988
0,54,D0:F0:18:43:F8:49,-58,1598513357488
0,55,D0:F0:18:43:F8:2F,-88,1598513357996
1,56,D0:F0:18:43:F8:49,-56,1598513358005
0,57,D0:F0:18:43:F8:2F,-88,1598513358507
0,58,D0:F0:18:43:F8:2F,-86,1598513359017
1,59,D0:F0:18:43:F8:49,-57,1598513359024
0,60,D0:F0:18:43:F8:2F,-91,1598513359527
1,61,D0:F0:18:43:F8:49,-58,1598513359533
0,62,D0:F0:18:43:F8:2F,-88,1598513360039
1,63,D0:F0:18:43:F8:49,-56,1598513360048
0,64,D0:F0:18:43:F8:2F,-86,1598513360549
1,65,D0:F0:18:43:F8:49,-57,1598513360556
0,66,D0:F0:18:43:F8:2F,-91,1598513361060
1,67,D0:F0:18:43:F8:49,-58,1598513361068
0,68,D0:F0:18:43:F8:2F,-86,1598513361572
1,69,D0:F0:18:43:F8:49,-57,1598513361580
0,70,D0:F0:18:43:F8:2F,-86,1598513362081
1,71,D0:F0:18:43:F8:49,-57,1598513362088
0,72,D0:F0:18:43:F8:49,-56,1598513362593
0,73,D0:F0:18:43:F8:2F,-86,1598513363105
1,74,D0:F0:18:43:F8:49,-57,1598513363111
0,75,D0:F0:18:43:F8:49,-58,1598513363615
0,76,D0:F0:18:43:F8:49,-57,1598513364126
0,77,D0:F0:18:43:F8:2F,-89,1598513364638
1,78,D0:F0:18:43:F8:49,-57,1598513364647
0,79,D0:F0:18:43:F8:2F,-86,1598513365148
0,0,D0:F0:18:43:F8:2F,-85,1598513371269
1,1,D0:F0:18:43:F8:49,-74,1598513371276
0,2,D0:F0:18:43:F8:2F,-85,1598513371779
1,3,D0:F0:18:43:F8:49,-70,1598513371785
0,4,D0:F0:18:43:F8:49,-70,1598513372288
0,5,D0:F0:18:43:F8:2F,-82,1598513372798
1,6,D0:F0:18:43:F8:49,-65,1598513372805
0,7,D0:F0:18:43:F8:2F,-88,1598513373308
1,8,D0:F0:18:43:F8:49,-66,1598513373314
0,9,D0:F0:18:43:F8:49,-69,1598513373818
0,10,D0:F0:18:43:F8:2F,-88,1598513374328
1,11,D0:F0:18:43:F8:49,-71,1598513374334
0,12,D0:F0:18:43:F8:49,-71,1598513374836
0,13,D0:F0:18:43:F8:2F,-82,1598513375345
1,14,D0:F0:18:43:F8:49,-66,1598513375351
0,15,D0:F0:18:43:F8:2F,-88,1598513375855
1,16,D0:F0:18:43:F8:49,-71,1598513375861
0,17,D0:F0:18:43:F8:49,-68,1598513376363
0,18,D0:F0:18:43:F8:2F,-82,1598513376872
1,19,D0:F0:18:43:F8:49,-71,1598513376879
0,20,D0:F0:18:43:F8:2F,-89,1598513377382
1,21,D0:F0:18:43:F8:49,-71,1598513377389
0,22,D0:F0:18:43:F8:2F,-82,1598513377892
1,23,D0:F0:18:43:F8:49,-65,1598513377898
0,24,D0:F0:18:43:F8:2F,-89,1598513378401
1,25,D0:F0:18:43:F8:49,-71,1598513378408
0,26,D0:F0:18:43:F8:49,-68,1598513378910
0,27,D0:F0:18:43:F8:2F,-89,1598513379421
0,28,D0:F0:18:43:F8:49,-71,1598513380947
0,29,D0:F0:18:43:F8:2F,-82,1598513381456
1,30,D0:F0:18:43:F8:49,-65,1598513381462
0,31,D0:F0:18:43:F8:49,-71,1598513381965
0,32,D0:F0:18:43:F8:49,-69,1598513382473
0,33,D0:F0:18:43:F8:2F,-83,1598513382984
1,34,D0:F0:18:43:F8:49,-65,1598513382990
0,35,D0:F0:18:43:F8:49,-71,1598513383495
0,36,D0:F0:18:43:F8:2F,-83,1598513384005
1,37,D0:F0:18:43:F8:49,-69,1598513384011
0,38,D0:F0:18:43:F8:2F,-88,1598513384514
1,39,D0:F0:18:43:F8:49,-71,1598513384521
0,40,D0:F0:18:43:F8:49,-71,1598513385023
0,41,D0:F0:18:43:F8:2F,-83,1598513385536
1,42,D0:F0:18:43:F8:49,-66,1598513385542
0,43,D0:F0:18:43:F8:2F,-88,1598513386044
1,44,D0:F0:18:43:F8:49,-71,1598513386051
0,45,D0:F0:18:43:F8:49,-65,1598513386553
0,46,D0:F0:18:43:F8:2F,-88,1598513387064
1,47,D0:F0:18:43:F8:49,-68,1598513387070
0,48,D0:F0:18:43:F8:49,-68,1598513387572
0,49,D0:F0:18:43:F8:2F,-82,1598513388081
1,50,D0:F0:18:43:F8:49,-71,1598513388087
0,51,D0:F0:18:43:F8:2F,-88,1598513388590
1,52,D0:F0:18:43:F8:49,-68,1598513388597
0,53,D0:F0:18:43:F8:49,-66,1598513389098
0,54,D0:F0:18:43:F8:2F,-88,1598513389607
1,55,D0:F0:18:43:F8:49,-71,1598513389613
0,56,D0:F0:18:43:F8:2F,-88,1598513390117
1,57,D0:F0:18:43:F8:49,-69,1598513390123
0,58,D0:F0:18:43:F8:2F,-83,1598513390626
1,59,D0:F0:18:43:F8:49,-71,1598513390632
0,60,D0:F0:18:43:F8:2F,-89,1598513391137
1,61,D0:F0:18:43:F8:49,-69,1598513391143
0,62,D0:F0:18:43:F8:49,-66,1598513391644
0,63,D0:F0:18:43:F8:2F,-83,1598513392153
1,64,D0:F0:18:43:F8:49,-71,1598513392159
0,65,D0:F0:18:43:F8:2F,-83,1598513393170
1,66,D0:F0:18:43:F8:49,-65,1598513393177
0,67,D0:F0:18:43:F8:2F,-89,1598513393681
0,68,D0:F0:18:43:F8:2F,-89,1598513394188
0,69,D0:F0:18:43:F8:2F,-83,1598513394697
1,70,D0:F0:18:43:F8:49,-69,1598513394703
0,71,D0:F0:18:43:F8:2F,-88,1598513395204
0,72,D0:F0:18:43:F8:49,-71,1598513395713
0,73,D0:F0:18:43:F8:2F,-83,1598513396223
1,74,D0:F0:18:43:F8:49,-69,1598513396229
0,75,D0:F0:18:43:F8:2F,-89,1598513396732
1,76,D0:F0:18:43:F8:49,-65,1598513396738
0,77,D0:F0:18:43:F8:2F,-82,1598513397243
1,78,D0:F0:18:43:F8:49,-69,1598513397250
0,79,D0:F0:18:43:F8:49,-69,1598513397751
0,0,D0:F0:18:43:F8:2F,-93,1598513403354
1,1,D0:F0:18:43:F8:49,-64,1598513403358
0,2,D0:F0:18:43:F8:49,-60,1598513403862
0,3,D0:F0:18:43:F8:49,-60,1598513404370
0,4,D0:F0:18:43:F8:49,-62,1598513404880
0,5,D0:F0:18:43:F8:2F,-91,1598513405388
1,6,D0:F0:18:43:F8:49,-61,1598513405396
0,7,D0:F0:18:43:F8:49,-62,1598513405894
0,8,D0:F0:18:43:F8:49,-61,1598513406402
0,9,D0:F0:18:43:F8:49,-60,1598513406909
0,10,D0:F0:18:43:F8:49,-62,1598513407419
0,11,D0:F0:18:43:F8:49,-62,1598513408436
0,12,D0:F0:18:43:F8:49,-61,1598513409448
0,13,D0:F0:18:43:F8:49,-62,1598513409959
0,14,D0:F0:18:43:F8:49,-62,1598513410467
0,15,D0:F0:18:43:F8:49,-62,1598513410975
0,16,D0:F0:18:43:F8:49,-60,1598513411484
0,17,D0:F0:18:43:F8:49,-62,1598513411991
0,18,D0:F0:18:43:F8:49,-62,1598513412498
0,19,D0:F0:18:43:F8:49,-61,1598513413009
0,20,D0:F0:18:43:F8:2F,-89,1598513413512
1,21,D0:F0:18:43:F8:49,-62,1598513413515
0,22,D0:F0:18:43:F8:49,-62,1598513414023
0,23,D0:F0:18:43:F8:49,-62,1598513414532
0,24,D0:F0:18:43:F8:49,-60,1598513415039
0,25,D0:F0:18:43:F8:49,-62,1598513415546
0,26,D0:F0:18:43:F8:49,-62,1598513416053
0,27,D0:F0:18:43:F8:49,-62,1598513416563
0,28,D0:F0:18:43:F8:49,-62,1598513417070
0,29,D0:F0:18:43:F8:49,-63,1598513417580
0,30,D0:F0:18:43:F8:49,-63,1598513418088
0,31,D0:F0:18:43:F8:49,-61,1598513418595
0,32,D0:F0:18:43:F8:49,-63,1598513419103
0,33,D0:F0:18:43:F8:49,-63,1598513419611
0,34,D0:F0:18:43:F8:49,-63,1598513420119
0,35,D0:F0:18:43:F8:49,-61,1598513421133
0,36,D0:F0:18:43:F8:49,-63,1598513421642
0,37,D0:F0:18:43:F8:49,-63,1598513422151
0,38,D0:F0:18:43:F8:49,-61,1598513422661
0,39,D0:F0:18:43:F8:49,-63,1598513423171
0,40,D0:F0:18:43:F8:49,-63,1598513423676
0,41,D0:F0:18:43:F8:49,-63,1598513424185
0,42,D0:F0:18:43:F8:49,-61,1598513424690
0,43,D0:F0:18:43:F8:49,-63,1598513425197
0,44,D0:F0:18:43:F8:49,-63,1598513425713
0,45,D0:F0:18:43:F8:49,-62,1598513426221
0,46,D0:F0:18:43:F8:49,-63,1598513426733
0,47,D0:F0:18:43:F8:2F,-93,1598513427240
1,48,D0:F0:18:43:F8:49,-63,1598513427246
0,49,D0:F0:18:43:F8:49,-61,1598513427749
0,50,D0:F0:18:43:F8:49,-62,1598513428758
0,51,D0:F0:18:43:F8:49,-62,1598513429266
0,52,D0:F0:18:43:F8:49,-63,1598513430282
0,53,D0:F0:18:43:F8:49,-62,1598513430788
0,54,D0:F0:18:43:F8:2F,-88,1598513431301
1,55,D0:F0:18:43:F8:49,-60,1598513431309
0,56,D0:F0:18:43:F8:49,-62,1598513431808
0,57,D0:F0:18:43:F8:49,-62,1598513432316
0,58,D0:F0:18:43:F8:49,-60,1598513432822
0,59,D0:F0:18:43:F8:49,-62,1598513433330
0,60,D0:F0:18:43:F8:49,-60,1598513433839
0,61,D0:F0:18:43:F8:49,-62,1598513434346
0,62,D0:F0:18:43:F8:49,-63,1598513434856
0,63,D0:F0:18:43:F8:2F,-90,1598513435365
1,64,D0:F0:18:43:F8:49,-60,1598513435370
0,65,D0:F0:18:43:F8:49,-62,1598513435872
0,66,D0:F0:18:43:F8:2F,-89,1598513436379
1,67,D0:F0:18:43:F8:49,-62,1598513436384
0,68,D0:F0:18:43:F8:49,-63,1598513436888
0,69,D0:F0:18:43:F8:49,-61,1598513437901
0,70,D0:F0:18:43:F8:49,-62,1598513438408
0,71,D0:F0:18:43:F8:49,-60,1598513438914
0,72,D0:F0:18:43:F8:49,-62,1598513439423
0,73,D0:F0:18:43:F8:2F,-89,1598513439928
1,74,D0:F0:18:43:F8:49,-62,1598513439934
0,75,D0:F0:18:43:F8:49,-62,1598513440435
0,76,D0:F0:18:43:F8:49,-63,1598513440941
0,77,D0:F0:18:43:F8:2F,-89,1598513441450
1,78,D0:F0:18:43:F8:49,-60,1598513441455
0,79,D0:F0:18:43:F8:49,-62,1598513441955
0,0,D0:F0:18:43:F8:49,-71,1598513450581
0,1,D0:F0:18:43:F8:49,-74,1598513451088
0,2,D0:F0:18:43:F8:49,-71,1598513451598
0,3,D0:F0:18:43:F8:49,-71,1598513452102
0,4,D0:F0:18:43:F8:49,-75,1598513452609
0,5,D0:F0:18:43:F8:49,-70,1598513453116
0,6,D0:F0:18:43:F8:49,-71,1598513453622
0,7,D0:F0:18:43:F8:49,-73,1598513454129
0,8,D0:F0:18:43:F8:49,-71,1598513454638
0,9,D0:F0:18:43:F8:49,-73,1598513455143
0,10,D0:F0:18:43:F8:49,-71,1598513455650
0,11,D0:F0:18:43:F8:49,-75,1598513456157
0,12,D0:F0:18:43:F8:49,-74,1598513456665
0,13,D0:F0:18:43:F8:49,-71,1598513457171
0,14,D0:F0:18:43:F8:49,-74,1598513457677
0,15,D0:F0:18:43:F8:49,-74,1598513458183
0,16,D0:F0:18:43:F8:49,-74,1598513459198
0,17,D0:F0:18:43:F8:49,-71,1598513459706
0,18,D0:F0:18:43:F8:49,-73,1598513461225
0,19,D0:F0:18:43:F8:49,-71,1598513461731
0,20,D0:F0:18:43:F8:49,-70,1598513462237
0,21,D0:F0:18:43:F8:49,-71,1598513462743
0,22,D0:F0:18:43:F8:49,-70,1598513463249
0,23,D0:F0:18:43:F8:49,-73,1598513463755
0,24,D0:F0:18:43:F8:49,-71,1598513464261
0,25,D0:F0:18:43:F8:49,-71,1598513464767
0,26,D0:F0:18:43:F8:49,-71,1598513465273
0,27,D0:F0:18:43:F8:49,-71,1598513465780
0,28,D0:F0:18:43:F8:49,-71,1598513466287
0,29,D0:F0:18:43:F8:49,-75,1598513467298
0,30,D0:F0:18:43:F8:49,-71,1598513467805
0,31,D0:F0:18:43:F8:49,-71,1598513468311
0,32,D0:F0:18:43:F8:49,-71,1598513468813
0,33,D0:F0:18:43:F8:49,-71,1598513469320
0,34,D0:F0:18:43:F8:49,-75,1598513469827
0,35,D0:F0:18:43:F8:49,-71,1598513470335
0,36,D0:F0:18:43:F8:49,-71,1598513470840
0,37,D0:F0:18:43:F8:49,-75,1598513471346
0,38,D0:F0:18:43:F8:49,-71,1598513471852
0,39,D0:F0:18:43:F8:49,-71,1598513472361
0,40,D0:F0:18:43:F8:49,-71,1598513472866
0,41,D0:F0:18:43:F8:49,-71,1598513473372
0,42,D0:F0:18:43:F8:49,-74,1598513473878
0,43,D0:F0:18:43:F8:49,-71,1598513474889
0,44,D0:F0:18:43:F8:49,-73,1598513475395
0,45,D0:F0:18:43:F8:49,-71,1598513476405
0,46,D0:F0:18:43:F8:49,-71,1598513476913
0,47,D0:F0:18:43:F8:49,-73,1598513477419
0,48,D0:F0:18:43:F8:49,-71,1598513477926
0,49,D0:F0:18:43:F8:49,-71,1598513478431
0,50,D0:F0:18:43:F8:49,-71,1598513479446
0,51,D0:F0:18:43:F8:49,-73,1598513479952
0,52,D0:F0:18:43:F8:49,-71,1598513480458
0,53,D0:F0:18:43:F8:49,-71,1598513480963
0,54,D0:F0:18:43:F8:49,-73,1598513481468
0,55,D0:F0:18:43:F8:49,-71,1598513481978
0,56,D0:F0:18:43:F8:49,-73,1598513482483
0,57,D0:F0:18:43:F8:49,-71,1598513482988
0,58,D0:F0:18:43:F8:49,-71,1598513483495
0,59,D0:F0:18:43:F8:49,-71,1598513484001
0,60,D0:F0:18:43:F8:49,-71,1598513484507
0,61,D0:F0:18:43:F8:49,-74,1598513485012
0,62,D0:F0:18:43:F8:49,-71,1598513486023
0,63,D0:F0:18:43:F8:49,-74,1598513487035
0,64,D0:F0:18:43:F8:49,-71,1598513487541
0,65,D0:F0:18:43:F8:49,-70,1598513488047
0,66,D0:F0:18:43:F8:49,-74,1598513488553
0,67,D0:F0:18:43:F8:49,-71,1598513489058
0,68,D0:F0:18:43:F8:49,-74,1598513489566
0,69,D0:F0:18:43:F8:49,-74,1598513490071
0,70,D0:F0:18:43:F8:49,-71,1598513490577
0,71,D0:F0:18:43:F8:49,-74,1598513491086
0,72,D0:F0:18:43:F8:49,-71,1598513491594
0,73,D0:F0:18:43:F8:49,-74,1598513492100
0,74,D0:F0:18:43:F8:49,-74,1598513492606
0,75,D0:F0:18:43:F8:49,-70,1598513493111
0,76,D0:F0:18:43:F8:49,-74,1598513493617
0,77,D0:F0:18:43:F8:49,-71,1598513494123
0,78,D0:F0:18:43:F8:49,-72,1598513494628
0,79,D0:F0:18:43:F8:49,-74,1598513495134
0,0,D0:F0:18:43:F8:2F,-90,1598513500702
1,1,D0:F0:18:43:F8:49,-80,1598513500709
0,2,D0:F0:18:43:F8:49,-74,1598513501209
0,3,D0:F0:18:43:F8:2F,-89,1598513501713
1,4,D0:F0:18:43:F8:49,-71,1598513501719
0,5,D0:F0:18:43:F8:49,-74,1598513502220
0,6,D0:F0:18:43:F8:49,-74,1598513502726
0,7,D0:F0:18:43:F8:2F,-88,1598513503233
1,8,D0:F0:18:43:F8:49,-77,1598513503237
0,9,D0:F0:18:43:F8:2F,-89,1598513503740
1,10,D0:F0:18:43:F8:49,-75,1598513503743
0,11,D0:F0:18:43:F8:49,-72,1598513504245
0,12,D0:F0:18:43:F8:2F,-88,1598513504751
1,13,D0:F0:18:43:F8:49,-77,1598513504755
0,14,D0:F0:18:43:F8:49,-74,1598513505257
0,15,D0:F0:18:43:F8:2F,-88,1598513505763
1,16,D0:F0:18:43:F8:49,-77,1598513505767
0,17,D0:F0:18:43:F8:49,-71,1598513506278
0,18,D0:F0:18:43:F8:49,-72,1598513506783
0,19,D0:F0:18:43:F8:2F,-87,1598513507289
1,20,D0:F0:18:43:F8:49,-74,1598513507294
0,21,D0:F0:18:43:F8:2F,-87,1598513507794
1,22,D0:F0:18:43:F8:49,-72,1598513507798
0,23,D0:F0:18:43:F8:2F,-88,1598513508300
1,24,D0:F0:18:43:F8:49,-77,1598513508303
0,25,D0:F0:18:43:F8:49,-74,1598513508809
0,26,D0:F0:18:43:F8:49,-71,1598513509313
0,27,D0:F0:18:43:F8:49,-72,1598513509818
0,28,D0:F0:18:43:F8:2F,-87,1598513510322
0,29,D0:F0:18:43:F8:2F,-87,1598513510829
1,30,D0:F0:18:43:F8:49,-77,1598513510833
0,31,D0:F0:18:43:F8:2F,-87,1598513511841
1,32,D0:F0:18:43:F8:49,-71,1598513511845
0,33,D0:F0:18:43:F8:2F,-87,1598513512348
1,34,D0:F0:18:43:F8:49,-77,1598513512353
0,35,D0:F0:18:43:F8:49,-74,1598513512851
0,36,D0:F0:18:43:F8:2F,-88,1598513513358
1,37,D0:F0:18:43:F8:49,-72,1598513513361
0,38,D0:F0:18:43:F8:2F,-87,1598513513863
1,39,D0:F0:18:43:F8:49,-71,1598513513867
0,40,D0:F0:18:43:F8:49,-77,1598513514368
0,41,D0:F0:18:43:F8:2F,-87,1598513514875
1,42,D0:F0:18:43:F8:49,-74,1598513514878
0,43,D0:F0:18:43:F8:49,-71,1598513515380
0,44,D0:F0:18:43:F8:49,-77,1598513515885
0,45,D0:F0:18:43:F8:2F,-87,1598513516392
1,46,D0:F0:18:43:F8:49,-71,1598513516397
0,47,D0:F0:18:43:F8:49,-74,1598513516897
0,48,D0:F0:18:43:F8:2F,-88,1598513517403
1,49,D0:F0:18:43:F8:49,-77,1598513517407
0,50,D0:F0:18:43:F8:49,-74,1598513517909
0,51,D0:F0:18:43:F8:2F,-87,1598513518418
1,52,D0:F0:18:43:F8:49,-72,1598513518421
0,53,D0:F0:18:43:F8:49,-74,1598513518917
0,54,D0:F0:18:43:F8:2F,-88,1598513519426
1,55,D0:F0:18:43:F8:49,-74,1598513519429
0,56,D0:F0:18:43:F8:2F,-88,1598513519935
1,57,D0:F0:18:43:F8:49,-78,1598513519938
0,58,D0:F0:18:43:F8:49,-75,1598513520440
0,59,D0:F0:18:43:F8:2F,-87,1598513520945
1,60,D0:F0:18:43:F8:49,-71,1598513520948
0,61,D0:F0:18:43:F8:2F,-88,1598513521450
1,62,D0:F0:18:43:F8:49,-78,1598513521454
0,63,D0:F0:18:43:F8:49,-74,1598513521956
0,64,D0:F0:18:43:F8:49,-77,1598513522461
0,65,D0:F0:18:43:F8:49,-74,1598513522968
0,66,D0:F0:18:43:F8:2F,-87,1598513523473
1,67,D0:F0:18:43:F8:49,-71,1598513523476
0,68,D0:F0:18:43:F8:2F,-88,1598513523979
1,69,D0:F0:18:43:F8:49,-77,1598513523984
0,70,D0:F0:18:43:F8:49,-74,1598513524484
0,71,D0:F0:18:43:F8:2F,-88,1598513524990
1,72,D0:F0:18:43:F8:49,-71,1598513524993
0,73,D0:F0:18:43:F8:2F,-88,1598513525498
1,74,D0:F0:18:43:F8:49,-77,1598513525501
0,75,D0:F0:18:43:F8:2F,-87,1598513526005
1,76,D0:F0:18:43:F8:49,-71,1598513526008
0,77,D0:F0:18:43:F8:49,-74,1598513526510
0,78,D0:F0:18:43:F8:2F,-88,1598513527015
0,79,D0:F0:18:43:F8:2F,-88,1598513527522
0,0,D0:F0:18:43:F8:2F,-89,1598513536147
0,1,D0:F0:18:43:F8:49,-85,1598513536641
0,2,D0:F0:18:43:F8:2F,-86,1598513537147
0,3,D0:F0:18:43:F8:49,-86,1598513537655
0,4,D0:F0:18:43:F8:49,-81,1598513538160
0,5,D0:F0:18:43:F8:49,-81,1598513538665
0,6,D0:F0:18:43:F8:49,-86,1598513539170
0,7,D0:F0:18:43:F8:49,-80,1598513539676
0,8,D0:F0:18:43:F8:49,-80,1598513540181
0,9,D0:F0:18:43:F8:49,-86,1598513540687
0,10,D0:F0:18:43:F8:49,-80,1598513541192
0,11,D0:F0:18:43:F8:49,-79,1598513541697
0,12,D0:F0:18:43:F8:49,-87,1598513542203
0,13,D0:F0:18:43:F8:49,-80,1598513542710
0,14,D0:F0:18:43:F8:49,-86,1598513543215
0,15,D0:F0:18:43:F8:49,-80,1598513543720
0,16,D0:F0:18:43:F8:2F,-94,1598513544226
1,17,D0:F0:18:43:F8:49,-79,1598513544229
0,18,D0:F0:18:43:F8:49,-87,1598513544731
0,19,D0:F0:18:43:F8:49,-80,1598513545742
0,20,D0:F0:18:43:F8:49,-86,1598513546752
0,21,D0:F0:18:43:F8:49,-79,1598513547258
0,22,D0:F0:18:43:F8:49,-80,1598513547764
0,23,D0:F0:18:43:F8:49,-88,1598513548269
0,24,D0:F0:18:43:F8:2F,-91,1598513548776
1,25,D0:F0:18:43:F8:49,-79,1598513548778
0,26,D0:F0:18:43:F8:49,-79,1598513549281
0,27,D0:F0:18:43:F8:49,-80,1598513549786
0,28,D0:F0:18:43:F8:49,-88,1598513550291
0,29,D0:F0:18:43:F8:49,-80,1598513550796
0,30,D0:F0:18:43:F8:49,-79,1598513551301
0,31,D0:F0:18:43:F8:49,-89,1598513551807
0,32,D0:F0:18:43:F8:49,-80,1598513552312
0,33,D0:F0:18:43:F8:49,-80,1598513552818
0,34,D0:F0:18:43:F8:49,-80,1598513553323
0,35,D0:F0:18:43:F8:49,-80,1598513553829
0,36,D0:F0:18:43:F8:49,-89,1598513554333
0,37,D0:F0:18:43:F8:49,-79,1598513554839
0,38,D0:F0:18:43:F8:49,-79,1598513555343
0,39,D0:F0:18:43:F8:49,-80,1598513555849
0,40,D0:F0:18:43:F8:49,-80,1598513556354
0,41,D0:F0:18:43:F8:49,-89,1598513556859
0,42,D0:F0:18:43:F8:49,-79,1598513557868
0,43,D0:F0:18:43:F8:49,-80,1598513558879
0,44,D0:F0:18:43:F8:49,-79,1598513559380
0,45,D0:F0:18:43:F8:49,-79,1598513559886
0,46,D0:F0:18:43:F8:49,-79,1598513560391
0,47,D0:F0:18:43:F8:2F,-92,1598513560896
1,48,D0:F0:18:43:F8:49,-80,1598513560899
0,49,D0:F0:18:43:F8:49,-79,1598513561401
0,50,D0:F0:18:43:F8:49,-90,1598513561907
0,51,D0:F0:18:43:F8:49,-79,1598513562412
0,52,D0:F0:18:43:F8:49,-79,1598513562918
0,53,D0:F0:18:43:F8:49,-91,1598513564433
0,54,D0:F0:18:43:F8:49,-80,1598513564939
0,55,D0:F0:18:43:F8:49,-79,1598513565445
0,56,D0:F0:18:43:F8:49,-80,1598513566455
0,57,D0:F0:18:43:F8:49,-79,1598513566960
0,58,D0:F0:18:43:F8:49,-79,1598513567465
0,59,D0:F0:18:43:F8:49,-89,1598513567970
0,60,D0:F0:18:43:F8:49,-80,1598513568476
0,61,D0:F0:18:43:F8:49,-79,1598513568982
0,62,D0:F0:18:43:F8:49,-91,1598513569488
0,63,D0:F0:18:43:F8:49,-79,1598513569993
0,64,D0:F0:18:43:F8:49,-79,1598513570501
0,65,D0:F0:18:43:F8:49,-79,1598513571006
0,66,D0:F0:18:43:F8:49,-79,1598513571511
0,67,D0:F0:18:43:F8:2F,-93,1598513572016
1,68,D0:F0:18:43:F8:49,-90,1598513572021
0,69,D0:F0:18:43:F8:49,-80,1598513572522
0,70,D0:F0:18:43:F8:49,-79,1598513573027
0,71,D0:F0:18:43:F8:49,-79,1598513573533
0,72,D0:F0:18:43:F8:49,-79,1598513574038
0,73,D0:F0:18:43:F8:49,-80,1598513574544
0,74,D0:F0:18:43:F8:49,-79,1598513575051
0,75,D0:F0:18:43:F8:49,-80,1598513575556
0,76,D0:F0:18:43:F8:49,-91,1598513576062
0,77,D0:F0:18:43:F8:49,-80,1598513576567
0,78,D0:F0:18:43:F8:49,-80,1598513577072
0,79,D0:F0:18:43:F8:49,-79,1598513578588
0,0,D0:F0:18:43:F8:49,-83,1598513584646
0,1,D0:F0:18:43:F8:2F,-91,1598513585152
1,2,D0:F0:18:43:F8:49,-87,1598513585154
0,3,D0:F0:18:43:F8:49,-77,1598513585660
0,4,D0:F0:18:43:F8:2F,-91,1598513586167
1,5,D0:F0:18:43:F8:49,-79,1598513586169
0,6,D0:F0:18:43:F8:49,-77,1598513586672
0,7,D0:F0:18:43:F8:2F,-93,1598513587177
1,8,D0:F0:18:43:F8:49,-77,1598513587180
0,9,D0:F0:18:43:F8:49,-90,1598513587682
0,10,D0:F0:18:43:F8:49,-76,1598513588188
0,11,D0:F0:18:43:F8:49,-78,1598513588694
0,12,D0:F0:18:43:F8:49,-76,1598513589704
0,13,D0:F0:18:43:F8:49,-88,1598513590208
0,14,D0:F0:18:43:F8:49,-76,1598513590714
0,15,D0:F0:18:43:F8:49,-78,1598513591219
0,16,D0:F0:18:43:F8:49,-89,1598513591725
0,17,D0:F0:18:43:F8:2F,-92,1598513592230
1,18,D0:F0:18:43:F8:49,-76,1598513592232
0,19,D0:F0:18:43:F8:49,-78,1598513592736
0,20,D0:F0:18:43:F8:49,-76,1598513593240
0,21,D0:F0:18:43:F8:2F,-92,1598513593746
1,22,D0:F0:18:43:F8:49,-76,1598513593748
0,23,D0:F0:18:43:F8:49,-87,1598513594251
0,24,D0:F0:18:43:F8:49,-76,1598513594757
0,25,D0:F0:18:43:F8:49,-78,1598513595262
0,26,D0:F0:18:43:F8:49,-79,1598513595767
0,27,D0:F0:18:43:F8:2F,-92,1598513596272
0,28,D0:F0:18:43:F8:49,-76,1598513596778
0,29,D0:F0:18:43:F8:49,-88,1598513597789
0,30,D0:F0:18:43:F8:49,-76,1598513598295
0,31,D0:F0:18:43:F8:2F,-91,1598513598800
1,32,D0:F0:18:43:F8:49,-78,1598513598802
0,33,D0:F0:18:43:F8:49,-86,1598513599306
0,34,D0:F0:18:43:F8:49,-76,1598513599811
0,35,D0:F0:18:43:F8:2F,-91,1598513600318
1,36,D0:F0:18:43:F8:49,-78,1598513600320
0,37,D0:F0:18:43:F8:49,-77,1598513600822
0,38,D0:F0:18:43:F8:49,-77,1598513601329
0,39,D0:F0:18:43:F8:2F,-91,1598513601833
0,40,D0:F0:18:43:F8:49,-78,1598513602339
0,41,D0:F0:18:43:F8:49,-88,1598513602843
0,42,D0:F0:18:43:F8:49,-78,1598513603349
0,43,D0:F0:18:43:F8:49,-78,1598513603854
0,44,D0:F0:18:43:F8:2F,-91,1598513604359
1,45,D0:F0:18:43:F8:49,-77,1598513604361
0,46,D0:F0:18:43:F8:49,-79,1598513604865
0,47,D0:F0:18:43:F8:49,-87,1598513605370
0,48,D0:F0:18:43:F8:49,-76,1598513605877
0,49,D0:F0:18:43:F8:49,-79,1598513606382
0,50,D0:F0:18:43:F8:49,-79,1598513607395
0,51,D0:F0:18:43:F8:49,-79,1598513608403
0,52,D0:F0:18:43:F8:49,-87,1598513608909
0,53,D0:F0:18:43:F8:49,-76,1598513609416
0,54,D0:F0:18:43:F8:49,-86,1598513609921
0,55,D0:F0:18:43:F8:49,-79,1598513610932
0,56,D0:F0:18:43:F8:49,-87,1598513611438
0,57,D0:F0:18:43:F8:49,-86,1598513611761
0,58,D0:F0:18:43:F8:49,-86,1598513612561
0,59,D0:F0:18:43:F8:49,-86,1598513613065
0,60,D0:F0:18:43:F8:49,-79,1598513613569
0,61,D0:F0:18:43:F8:49,-79,1598513614073
0,62,D0:F0:18:43:F8:49,-76,1598513614577
0,63,D0:F0:18:43:F8:49,-79,1598513615081
0,64,D0:F0:18:43:F8:49,-85,1598513615586
0,65,D0:F0:18:43:F8:49,-86,1598513616090
0,66,D0:F0:18:43:F8:49,-86,1598513616596
0,67,D0:F0:18:43:F8:49,-79,1598513617099
0,68,D0:F0:18:43:F8:49,-86,1598513617604
0,69,D0:F0:18:43:F8:49,-77,1598513618109
0,70,D0:F0:18:43:F8:49,-79,1598513618614
0,71,D0:F0:18:43:F8:49,-86,1598513619120
0,72,D0:F0:18:43:F8:49,-77,1598513619625
0,73,D0:F0:18:43:F8:49,-89,1598513620129
0,74,D0:F0:18:43:F8:49,-87,1598513620634
0,75,D0:F0:18:43:F8:49,-78,1598513621138
0,76,D0:F0:18:43:F8:49,-88,1598513621643
0,77,D0:F0:18:43:F8:49,-77,1598513622147
0,78,D0:F0:18:43:F8:49,-88,1598513622652
0,79,D0:F0:18:43:F8:49,-87,1598513623157
0,0,D0:F0:18:43:F8:2F,-90,1598513633766
1,1,D0:F0:18:43:F8:49,-76,1598513633768
0,2,D0:F0:18:43:F8:49,-76,1598513634272
0,3,D0:F0:18:43:F8:49,-74,1598513634777
0,4,D0:F0:18:43:F8:2F,-89,1598513635283
1,5,D0:F0:18:43:F8:49,-77,1598513635285
0,6,D0:F0:18:43:F8:49,-76,1598513635787
0,7,D0:F0:18:43:F8:49,-75,1598513636293
0,8,D0:F0:18:43:F8:49,-76,1598513636798
0,9,D0:F0:18:43:F8:49,-76,1598513637302
0,10,D0:F0:18:43:F8:49,-75,1598513637809
0,11,D0:F0:18:43:F8:49,-76,1598513638314
0,12,D0:F0:18:43:F8:49,-75,1598513638819
0,13,D0:F0:18:43:F8:49,-76,1598513639325
0,14,D0:F0:18:43:F8:49,-76,1598513639830
0,15,D0:F0:18:43:F8:49,-77,1598513640336
0,16,D0:F0:18:43:F8:49,-77,1598513641346
0,17,D0:F0:18:43:F8:2F,-91,1598513641851
1,18,D0:F0:18:43:F8:49,-76,1598513641853
0,19,D0:F0:18:43:F8:49,-75,1598513642357
0,20,D0:F0:18:43:F8:49,-77,1598513642863
0,21,D0:F0:18:43:F8:49,-76,1598513643368
0,22,D0:F0:18:43:F8:49,-77,1598513643874
0,23,D0:F0:18:43:F8:49,-76,1598513644378
0,24,D0:F0:18:43:F8:49,-75,1598513644883
0,25,D0:F0:18:43:F8:49,-77,1598513645388
0,26,D0:F0:18:43:F8:49,-76,1598513645893
0,27,D0:F0:18:43:F8:2F,-92,1598513646399
1,28,D0:F0:18:43:F8:49,-75,1598513646401
0,29,D0:F0:18:43:F8:49,-76,1598513646905
0,30,D0:F0:18:43:F8:49,-76,1598513647409
0,31,D0:F0:18:43:F8:49,-76,1598513647914
0,32,D0:F0:18:43:F8:49,-76,1598513648420
0,33,D0:F0:18:43:F8:49,-75,1598513648924
0,34,D0:F0:18:43:F8:49,-75,1598513649430
0,35,D0:F0:18:43:F8:49,-75,1598513649936
0,36,D0:F0:18:43:F8:49,-76,1598513650440
0,37,D0:F0:18:43:F8:49,-75,1598513650946
0,38,D0:F0:18:43:F8:49,-76,1598513651450
0,39,D0:F0:18:43:F8:49,-76,1598513651956
0,40,D0:F0:18:43:F8:49,-75,1598513652461
0,41,D0:F0:18:43:F8:49,-76,1598513652969
0,42,D0:F0:18:43:F8:49,-76,1598513653475
0,43,D0:F0:18:43:F8:49,-75,1598513653980
0,44,D0:F0:18:43:F8:2F,-92,1598513654486
1,45,D0:F0:18:43:F8:49,-75,1598513654488
0,46,D0:F0:18:43:F8:49,-77,1598513654991
0,47,D0:F0:18:43:F8:49,-76,1598513655497
0,48,D0:F0:18:43:F8:49,-75,1598513656002
0,49,D0:F0:18:43:F8:49,-75,1598513656506
0,50,D0:F0:18:43:F8:49,-76,1598513657012
0,51,D0:F0:18:43:F8:2F,-92,1598513658021
1,52,D0:F0:18:43:F8:49,-75,1598513658023
0,53,D0:F0:18:43:F8:49,-75,1598513658527
0,54,D0:F0:18:43:F8:49,-75,1598513659031
0,55,D0:F0:18:43:F8:49,-75,1598513660041
0,56,D0:F0:18:43:F8:49,-75,1598513660546
0,57,D0:F0:18:43:F8:49,-75,1598513661052
0,58,D0:F0:18:43:F8:2F,-93,1598513661558
1,59,D0:F0:18:43:F8:49,-77,1598513661559
0,60,D0:F0:18:43:F8:49,-75,1598513662568
0,61,D0:F0:18:43:F8:49,-77,1598513663073
0,62,D0:F0:18:43:F8:49,-75,1598513663579
0,63,D0:F0:18:43:F8:2F,-93,1598513664084
0,64,D0:F0:18:43:F8:49,-75,1598513664589
0,65,D0:F0:18:43:F8:49,-75,1598513665095
0,66,D0:F0:18:43:F8:2F,-91,1598513665600
1,67,D0:F0:18:43:F8:49,-77,1598513665601
0,68,D0:F0:18:43:F8:2F,-91,1598513666106
1,69,D0:F0:18:43:F8:49,-75,1598513666107
0,70,D0:F0:18:43:F8:2F,-91,1598513667621
1,71,D0:F0:18:43:F8:49,-75,1598513667622
0,72,D0:F0:18:43:F8:49,-77,1598513668125
0,73,D0:F0:18:43:F8:49,-76,1598513668631
0,74,D0:F0:18:43:F8:49,-74,1598513669137
0,75,D0:F0:18:43:F8:49,-77,1598513669643
0,76,D0:F0:18:43:F8:49,-75,1598513670149
0,77,D0:F0:18:43:F8:49,-74,1598513670653
0,78,D0:F0:18:43:F8:49,-76,1598513671158
0,79,D0:F0:18:43:F8:49,-75,1598513671664
0,0,D0:F0:18:43:F8:2F,-80,1598513679228
1,1,D0:F0:18:43:F8:49,-81,1598513679229
0,2,D0:F0:18:43:F8:2F,-88,1598513679733
1,3,D0:F0:18:43:F8:49,-82,1598513679735
0,4,D0:F0:18:43:F8:2F,-85,1598513680239
1,5,D0:F0:18:43:F8:49,-79,1598513680240
0,6,D0:F0:18:43:F8:2F,-88,1598513680744
1,7,D0:F0:18:43:F8:49,-85,1598513680745
0,8,D0:F0:18:43:F8:2F,-90,1598513681249
1,9,D0:F0:18:43:F8:49,-78,1598513681251
0,10,D0:F0:18:43:F8:2F,-90,1598513681754
0,11,D0:F0:18:43:F8:49,-78,1598513682259
0,12,D0:F0:18:43:F8:2F,-88,1598513682765
1,13,D0:F0:18:43:F8:49,-82,1598513682767
0,14,D0:F0:18:43:F8:49,-79,1598513683270
0,15,D0:F0:18:43:F8:2F,-88,1598513683776
1,16,D0:F0:18:43:F8:49,-85,1598513683778
0,17,D0:F0:18:43:F8:49,-80,1598513684281
0,18,D0:F0:18:43:F8:49,-77,1598513684787
0,19,D0:F0:18:43:F8:2F,-87,1598513685293
1,20,D0:F0:18:43:F8:49,-83,1598513685295
0,21,D0:F0:18:43:F8:49,-79,1598513685799
0,22,D0:F0:18:43:F8:49,-79,1598513686304
0,23,D0:F0:18:43:F8:2F,-85,1598513686809
1,24,D0:F0:18:43:F8:49,-82,1598513686811
0,25,D0:F0:18:43:F8:49,-79,1598513687316
0,26,D0:F0:18:43:F8:49,-82,1598513687820
0,27,D0:F0:18:43:F8:2F,-87,1598513688326
1,28,D0:F0:18:43:F8:49,-80,1598513688327
0,29,D0:F0:18:43:F8:2F,-86,1598513688831
1,30,D0:F0:18:43:F8:49,-79,1598513688832
0,31,D0:F0:18:43:F8:49,-86,1598513689334
0,32,D0:F0:18:43:F8:49,-80,1598513689839
0,33,D0:F0:18:43:F8:2F,-86,1598513690345
1,34,D0:F0:18:43:F8:49,-86,1598513690346
0,35,D0:F0:18:43:F8:49,-84,1598513690850
0,36,D0:F0:18:43:F8:2F,-84,1598513691355
1,37,D0:F0:18:43:F8:49,-78,1598513691357
0,38,D0:F0:18:43:F8:49,-79,1598513692365
0,39,D0:F0:18:43:F8:49,-78,1598513693377
0,40,D0:F0:18:43:F8:49,-83,1598513693881
0,41,D0:F0:18:43:F8:2F,-91,1598513694387
1,42,D0:F0:18:43:F8:49,-80,1598513694388
0,43,D0:F0:18:43:F8:49,-77,1598513694891
0,44,D0:F0:18:43:F8:2F,-92,1598513695397
1,45,D0:F0:18:43:F8:49,-84,1598513695399
0,46,D0:F0:18:43:F8:49,-81,1598513695902
0,47,D0:F0:18:43:F8:2F,-86,1598513696415
1,48,D0:F0:18:43:F8:49,-80,1598513696416
0,49,D0:F0:18:43:F8:2F,-91,1598513696920
0,50,D0:F0:18:43:F8:49,-78,1598513697426
0,51,D0:F0:18:43:F8:2F,-86,1598513697931
1,52,D0:F0:18:43:F8:49,-79,1598513697933
0,53,D0:F0:18:43:F8:49,-77,1598513698437
0,54,D0:F0:18:43:F8:49,-83,1598513698943
0,55,D0:F0:18:43:F8:2F,-93,1598513699448
1,56,D0:F0:18:43:F8:49,-77,1598513699449
0,57,D0:F0:18:43:F8:49,-78,1598513699952
0,58,D0:F0:18:43:F8:49,-78,1598513700457
0,59,D0:F0:18:43:F8:2F,-93,1598513700962
0,60,D0:F0:18:43:F8:2F,-87,1598513701466
1,61,D0:F0:18:43:F8:49,-83,1598513701468
0,62,D0:F0:18:43:F8:2F,-93,1598513701971
1,63,D0:F0:18:43:F8:49,-78,1598513701973
0,64,D0:F0:18:43:F8:49,-77,1598513702477
0,65,D0:F0:18:43:F8:2F,-87,1598513702982
1,66,D0:F0:18:43:F8:49,-83,1598513702984
0,67,D0:F0:18:43:F8:49,-78,1598513703488
0,68,D0:F0:18:43:F8:49,-77,1598513703993
0,69,D0:F0:18:43:F8:2F,-87,1598513704499
1,70,D0:F0:18:43:F8:49,-79,1598513704501
0,71,D0:F0:18:43:F8:49,-77,1598513705004
0,72,D0:F0:18:43:F8:49,-84,1598513705509
0,73,D0:F0:18:43:F8:49,-79,1598513706014
0,74,D0:F0:18:43:F8:2F,-87,1598513706520
1,75,D0:F0:18:43:F8:49,-77,1598513706521
0,76,D0:F0:18:43:F8:49,-79,1598513707025
0,77,D0:F0:18:43:F8:49,-79,1598513707531
0,78,D0:F0:18:43:F8:49,-84,1598513708036
0,79,D0:F0:18:43:F8:49,-79,1598513708541
0,0,D0:F0:18:43:F8:2F,-88,1598513721172
1,1,D0:F0:18:43:F8:49,-73,1598513721173
0,2,D0:F0:18:43:F8:49,-76,1598513721678
0,3,D0:F0:18:43:F8:2F,-89,1598513722185
1,4,D0:F0:18:43:F8:49,-74,1598513722186
0,5,D0:F0:18:43:F8:49,-74,1598513722692
0,6,D0:F0:18:43:F8:2F,-88,1598513723198
0,7,D0:F0:18:43:F8:2F,-86,1598513723710
1,8,D0:F0:18:43:F8:49,-74,1598513723712
0,9,D0:F0:18:43:F8:2F,-87,1598513724214
1,10,D0:F0:18:43:F8:49,-74,1598513724216
0,11,D0:F0:18:43:F8:2F,-86,1598513724719
1,12,D0:F0:18:43:F8:49,-74,1598513724721
0,13,D0:F0:18:43:F8:2F,-86,1598513725226
1,14,D0:F0:18:43:F8:49,-74,1598513725227
0,15,D0:F0:18:43:F8:49,-80,1598513725730
0,16,D0:F0:18:43:F8:2F,-86,1598513726236
1,17,D0:F0:18:43:F8:49,-74,1598513726238
0,18,D0:F0:18:43:F8:2F,-87,1598513726741
1,19,D0:F0:18:43:F8:49,-74,1598513726743
0,20,D0:F0:18:43:F8:49,-81,1598513727248
0,21,D0:F0:18:43:F8:2F,-88,1598513727752
1,22,D0:F0:18:43:F8:49,-74,1598513727753
0,23,D0:F0:18:43:F8:49,-80,1598513728258
0,24,D0:F0:18:43:F8:2F,-86,1598513728763
1,25,D0:F0:18:43:F8:49,-74,1598513728765
0,26,D0:F0:18:43:F8:2F,-88,1598513729267
0,27,D0:F0:18:43:F8:2F,-86,1598513730279
1,28,D0:F0:18:43:F8:49,-74,1598513730280
0,29,D0:F0:18:43:F8:2F,-86,1598513730785
1,30,D0:F0:18:43:F8:49,-75,1598513730786
0,31,D0:F0:18:43:F8:2F,-87,1598513731290
1,32,D0:F0:18:43:F8:49,-79,1598513731291
0,33,D0:F0:18:43:F8:2F,-87,1598513731795
0,34,D0:F0:18:43:F8:2F,-86,1598513732300
1,35,D0:F0:18:43:F8:49,-74,1598513732302
0,36,D0:F0:18:43:F8:2F,-88,1598513732806
1,37,D0:F0:18:43:F8:49,-75,1598513732808
0,38,D0:F0:18:43:F8:2F,-86,1598513733311
1,39,D0:F0:18:43:F8:49,-80,1598513733313
0,40,D0:F0:18:43:F8:2F,-88,1598513733817
1,41,D0:F0:18:43:F8:49,-74,1598513733818
0,42,D0:F0:18:43:F8:2F,-87,1598513734323
1,43,D0:F0:18:43:F8:49,-74,1598513734324
0,44,D0:F0:18:43:F8:2F,-86,1598513734829
1,45,D0:F0:18:43:F8:49,-74,1598513734831
0,46,D0:F0:18:43:F8:2F,-88,1598513735335
1,47,D0:F0:18:43:F8:49,-75,1598513735336
0,48,D0:F0:18:43:F8:2F,-86,1598513735839
1,49,D0:F0:18:43:F8:49,-80,1598513735841
0,50,D0:F0:18:43:F8:2F,-86,1598513736345
1,51,D0:F0:18:43:F8:49,-74,1598513736347
0,52,D0:F0:18:43:F8:2F,-87,1598513736850
1,53,D0:F0:18:43:F8:49,-74,1598513736851
0,54,D0:F0:18:43:F8:49,-80,1598513737356
0,55,D0:F0:18:43:F8:2F,-87,1598513737861
1,56,D0:F0:18:43:F8:49,-75,1598513737863
0,57,D0:F0:18:43:F8:2F,-88,1598513738367
1,58,D0:F0:18:43:F8:49,-74,1598513738368
0,59,D0:F0:18:43:F8:2F,-86,1598513738872
1,60,D0:F0:18:43:F8:49,-74,1598513738874
0,61,D0:F0:18:43:F8:2F,-87,1598513739378
1,62,D0:F0:18:43:F8:49,-74,1598513739380
0,63,D0:F0:18:43:F8:49,-80,1598513739883
0,64,D0:F0:18:43:F8:49,-74,1598513740892
0,65,D0:F0:18:43:F8:49,-74,1598513741397
0,66,D0:F0:18:43:F8:49,-74,1598513742408
0,67,D0:F0:18:43:F8:2F,-87,1598513742913
1,68,D0:F0:18:43:F8:49,-74,1598513742915
0,69,D0:F0:18:43:F8:2F,-88,1598513743419
1,70,D0:F0:18:43:F8:49,-80,1598513743421
0,71,D0:F0:18:43:F8:2F,-86,1598513743926
1,72,D0:F0:18:43:F8:49,-74,1598513743928
0,73,D0:F0:18:43:F8:2F,-88,1598513744431
1,74,D0:F0:18:43:F8:49,-74,1598513744433
0,75,D0:F0:18:43:F8:2F,-88,1598513744937
1,76,D0:F0:18:43:F8:49,-74,1598513744938
0,77,D0:F0:18:43:F8:2F,-88,1598513745443
1,78,D0:F0:18:43:F8:49,-75,1598513745444
0,79,D0:F0:18:43:F8:2F,-88,1598513745949
0,0,D0:F0:18:43:F8:2F,-85,1598513753030
1,1,D0:F0:18:43:F8:49,-73,1598513753031
0,2,D0:F0:18:43:F8:2F,-91,1598513753528
1,3,D0:F0:18:43:F8:49,-74,1598513753530
0,4,D0:F0:18:43:F8:2F,-84,1598513754035
1,5,D0:F0:18:43:F8:49,-72,1598513754036
0,6,D0:F0:18:43:F8:2F,-83,1598513754541
1,7,D0:F0:18:43:F8:49,-73,1598513754542
0,8,D0:F0:18:43:F8:2F,-80,1598513755046
1,9,D0:F0:18:43:F8:49,-73,1598513755048
0,10,D0:F0:18:43:F8:2F,-77,1598513755552
1,11,D0:F0:18:43:F8:49,-72,1598513755554
0,12,D0:F0:18:43:F8:2F,-83,1598513756059
1,13,D0:F0:18:43:F8:49,-72,1598513756060
0,14,D0:F0:18:43:F8:2F,-82,1598513756565
1,15,D0:F0:18:43:F8:49,-72,1598513756566
0,16,D0:F0:18:43:F8:2F,-89,1598513757070
1,17,D0:F0:18:43:F8:49,-72,1598513757071
0,18,D0:F0:18:43:F8:2F,-89,1598513757575
1,19,D0:F0:18:43:F8:49,-72,1598513757576
0,20,D0:F0:18:43:F8:2F,-81,1598513758080
1,21,D0:F0:18:43:F8:49,-74,1598513758081
0,22,D0:F0:18:43:F8:49,-73,1598513759090
0,23,D0:F0:18:43:F8:2F,-81,1598513759595
1,24,D0:F0:18:43:F8:49,-74,1598513759596
0,25,D0:F0:18:43:F8:2F,-88,1598513760100
1,26,D0:F0:18:43:F8:49,-73,1598513760101
0,27,D0:F0:18:43:F8:2F,-80,1598513761110
0,28,D0:F0:18:43:F8:2F,-89,1598513761616
0,29,D0:F0:18:43:F8:2F,-80,1598513762121
1,30,D0:F0:18:43:F8:49,-73,1598513762123
0,31,D0:F0:18:43:F8:2F,-87,1598513762627
1,32,D0:F0:18:43:F8:49,-73,1598513762628
0,33,D0:F0:18:43:F8:2F,-79,1598513763132
1,34,D0:F0:18:43:F8:49,-72,1598513763133
0,35,D0:F0:18:43:F8:2F,-81,1598513763638
1,36,D0:F0:18:43:F8:49,-74,1598513763639
0,37,D0:F0:18:43:F8:2F,-87,1598513764143
1,38,D0:F0:18:43:F8:49,-73,1598513764145
0,39,D0:F0:18:43:F8:2F,-81,1598513764648
1,40,D0:F0:18:43:F8:49,-73,1598513764650
0,41,D0:F0:18:43:F8:2F,-81,1598513765155
1,42,D0:F0:18:43:F8:49,-73,1598513765156
0,43,D0:F0:18:43:F8:2F,-79,1598513765660
1,44,D0:F0:18:43:F8:49,-74,1598513765661
0,45,D0:F0:18:43:F8:2F,-81,1598513766165
1,46,D0:F0:18:43:F8:49,-73,1598513766166
0,47,D0:F0:18:43:F8:2F,-88,1598513766670
1,48,D0:F0:18:43:F8:49,-72,1598513766672
0,49,D0:F0:18:43:F8:2F,-79,1598513767175
1,50,D0:F0:18:43:F8:49,-73,1598513767177
0,51,D0:F0:18:43:F8:2F,-80,1598513767681
1,52,D0:F0:18:43:F8:49,-73,1598513767682
0,53,D0:F0:18:43:F8:2F,-79,1598513768187
1,54,D0:F0:18:43:F8:49,-74,1598513768188
0,55,D0:F0:18:43:F8:49,-73,1598513768693
0,56,D0:F0:18:43:F8:49,-72,1598513769199
0,57,D0:F0:18:43:F8:49,-74,1598513769703
0,58,D0:F0:18:43:F8:2F,-80,1598513770208
1,59,D0:F0:18:43:F8:49,-72,1598513770210
0,60,D0:F0:18:43:F8:2F,-88,1598513770714
1,61,D0:F0:18:43:F8:49,-72,1598513770715
0,62,D0:F0:18:43:F8:2F,-88,1598513771219
1,63,D0:F0:18:43:F8:49,-72,1598513771220
0,64,D0:F0:18:43:F8:2F,-80,1598513771724
1,65,D0:F0:18:43:F8:49,-73,1598513771726
0,66,D0:F0:18:43:F8:2F,-80,1598513772230
1,67,D0:F0:18:43:F8:49,-74,1598513772232
0,68,D0:F0:18:43:F8:49,-72,1598513772735
0,69,D0:F0:18:43:F8:2F,-78,1598513773240
0,70,D0:F0:18:43:F8:2F,-80,1598513773746
0,71,D0:F0:18:43:F8:2F,-89,1598513774251
1,72,D0:F0:18:43:F8:49,-72,1598513774253
0,73,D0:F0:18:43:F8:2F,-80,1598513774757
1,74,D0:F0:18:43:F8:49,-74,1598513774758
0,75,D0:F0:18:43:F8:2F,-80,1598513775261
0,76,D0:F0:18:43:F8:2F,-78,1598513775767
1,77,D0:F0:18:43:F8:49,-72,1598513775768
0,78,D0:F0:18:43:F8:2F,-80,1598513776272
1,79,D0:F0:18:43:F8:49,-74,1598513776273
0,0,D0:F0:18:43:F8:2F,-86,1598513782340
1,1,D0:F0:18:43:F8:49,-76,1598513782341
0,2,D0:F0:18:43:F8:2F,-82,1598513782847
1,3,D0:F0:18:43:F8:49,-78,1598513782848
0,4,D0:F0:18:43:F8:2F,-79,1598513783353
1,5,D0:F0:18:43:F8:49,-77,1598513783355
0,6,D0:F0:18:43:F8:2F,-90,1598513783859
1,7,D0:F0:18:43:F8:49,-75,1598513783861
0,8,D0:F0:18:43:F8:2F,-85,1598513784365
1,9,D0:F0:18:43:F8:49,-79,1598513784367
0,10,D0:F0:18:43:F8:2F,-89,1598513784871
1,11,D0:F0:18:43:F8:49,-77,1598513784873
0,12,D0:F0:18:43:F8:2F,-85,1598513785377
1,13,D0:F0:18:43:F8:49,-79,1598513785379
0,14,D0:F0:18:43:F8:2F,-82,1598513785883
1,15,D0:F0:18:43:F8:49,-76,1598513785885
0,16,D0:F0:18:43:F8:49,-74,1598513786388
0,17,D0:F0:18:43:F8:2F,-85,1598513786894
1,18,D0:F0:18:43:F8:49,-79,1598513786896
0,19,D0:F0:18:43:F8:2F,-83,1598513787400
1,20,D0:F0:18:43:F8:49,-76,1598513787401
0,21,D0:F0:18:43:F8:49,-74,1598513787905
0,22,D0:F0:18:43:F8:49,-78,1598513788409
0,23,D0:F0:18:43:F8:2F,-84,1598513788915
1,24,D0:F0:18:43:F8:49,-74,1598513788916
0,25,D0:F0:18:43:F8:2F,-84,1598513789421
1,26,D0:F0:18:43:F8:49,-74,1598513789423
0,27,D0:F0:18:43:F8:2F,-83,1598513789926
1,28,D0:F0:18:43:F8:49,-76,1598513789927
0,29,D0:F0:18:43:F8:2F,-84,1598513790431
0,30,D0:F0:18:43:F8:2F,-84,1598513790936
0,31,D0:F0:18:43:F8:2F,-83,1598513791441
1,32,D0:F0:18:43:F8:49,-80,1598513791442
0,33,D0:F0:18:43:F8:2F,-82,1598513791946
1,34,D0:F0:18:43:F8:49,-80,1598513791948
0,35,D0:F0:18:43:F8:2F,-84,1598513792452
1,36,D0:F0:18:43:F8:49,-74,1598513792453
0,37,D0:F0:18:43:F8:2F,-83,1598513792958
1,38,D0:F0:18:43:F8:49,-79,1598513792960
0,39,D0:F0:18:43:F8:2F,-84,1598513793464
1,40,D0:F0:18:43:F8:49,-77,1598513793466
0,41,D0:F0:18:43:F8:49,-74,1598513793970
0,42,D0:F0:18:43:F8:2F,-82,1598513794475
1,43,D0:F0:18:43:F8:49,-79,1598513794477
0,44,D0:F0:18:43:F8:2F,-84,1598513794980
1,45,D0:F0:18:43:F8:49,-77,1598513794982
0,46,D0:F0:18:43:F8:2F,-83,1598513795486
1,47,D0:F0:18:43:F8:49,-80,1598513795487
0,48,D0:F0:18:43:F8:2F,-84,1598513795992
1,49,D0:F0:18:43:F8:49,-79,1598513795994
0,50,D0:F0:18:43:F8:49,-79,1598513796497
0,51,D0:F0:18:43:F8:2F,-83,1598513797003
1,52,D0:F0:18:43:F8:49,-77,1598513797006
0,53,D0:F0:18:43:F8:2F,-84,1598513797509
1,54,D0:F0:18:43:F8:49,-74,1598513797511
0,55,D0:F0:18:43:F8:49,-76,1598513798015
0,56,D0:F0:18:43:F8:49,-76,1598513798519
0,57,D0:F0:18:43:F8:2F,-83,1598513799025
1,58,D0:F0:18:43:F8:49,-79,1598513799026
0,59,D0:F0:18:43:F8:2F,-83,1598513799530
1,60,D0:F0:18:43:F8:49,-76,1598513799532
0,61,D0:F0:18:43:F8:2F,-83,1598513800037
1,62,D0:F0:18:43:F8:49,-76,1598513800040
0,63,D0:F0:18:43:F8:2F,-83,1598513800544
1,64,D0:F0:18:43:F8:49,-76,1598513800546
0,65,D0:F0:18:43:F8:2F,-86,1598513801050
1,66,D0:F0:18:43:F8:49,-74,1598513801051
0,67,D0:F0:18:43:F8:2F,-83,1598513801556
1,68,D0:F0:18:43:F8:49,-79,1598513801557
0,69,D0:F0:18:43:F8:2F,-84,1598513802061
1,70,D0:F0:18:43:F8:49,-76,1598513802062
0,71,D0:F0:18:43:F8:2F,-83,1598513802570
1,72,D0:F0:18:43:F8:49,-79,1598513802572
0,73,D0:F0:18:43:F8:2F,-84,1598513803076
1,74,D0:F0:18:43:F8:49,-77,1598513803078
0,75,D0:F0:18:43:F8:2F,-83,1598513803582
1,76,D0:F0:18:43:F8:49,-74,1598513803583
0,77,D0:F0:18:43:F8:49,-79,1598513804087
0,78,D0:F0:18:43:F8:2F,-83,1598513804593
1,79,D0:F0:18:43:F8:49,-76,1598513804594
0,0,D0:F0:18:43:F8:2F,-68,1598513813695
1,1,D0:F0:18:43:F8:49,-86,1598513813697
0,2,D0:F0:18:43:F8:2F,-62,1598513814202
1,3,D0:F0:18:43:F8:49,-81,1598513814204
0,4,D0:F0:18:43:F8:2F,-65,1598513814708
1,5,D0:F0:18:43:F8:49,-79,1598513814710
0,6,D0:F0:18:43:F8:2F,-69,1598513815214
1,7,D0:F0:18:43:F8:49,-79,1598513815216
0,8,D0:F0:18:43:F8:2F,-66,1598513815720
1,9,D0:F0:18:43:F8:49,-85,1598513815722
0,10,D0:F0:18:43:F8:2F,-68,1598513816226
0,11,D0:F0:18:43:F8:2F,-68,1598513816731
1,12,D0:F0:18:43:F8:49,-89,1598513816733
0,13,D0:F0:18:43:F8:2F,-67,1598513817237
1,14,D0:F0:18:43:F8:49,-86,1598513817239
0,15,D0:F0:18:43:F8:49,-85,1598513817742
0,16,D0:F0:18:43:F8:2F,-68,1598513818248
1,17,D0:F0:18:43:F8:49,-85,1598513818249
0,18,D0:F0:18:43:F8:2F,-68,1598513818755
1,19,D0:F0:18:43:F8:49,-85,1598513818756
0,20,D0:F0:18:43:F8:2F,-67,1598513819260
1,21,D0:F0:18:43:F8:49,-85,1598513819262
0,22,D0:F0:18:43:F8:2F,-68,1598513819766
1,23,D0:F0:18:43:F8:49,-79,1598513819767
0,24,D0:F0:18:43:F8:2F,-68,1598513820272
1,25,D0:F0:18:43:F8:49,-79,1598513820274
0,26,D0:F0:18:43:F8:2F,-67,1598513820778
1,27,D0:F0:18:43:F8:49,-85,1598513820779
0,28,D0:F0:18:43:F8:2F,-68,1598513821284
1,29,D0:F0:18:43:F8:49,-79,1598513821286
0,30,D0:F0:18:43:F8:2F,-68,1598513821790
1,31,D0:F0:18:43:F8:49,-88,1598513821791
0,32,D0:F0:18:43:F8:2F,-68,1598513822296
1,33,D0:F0:18:43:F8:49,-85,1598513822297
0,34,D0:F0:18:43:F8:2F,-68,1598513822801
0,35,D0:F0:18:43:F8:2F,-67,1598513823306
1,36,D0:F0:18:43:F8:49,-79,1598513823307
0,37,D0:F0:18:43:F8:2F,-68,1598513823811
1,38,D0:F0:18:43:F8:49,-89,1598513823812
0,39,D0:F0:18:43:F8:2F,-68,1598513824317
1,40,D0:F0:18:43:F8:49,-85,1598513824319
0,41,D0:F0:18:43:F8:2F,-68,1598513824823
1,42,D0:F0:18:43:F8:49,-79,1598513824825
0,43,D0:F0:18:43:F8:2F,-68,1598513825329
0,44,D0:F0:18:43:F8:2F,-67,1598513825834
1,45,D0:F0:18:43:F8:49,-79,1598513825836
0,46,D0:F0:18:43:F8:2F,-68,1598513826337
1,47,D0:F0:18:43:F8:49,-88,1598513826338
0,48,D0:F0:18:43:F8:2F,-68,1598513826839
1,49,D0:F0:18:43:F8:49,-79,1598513826840
0,50,D0:F0:18:43:F8:2F,-67,1598513827342
1,51,D0:F0:18:43:F8:49,-89,1598513827343
0,52,D0:F0:18:43:F8:2F,-68,1598513827848
1,53,D0:F0:18:43:F8:49,-85,1598513827849
0,54,D0:F0:18:43:F8:2F,-67,1598513828351
1,55,D0:F0:18:43:F8:49,-79,1598513828352
0,56,D0:F0:18:43:F8:2F,-68,1598513828854
0,57,D0:F0:18:43:F8:2F,-68,1598513829360
1,58,D0:F0:18:43:F8:49,-85,1598513829362
0,59,D0:F0:18:43:F8:2F,-67,1598513829866
1,60,D0:F0:18:43:F8:49,-79,1598513829868
0,61,D0:F0:18:43:F8:2F,-68,1598513830372
1,62,D0:F0:18:43:F8:49,-90,1598513830374
0,63,D0:F0:18:43:F8:2F,-68,1598513830879
1,64,D0:F0:18:43:F8:49,-79,1598513830880
0,65,D0:F0:18:43:F8:2F,-68,1598513831382
1,66,D0:F0:18:43:F8:49,-89,1598513831383
0,67,D0:F0:18:43:F8:2F,-69,1598513831889
1,68,D0:F0:18:43:F8:49,-85,1598513831890
0,69,D0:F0:18:43:F8:2F,-67,1598513832394
1,70,D0:F0:18:43:F8:49,-79,1598513832395
0,71,D0:F0:18:43:F8:49,-89,1598513832899
0,72,D0:F0:18:43:F8:2F,-68,1598513833405
0,73,D0:F0:18:43:F8:49,-86,1598513833910
0,74,D0:F0:18:43:F8:2F,-68,1598513834413
1,75,D0:F0:18:43:F8:49,-89,1598513834414
0,76,D0:F0:18:43:F8:2F,-67,1598513834917
1,77,D0:F0:18:43:F8:49,-78,1598513834918
0,78,D0:F0:18:43:F8:49,-85,1598513835424
0,79,D0:F0:18:43:F8:2F,-67,1598513835926
0,0,D0:F0:18:43:F8:49,-88,1598513847026
0,1,D0:F0:18:43:F8:2F,-26,1598513847531
1,2,D0:F0:18:43:F8:49,-80,1598513847533
0,3,D0:F0:18:43:F8:2F,-24,1598513848038
1,4,D0:F0:18:43:F8:49,-87,1598513848039
0,5,D0:F0:18:43:F8:49,-80,1598513848540
0,6,D0:F0:18:43:F8:49,-83,1598513849046
0,7,D0:F0:18:43:F8:2F,-24,1598513849552
1,8,D0:F0:18:43:F8:49,-86,1598513849554
0,9,D0:F0:18:43:F8:2F,-26,1598513850058
1,10,D0:F0:18:43:F8:49,-80,1598513850059
0,11,D0:F0:18:43:F8:49,-86,1598513850564
0,12,D0:F0:18:43:F8:2F,-26,1598513851070
1,13,D0:F0:18:43:F8:49,-79,1598513851071
0,14,D0:F0:18:43:F8:2F,-24,1598513851575
1,15,D0:F0:18:43:F8:49,-83,1598513851577
0,16,D0:F0:18:43:F8:2F,-24,1598513852081
1,17,D0:F0:18:43:F8:49,-87,1598513852083
0,18,D0:F0:18:43:F8:2F,-24,1598513852587
1,19,D0:F0:18:43:F8:49,-80,1598513852588
0,20,D0:F0:18:43:F8:49,-86,1598513853092
0,21,D0:F0:18:43:F8:49,-86,1598513853597
0,22,D0:F0:18:43:F8:49,-83,1598513854102
0,23,D0:F0:18:43:F8:49,-86,1598513854608
0,24,D0:F0:18:43:F8:2F,-26,1598513855115
1,25,D0:F0:18:43:F8:49,-79,1598513855116
0,26,D0:F0:18:43:F8:2F,-24,1598513855620
1,27,D0:F0:18:43:F8:49,-83,1598513855621
0,28,D0:F0:18:43:F8:2F,-26,1598513856125
0,29,D0:F0:18:43:F8:2F,-24,1598513856630
1,30,D0:F0:18:43:F8:49,-88,1598513856632
0,31,D0:F0:18:43:F8:2F,-26,1598513857135
0,32,D0:F0:18:43:F8:2F,-24,1598513857640
1,33,D0:F0:18:43:F8:49,-83,1598513857642
0,34,D0:F0:18:43:F8:2F,-26,1598513858145
1,35,D0:F0:18:43:F8:49,-88,1598513858147
0,36,D0:F0:18:43:F8:2F,-26,1598513858650
1,37,D0:F0:18:43:F8:49,-79,1598513858652
0,38,D0:F0:18:43:F8:2F,-24,1598513859156
1,39,D0:F0:18:43:F8:49,-81,1598513859157
0,40,D0:F0:18:43:F8:2F,-26,1598513859662
1,41,D0:F0:18:43:F8:49,-86,1598513859663
0,42,D0:F0:18:43:F8:2F,-24,1598513860166
0,43,D0:F0:18:43:F8:2F,-24,1598513860670
0,44,D0:F0:18:43:F8:2F,-26,1598513861176
1,45,D0:F0:18:43:F8:49,-87,1598513861178
0,46,D0:F0:18:43:F8:2F,-24,1598513861682
1,47,D0:F0:18:43:F8:49,-81,1598513861683
0,48,D0:F0:18:43:F8:2F,-24,1598513862188
1,49,D0:F0:18:43:F8:49,-86,1598513862190
0,50,D0:F0:18:43:F8:2F,-26,1598513862694
1,51,D0:F0:18:43:F8:49,-78,1598513862696
0,52,D0:F0:18:43:F8:2F,-26,1598513863199
1,53,D0:F0:18:43:F8:49,-85,1598513863200
0,54,D0:F0:18:43:F8:2F,-24,1598513863705
0,55,D0:F0:18:43:F8:2F,-24,1598513864210
1,56,D0:F0:18:43:F8:49,-86,1598513864212
0,57,D0:F0:18:43:F8:2F,-26,1598513864716
1,58,D0:F0:18:43:F8:49,-79,1598513864718
0,59,D0:F0:18:43:F8:2F,-24,1598513865222
1,60,D0:F0:18:43:F8:49,-83,1598513865224
0,61,D0:F0:18:43:F8:2F,-26,1598513865728
1,62,D0:F0:18:43:F8:49,-86,1598513865729
0,63,D0:F0:18:43:F8:2F,-26,1598513866233
1,64,D0:F0:18:43:F8:49,-78,1598513866235
0,65,D0:F0:18:43:F8:2F,-24,1598513866740
1,66,D0:F0:18:43:F8:49,-83,1598513866741
0,67,D0:F0:18:43:F8:2F,-26,1598513867247
1,68,D0:F0:18:43:F8:49,-78,1598513867248
0,69,D0:F0:18:43:F8:2F,-24,1598513867751
1,70,D0:F0:18:43:F8:49,-83,1598513867753
0,71,D0:F0:18:43:F8:2F,-24,1598513868257
0,72,D0:F0:18:43:F8:2F,-26,1598513868763
1,73,D0:F0:18:43:F8:49,-83,1598513868765
0,74,D0:F0:18:43:F8:2F,-24,1598513869269
1,75,D0:F0:18:43:F8:49,-85,1598513869271
0,76,D0:F0:18:43:F8:2F,-26,1598513869772
1,77,D0:F0:18:43:F8:49,-78,1598513869773
0,78,D0:F0:18:43:F8:2F,-24,1598513870279
1,79,D0:F0:18:43:F8:49,-82,1598513870280
0,0,D0:F0:18:43:F8:49,-83,1598513876339
0,1,D0:F0:18:43:F8:2F,-24,1598513876845
0,2,D0:F0:18:43:F8:49,-83,1598513877350
0,3,D0:F0:18:43:F8:2F,-24,1598513877856
1,4,D0:F0:18:43:F8:49,-83,1598513877857
0,5,D0:F0:18:43:F8:2F,-24,1598513878362
1,6,D0:F0:18:43:F8:49,-79,1598513878364
0,7,D0:F0:18:43:F8:2F,-26,1598513878864
1,8,D0:F0:18:43:F8:49,-80,1598513878865
0,9,D0:F0:18:43:F8:2F,-24,1598513879370
1,10,D0:F0:18:43:F8:49,-85,1598513879372
0,11,D0:F0:18:43:F8:2F,-24,1598513879876
1,12,D0:F0:18:43:F8:49,-82,1598513879877
0,13,D0:F0:18:43:F8:49,-82,1598513880381
0,14,D0:F0:18:43:F8:2F,-26,1598513880883
1,15,D0:F0:18:43:F8:49,-79,1598513880884
0,16,D0:F0:18:43:F8:49,-81,1598513881389
0,17,D0:F0:18:43:F8:49,-85,1598513881894
0,18,D0:F0:18:43:F8:2F,-24,1598513882400
1,19,D0:F0:18:43:F8:49,-79,1598513882401
0,20,D0:F0:18:43:F8:49,-80,1598513882901
0,21,D0:F0:18:43:F8:2F,-26,1598513883408
1,22,D0:F0:18:43:F8:49,-85,1598513883410
0,23,D0:F0:18:43:F8:2F,-24,1598513883912
1,24,D0:F0:18:43:F8:49,-80,1598513883914
0,25,D0:F0:18:43:F8:2F,-24,1598513884418
1,26,D0:F0:18:43:F8:49,-85,1598513884419
0,27,D0:F0:18:43:F8:2F,-26,1598513884920
1,28,D0:F0:18:43:F8:49,-78,1598513884921
0,29,D0:F0:18:43:F8:2F,-24,1598513885427
1,30,D0:F0:18:43:F8:49,-80,1598513885429
0,31,D0:F0:18:43:F8:49,-85,1598513885934
0,32,D0:F0:18:43:F8:2F,-24,1598513886438
1,33,D0:F0:18:43:F8:49,-79,1598513886440
0,34,D0:F0:18:43:F8:2F,-24,1598513886941
1,35,D0:F0:18:43:F8:49,-81,1598513886942
0,36,D0:F0:18:43:F8:2F,-26,1598513887447
1,37,D0:F0:18:43:F8:49,-79,1598513887449
0,38,D0:F0:18:43:F8:2F,-24,1598513887953
1,39,D0:F0:18:43:F8:49,-79,1598513887955
0,40,D0:F0:18:43:F8:2F,-24,1598513888459
1,41,D0:F0:18:43:F8:49,-84,1598513888460
0,42,D0:F0:18:43:F8:2F,-24,1598513888965
1,43,D0:F0:18:43:F8:49,-79,1598513888967
0,44,D0:F0:18:43:F8:2F,-24,1598513889471
1,45,D0:F0:18:43:F8:49,-84,1598513889473
0,46,D0:F0:18:43:F8:2F,-26,1598513889977
1,47,D0:F0:18:43:F8:49,-79,1598513889978
0,48,D0:F0:18:43:F8:49,-81,1598513890482
0,49,D0:F0:18:43:F8:2F,-24,1598513890984
1,50,D0:F0:18:43:F8:49,-78,1598513890985
0,51,D0:F0:18:43:F8:2F,-26,1598513891490
1,52,D0:F0:18:43:F8:49,-81,1598513891491
0,53,D0:F0:18:43:F8:2F,-24,1598513891995
1,54,D0:F0:18:43:F8:49,-85,1598513891997
0,55,D0:F0:18:43:F8:2F,-26,1598513892501
1,56,D0:F0:18:43:F8:49,-78,1598513892502
0,57,D0:F0:18:43:F8:2F,-26,1598513893007
1,58,D0:F0:18:43:F8:49,-80,1598513893008
0,59,D0:F0:18:43:F8:2F,-24,1598513893513
1,60,D0:F0:18:43:F8:49,-86,1598513893515
0,61,D0:F0:18:43:F8:2F,-26,1598513894019
1,62,D0:F0:18:43:F8:49,-80,1598513894021
0,63,D0:F0:18:43:F8:2F,-24,1598513894525
1,64,D0:F0:18:43:F8:49,-81,1598513894526
0,65,D0:F0:18:43:F8:2F,-24,1598513895027
1,66,D0:F0:18:43:F8:49,-79,1598513895028
0,67,D0:F0:18:43:F8:2F,-26,1598513895533
0,68,D0:F0:18:43:F8:2F,-24,1598513896039
1,69,D0:F0:18:43:F8:49,-80,1598513896041
0,70,D0:F0:18:43:F8:2F,-26,1598513896545
1,71,D0:F0:18:43:F8:49,-80,1598513896546
0,72,D0:F0:18:43:F8:2F,-24,1598513897050
1,73,D0:F0:18:43:F8:49,-80,1598513897052
0,74,D0:F0:18:43:F8:49,-82,1598513897555
0,75,D0:F0:18:43:F8:2F,-26,1598513898060
0,76,D0:F0:18:43:F8:2F,-24,1598513898566
1,77,D0:F0:18:43:F8:49,-80,1598513898568
0,78,D0:F0:18:43:F8:2F,-26,1598513899072
0,79,D0:F0:18:43:F8:2F,-26,1598513899577
0,0,D0:F0:18:43:F8:2F,-61,1598513954999
1,1,D0:F0:18:43:F8:49,-89,1598513955000
0,2,D0:F0:18:43:F8:2F,-67,1598513956516
1,3,D0:F0:18:43:F8:49,-79,1598513956517
0,4,D0:F0:18:43:F8:2F,-66,1598513957020
0,5,D0:F0:18:43:F8:2F,-66,1598513957526
1,6,D0:F0:18:43:F8:49,-83,1598513957527
0,7,D0:F0:18:43:F8:2F,-66,1598513958032
1,8,D0:F0:18:43:F8:49,-79,1598513958033
0,9,D0:F0:18:43:F8:2F,-66,1598513958538
1,10,D0:F0:18:43:F8:49,-89,1598513958540
0,11,D0:F0:18:43:F8:2F,-67,1598513959044
1,12,D0:F0:18:43:F8:49,-79,1598513959046
0,13,D0:F0:18:43:F8:2F,-66,1598513959550
1,14,D0:F0:18:43:F8:49,-79,1598513959552
0,15,D0:F0:18:43:F8:2F,-68,1598513960056
1,16,D0:F0:18:43:F8:49,-84,1598513960058
0,17,D0:F0:18:43:F8:49,-79,1598513960561
0,18,D0:F0:18:43:F8:2F,-66,1598513961066
1,19,D0:F0:18:43:F8:49,-89,1598513961067
0,20,D0:F0:18:43:F8:2F,-67,1598513961571
1,21,D0:F0:18:43:F8:49,-83,1598513961572
0,22,D0:F0:18:43:F8:2F,-67,1598513962077
1,23,D0:F0:18:43:F8:49,-79,1598513962079
0,24,D0:F0:18:43:F8:2F,-66,1598513962582
0,25,D0:F0:18:43:F8:2F,-67,1598513963088
1,26,D0:F0:18:43:F8:49,-79,1598513963090
0,27,D0:F0:18:43:F8:2F,-66,1598513963593
1,28,D0:F0:18:43:F8:49,-79,1598513963595
0,29,D0:F0:18:43:F8:49,-83,1598513964097
0,30,D0:F0:18:43:F8:2F,-67,1598513964603
1,31,D0:F0:18:43:F8:49,-79,1598513964604
0,32,D0:F0:18:43:F8:2F,-66,1598513965108
1,33,D0:F0:18:43:F8:49,-89,1598513965110
0,34,D0:F0:18:43:F8:2F,-67,1598513965614
1,35,D0:F0:18:43:F8:49,-79,1598513965616
0,36,D0:F0:18:43:F8:2F,-67,1598513966122
1,37,D0:F0:18:43:F8:49,-79,1598513966123
0,38,D0:F0:18:43:F8:2F,-67,1598513966628
1,39,D0:F0:18:43:F8:49,-83,1598513966630
0,40,D0:F0:18:43:F8:2F,-66,1598513967134
1,41,D0:F0:18:43:F8:49,-79,1598513967136
0,42,D0:F0:18:43:F8:2F,-66,1598513967640
1,43,D0:F0:18:43:F8:49,-79,1598513967641
0,44,D0:F0:18:43:F8:2F,-66,1598513968145
1,45,D0:F0:18:43:F8:49,-83,1598513968147
0,46,D0:F0:18:43:F8:2F,-67,1598513968651
1,47,D0:F0:18:43:F8:49,-79,1598513968653
0,48,D0:F0:18:43:F8:2F,-67,1598513969157
1,49,D0:F0:18:43:F8:49,-83,1598513969158
0,50,D0:F0:18:43:F8:2F,-67,1598513969661
0,51,D0:F0:18:43:F8:2F,-66,1598513970167
1,52,D0:F0:18:43:F8:49,-83,1598513970168
0,53,D0:F0:18:43:F8:2F,-67,1598513970672
1,54,D0:F0:18:43:F8:49,-79,1598513970674
0,55,D0:F0:18:43:F8:49,-89,1598513971177
0,56,D0:F0:18:43:F8:2F,-66,1598513971683
1,57,D0:F0:18:43:F8:49,-84,1598513971686
0,58,D0:F0:18:43:F8:2F,-66,1598513972189
1,59,D0:F0:18:43:F8:49,-79,1598513972191
0,60,D0:F0:18:43:F8:2F,-66,1598513972695
1,61,D0:F0:18:43:F8:49,-88,1598513972697
0,62,D0:F0:18:43:F8:2F,-67,1598513973201
1,63,D0:F0:18:43:F8:49,-79,1598513973202
0,64,D0:F0:18:43:F8:2F,-66,1598513973707
0,65,D0:F0:18:43:F8:2F,-67,1598513974213
1,66,D0:F0:18:43:F8:49,-79,1598513974215
0,67,D0:F0:18:43:F8:2F,-66,1598513974719
0,68,D0:F0:18:43:F8:2F,-67,1598513975223
0,69,D0:F0:18:43:F8:2F,-67,1598513975729
1,70,D0:F0:18:43:F8:49,-89,1598513975731
0,71,D0:F0:18:43:F8:49,-89,1598513976234
0,72,D0:F0:18:43:F8:2F,-66,1598513976740
1,73,D0:F0:18:43:F8:49,-79,1598513976741
0,74,D0:F0:18:43:F8:2F,-67,1598513977245
1,75,D0:F0:18:43:F8:49,-89,1598513977246
0,76,D0:F0:18:43:F8:2F,-66,1598513977750
1,77,D0:F0:18:43:F8:49,-83,1598513977752
0,78,D0:F0:18:43:F8:2F,-67,1598513978257
0,79,D0:F0:18:43:F8:2F,-67,1598513978761
0,0,D0:F0:18:43:F8:2F,-79,1598514004048
0,1,D0:F0:18:43:F8:2F,-88,1598514004547
1,2,D0:F0:18:43:F8:49,-79,1598514004548
0,3,D0:F0:18:43:F8:2F,-75,1598514005054
1,4,D0:F0:18:43:F8:49,-74,1598514005055
0,5,D0:F0:18:43:F8:2F,-85,1598514005559
1,6,D0:F0:18:43:F8:49,-78,1598514005561
0,7,D0:F0:18:43:F8:2F,-78,1598514006066
1,8,D0:F0:18:43:F8:49,-76,1598514006067
0,9,D0:F0:18:43:F8:49,-79,1598514006570
0,10,D0:F0:18:43:F8:2F,-86,1598514007072
1,11,D0:F0:18:43:F8:49,-78,1598514007073
0,12,D0:F0:18:43:F8:2F,-84,1598514007579
1,13,D0:F0:18:43:F8:49,-74,1598514007580
0,14,D0:F0:18:43:F8:2F,-91,1598514008085
1,15,D0:F0:18:43:F8:49,-78,1598514008086
0,16,D0:F0:18:43:F8:2F,-84,1598514008590
1,17,D0:F0:18:43:F8:49,-76,1598514008591
0,18,D0:F0:18:43:F8:2F,-91,1598514009096
1,19,D0:F0:18:43:F8:49,-74,1598514009097
0,20,D0:F0:18:43:F8:49,-79,1598514009597
0,21,D0:F0:18:43:F8:2F,-84,1598514010104
1,22,D0:F0:18:43:F8:49,-76,1598514010105
0,23,D0:F0:18:43:F8:49,-79,1598514010609
0,24,D0:F0:18:43:F8:2F,-84,1598514011117
1,25,D0:F0:18:43:F8:49,-76,1598514011118
0,26,D0:F0:18:43:F8:49,-74,1598514011623
0,27,D0:F0:18:43:F8:2F,-83,1598514012126
1,28,D0:F0:18:43:F8:49,-79,1598514012126
0,29,D0:F0:18:43:F8:2F,-83,1598514012631
0,30,D0:F0:18:43:F8:2F,-83,1598514013137
1,31,D0:F0:18:43:F8:49,-76,1598514013138
0,32,D0:F0:18:43:F8:2F,-82,1598514013642
0,33,D0:F0:18:43:F8:49,-74,1598514014147
0,34,D0:F0:18:43:F8:2F,-83,1598514014653
1,35,D0:F0:18:43:F8:49,-79,1598514014655
0,36,D0:F0:18:43:F8:2F,-82,1598514015159
1,37,D0:F0:18:43:F8:49,-76,1598514015161
0,38,D0:F0:18:43:F8:2F,-85,1598514015665
1,39,D0:F0:18:43:F8:49,-74,1598514015667
0,40,D0:F0:18:43:F8:2F,-85,1598514016170
1,41,D0:F0:18:43:F8:49,-79,1598514016172
0,42,D0:F0:18:43:F8:2F,-84,1598514016676
1,43,D0:F0:18:43:F8:49,-74,1598514016678
0,44,D0:F0:18:43:F8:2F,-83,1598514017182
1,45,D0:F0:18:43:F8:49,-74,1598514017184
0,46,D0:F0:18:43:F8:2F,-82,1598514017688
1,47,D0:F0:18:43:F8:49,-76,1598514017689
0,48,D0:F0:18:43:F8:2F,-84,1598514018194
1,49,D0:F0:18:43:F8:49,-74,1598514018195
0,50,D0:F0:18:43:F8:2F,-83,1598514018699
1,51,D0:F0:18:43:F8:49,-79,1598514018700
0,52,D0:F0:18:43:F8:2F,-83,1598514019205
1,53,D0:F0:18:43:F8:49,-76,1598514019207
0,54,D0:F0:18:43:F8:49,-74,1598514019710
0,55,D0:F0:18:43:F8:2F,-82,1598514020217
1,56,D0:F0:18:43:F8:49,-79,1598514020218
0,57,D0:F0:18:43:F8:2F,-83,1598514020723
1,58,D0:F0:18:43:F8:49,-74,1598514020724
0,59,D0:F0:18:43:F8:2F,-83,1598514021228
1,60,D0:F0:18:43:F8:49,-79,1598514021230
0,61,D0:F0:18:43:F8:49,-76,1598514021733
0,62,D0:F0:18:43:F8:49,-74,1598514022239
0,63,D0:F0:18:43:F8:49,-79,1598514022745
0,64,D0:F0:18:43:F8:2F,-82,1598514023251
1,65,D0:F0:18:43:F8:49,-74,1598514023252
0,66,D0:F0:18:43:F8:2F,-82,1598514023757
1,67,D0:F0:18:43:F8:49,-74,1598514023758
0,68,D0:F0:18:43:F8:2F,-84,1598514024263
1,69,D0:F0:18:43:F8:49,-76,1598514024265
0,70,D0:F0:18:43:F8:2F,-84,1598514024769
1,71,D0:F0:18:43:F8:49,-74,1598514024771
0,72,D0:F0:18:43:F8:49,-79,1598514025274
0,73,D0:F0:18:43:F8:2F,-83,1598514025779
1,74,D0:F0:18:43:F8:49,-74,1598514025781
0,75,D0:F0:18:43:F8:2F,-84,1598514026285
1,76,D0:F0:18:43:F8:49,-74,1598514026287
0,77,D0:F0:18:43:F8:2F,-85,1598514026790
1,78,D0:F0:18:43:F8:49,-76,1598514026792
0,79,D0:F0:18:43:F8:2F,-80,1598514027295
0,0,D0:F0:18:43:F8:2F,-89,1598514034370
1,1,D0:F0:18:43:F8:49,-73,1598514034372
0,2,D0:F0:18:43:F8:2F,-80,1598514034876
1,3,D0:F0:18:43:F8:49,-73,1598514034877
0,4,D0:F0:18:43:F8:2F,-77,1598514035381
1,5,D0:F0:18:43:F8:49,-74,1598514035383
0,6,D0:F0:18:43:F8:2F,-81,1598514035890
1,7,D0:F0:18:43:F8:49,-71,1598514035892
0,8,D0:F0:18:43:F8:2F,-81,1598514036396
1,9,D0:F0:18:43:F8:49,-72,1598514036398
0,10,D0:F0:18:43:F8:2F,-84,1598514036902
1,11,D0:F0:18:43:F8:49,-72,1598514036904
0,12,D0:F0:18:43:F8:2F,-81,1598514037409
1,13,D0:F0:18:43:F8:49,-72,1598514037411
0,14,D0:F0:18:43:F8:2F,-80,1598514037915
1,15,D0:F0:18:43:F8:49,-73,1598514037917
0,16,D0:F0:18:43:F8:49,-71,1598514038421
0,17,D0:F0:18:43:F8:2F,-80,1598514038928
1,18,D0:F0:18:43:F8:49,-72,1598514038929
0,19,D0:F0:18:43:F8:2F,-83,1598514039431
1,20,D0:F0:18:43:F8:49,-73,1598514039432
0,21,D0:F0:18:43:F8:2F,-79,1598514039937
1,22,D0:F0:18:43:F8:49,-73,1598514039938
0,23,D0:F0:18:43:F8:2F,-79,1598514040442
1,24,D0:F0:18:43:F8:49,-74,1598514040443
0,25,D0:F0:18:43:F8:2F,-90,1598514040947
1,26,D0:F0:18:43:F8:49,-72,1598514040949
0,27,D0:F0:18:43:F8:49,-73,1598514041452
0,28,D0:F0:18:43:F8:49,-72,1598514041958
0,29,D0:F0:18:43:F8:2F,-88,1598514042462
0,30,D0:F0:18:43:F8:49,-73,1598514042967
0,31,D0:F0:18:43:F8:49,-74,1598514043472
0,32,D0:F0:18:43:F8:49,-72,1598514043977
0,33,D0:F0:18:43:F8:2F,-81,1598514044483
1,34,D0:F0:18:43:F8:49,-72,1598514044485
0,35,D0:F0:18:43:F8:2F,-82,1598514044989
1,36,D0:F0:18:43:F8:49,-74,1598514044991
0,37,D0:F0:18:43:F8:2F,-85,1598514045495
1,38,D0:F0:18:43:F8:49,-72,1598514045497
0,39,D0:F0:18:43:F8:2F,-82,1598514045999
1,40,D0:F0:18:43:F8:49,-72,1598514046001
0,41,D0:F0:18:43:F8:2F,-84,1598514046505
1,42,D0:F0:18:43:F8:49,-74,1598514046506
0,43,D0:F0:18:43:F8:2F,-85,1598514047010
1,44,D0:F0:18:43:F8:49,-72,1598514047012
0,45,D0:F0:18:43:F8:2F,-83,1598514047516
1,46,D0:F0:18:43:F8:49,-74,1598514047517
0,47,D0:F0:18:43:F8:2F,-83,1598514048022
1,48,D0:F0:18:43:F8:49,-73,1598514048023
0,49,D0:F0:18:43:F8:49,-71,1598514048527
0,50,D0:F0:18:43:F8:2F,-84,1598514049032
1,51,D0:F0:18:43:F8:49,-73,1598514049034
0,52,D0:F0:18:43:F8:2F,-83,1598514049539
1,53,D0:F0:18:43:F8:49,-71,1598514049540
0,54,D0:F0:18:43:F8:2F,-82,1598514050043
1,55,D0:F0:18:43:F8:49,-73,1598514050045
0,56,D0:F0:18:43:F8:2F,-80,1598514050549
1,57,D0:F0:18:43:F8:49,-73,1598514050550
0,58,D0:F0:18:43:F8:2F,-86,1598514051055
1,59,D0:F0:18:43:F8:49,-71,1598514051057
0,60,D0:F0:18:43:F8:2F,-87,1598514051560
1,61,D0:F0:18:43:F8:49,-71,1598514051562
0,62,D0:F0:18:43:F8:2F,-91,1598514052063
1,63,D0:F0:18:43:F8:49,-72,1598514052065
0,64,D0:F0:18:43:F8:2F,-89,1598514052570
1,65,D0:F0:18:43:F8:49,-73,1598514052571
0,66,D0:F0:18:43:F8:49,-71,1598514053075
0,67,D0:F0:18:43:F8:2F,-81,1598514053580
1,68,D0:F0:18:43:F8:49,-72,1598514053581
0,69,D0:F0:18:43:F8:2F,-88,1598514054086
1,70,D0:F0:18:43:F8:49,-71,1598514054088
0,71,D0:F0:18:43:F8:2F,-88,1598514054592
1,72,D0:F0:18:43:F8:49,-72,1598514054593
0,73,D0:F0:18:43:F8:2F,-84,1598514055095
1,74,D0:F0:18:43:F8:49,-73,1598514055095
0,75,D0:F0:18:43:F8:2F,-80,1598514055600
1,76,D0:F0:18:43:F8:49,-72,1598514055602
0,77,D0:F0:18:43:F8:49,-73,1598514056105
0,78,D0:F0:18:43:F8:2F,-82,1598514056611
1,79,D0:F0:18:43:F8:49,-72,1598514056612
0,0,D0:F0:18:43:F8:49,-77,1598514062670
0,1,D0:F0:18:43:F8:2F,-86,1598514063176
1,2,D0:F0:18:43:F8:49,-73,1598514063177
0,3,D0:F0:18:43:F8:49,-75,1598514064187
0,4,D0:F0:18:43:F8:49,-74,1598514064691
0,5,D0:F0:18:43:F8:49,-73,1598514065196
0,6,D0:F0:18:43:F8:49,-74,1598514065701
0,7,D0:F0:18:43:F8:49,-77,1598514066207
0,8,D0:F0:18:43:F8:49,-73,1598514066711
0,9,D0:F0:18:43:F8:49,-77,1598514067217
0,10,D0:F0:18:43:F8:49,-74,1598514067722
0,11,D0:F0:18:43:F8:49,-77,1598514068227
0,12,D0:F0:18:43:F8:49,-73,1598514068732
0,13,D0:F0:18:43:F8:2F,-89,1598514069238
1,14,D0:F0:18:43:F8:49,-74,1598514069240
0,15,D0:F0:18:43:F8:2F,-89,1598514069743
1,16,D0:F0:18:43:F8:49,-76,1598514069745
0,17,D0:F0:18:43:F8:49,-73,1598514070249
0,18,D0:F0:18:43:F8:49,-77,1598514070755
0,19,D0:F0:18:43:F8:2F,-91,1598514071260
1,20,D0:F0:18:43:F8:49,-77,1598514071261
0,21,D0:F0:18:43:F8:49,-74,1598514071765
0,22,D0:F0:18:43:F8:49,-77,1598514072777
0,23,D0:F0:18:43:F8:2F,-91,1598514073281
0,24,D0:F0:18:43:F8:49,-77,1598514073787
0,25,D0:F0:18:43:F8:49,-77,1598514074293
0,26,D0:F0:18:43:F8:49,-77,1598514074798
0,27,D0:F0:18:43:F8:49,-74,1598514075303
0,28,D0:F0:18:43:F8:49,-77,1598514075809
0,29,D0:F0:18:43:F8:49,-73,1598514076313
0,30,D0:F0:18:43:F8:49,-74,1598514076819
0,31,D0:F0:18:43:F8:49,-77,1598514077325
0,32,D0:F0:18:43:F8:49,-73,1598514077830
0,33,D0:F0:18:43:F8:49,-77,1598514078336
0,34,D0:F0:18:43:F8:49,-73,1598514078841
0,35,D0:F0:18:43:F8:49,-74,1598514079347
0,36,D0:F0:18:43:F8:49,-77,1598514079852
0,37,D0:F0:18:43:F8:49,-73,1598514080358
0,38,D0:F0:18:43:F8:49,-77,1598514080866
0,39,D0:F0:18:43:F8:49,-77,1598514081372
0,40,D0:F0:18:43:F8:49,-77,1598514081876
0,41,D0:F0:18:43:F8:49,-73,1598514082381
0,42,D0:F0:18:43:F8:2F,-91,1598514082887
1,43,D0:F0:18:43:F8:49,-74,1598514082889
0,44,D0:F0:18:43:F8:2F,-86,1598514083393
1,45,D0:F0:18:43:F8:49,-77,1598514083394
0,46,D0:F0:18:43:F8:49,-73,1598514083898
0,47,D0:F0:18:43:F8:2F,-89,1598514084403
1,48,D0:F0:18:43:F8:49,-76,1598514084405
0,49,D0:F0:18:43:F8:49,-73,1598514084909
0,50,D0:F0:18:43:F8:49,-74,1598514085414
0,51,D0:F0:18:43:F8:2F,-88,1598514085920
1,52,D0:F0:18:43:F8:49,-76,1598514085921
0,53,D0:F0:18:43:F8:49,-72,1598514086424
0,54,D0:F0:18:43:F8:2F,-91,1598514086929
1,55,D0:F0:18:43:F8:49,-74,1598514086930
0,56,D0:F0:18:43:F8:49,-76,1598514087433
0,57,D0:F0:18:43:F8:2F,-88,1598514087939
1,58,D0:F0:18:43:F8:49,-73,1598514087940
0,59,D0:F0:18:43:F8:2F,-89,1598514088443
1,60,D0:F0:18:43:F8:49,-76,1598514088445
0,61,D0:F0:18:43:F8:2F,-87,1598514088949
1,62,D0:F0:18:43:F8:49,-76,1598514088950
0,63,D0:F0:18:43:F8:2F,-86,1598514089455
1,64,D0:F0:18:43:F8:49,-74,1598514089456
0,65,D0:F0:18:43:F8:2F,-86,1598514089960
1,66,D0:F0:18:43:F8:49,-76,1598514089962
0,67,D0:F0:18:43:F8:49,-72,1598514090465
0,68,D0:F0:18:43:F8:2F,-86,1598514090969
1,69,D0:F0:18:43:F8:49,-76,1598514090971
0,70,D0:F0:18:43:F8:2F,-87,1598514091474
1,71,D0:F0:18:43:F8:49,-77,1598514091476
0,72,D0:F0:18:43:F8:2F,-89,1598514091979
1,73,D0:F0:18:43:F8:49,-73,1598514091980
0,74,D0:F0:18:43:F8:49,-77,1598514092484
0,75,D0:F0:18:43:F8:2F,-88,1598514092989
1,76,D0:F0:18:43:F8:49,-73,1598514092991
0,77,D0:F0:18:43:F8:2F,-88,1598514093495
1,78,D0:F0:18:43:F8:49,-74,1598514093496
0,79,D0:F0:18:43:F8:49,-76,1598514093999
0,0,D0:F0:18:43:F8:2F,-80,1598514104611
1,1,D0:F0:18:43:F8:49,-75,1598514104612
0,2,D0:F0:18:43:F8:2F,-87,1598514105119
1,3,D0:F0:18:43:F8:49,-79,1598514105120
0,4,D0:F0:18:43:F8:2F,-85,1598514105622
1,5,D0:F0:18:43:F8:49,-81,1598514105623
0,6,D0:F0:18:43:F8:2F,-80,1598514106129
1,7,D0:F0:18:43:F8:49,-85,1598514106130
0,8,D0:F0:18:43:F8:49,-82,1598514106633
0,9,D0:F0:18:43:F8:2F,-81,1598514107139
1,10,D0:F0:18:43:F8:49,-77,1598514107141
0,11,D0:F0:18:43:F8:2F,-86,1598514107641
1,12,D0:F0:18:43:F8:49,-82,1598514107642
0,13,D0:F0:18:43:F8:2F,-86,1598514108148
1,14,D0:F0:18:43:F8:49,-82,1598514108150
0,15,D0:F0:18:43:F8:2F,-81,1598514108654
1,16,D0:F0:18:43:F8:49,-83,1598514108656
0,17,D0:F0:18:43:F8:2F,-86,1598514109160
1,18,D0:F0:18:43:F8:49,-81,1598514109162
0,19,D0:F0:18:43:F8:2F,-81,1598514109662
1,20,D0:F0:18:43:F8:49,-77,1598514109664
0,21,D0:F0:18:43:F8:2F,-86,1598514110169
1,22,D0:F0:18:43:F8:49,-83,1598514110170
0,23,D0:F0:18:43:F8:2F,-86,1598514110673
1,24,D0:F0:18:43:F8:49,-81,1598514110675
0,25,D0:F0:18:43:F8:2F,-82,1598514111179
1,26,D0:F0:18:43:F8:49,-77,1598514111181
0,27,D0:F0:18:43:F8:2F,-86,1598514111684
1,28,D0:F0:18:43:F8:49,-81,1598514111686
0,29,D0:F0:18:43:F8:2F,-83,1598514112189
1,30,D0:F0:18:43:F8:49,-77,1598514112191
0,31,D0:F0:18:43:F8:49,-83,1598514112695
0,32,D0:F0:18:43:F8:2F,-86,1598514113200
1,33,D0:F0:18:43:F8:49,-82,1598514113202
0,34,D0:F0:18:43:F8:2F,-82,1598514113706
1,35,D0:F0:18:43:F8:49,-77,1598514113707
0,36,D0:F0:18:43:F8:2F,-86,1598514114210
1,37,D0:F0:18:43:F8:49,-77,1598514114212
0,38,D0:F0:18:43:F8:2F,-87,1598514114716
1,39,D0:F0:18:43:F8:49,-77,1598514114717
0,40,D0:F0:18:43:F8:49,-82,1598514115221
0,41,D0:F0:18:43:F8:2F,-83,1598514115726
1,42,D0:F0:18:43:F8:49,-77,1598514115727
0,43,D0:F0:18:43:F8:49,-83,1598514116231
0,44,D0:F0:18:43:F8:2F,-83,1598514116737
1,45,D0:F0:18:43:F8:49,-81,1598514116738
0,46,D0:F0:18:43:F8:2F,-82,1598514117243
1,47,D0:F0:18:43:F8:49,-77,1598514117244
0,48,D0:F0:18:43:F8:49,-82,1598514117748
0,49,D0:F0:18:43:F8:2F,-86,1598514118758
1,50,D0:F0:18:43:F8:49,-81,1598514118759
0,51,D0:F0:18:43:F8:2F,-82,1598514119262
1,52,D0:F0:18:43:F8:49,-77,1598514119264
0,53,D0:F0:18:43:F8:49,-83,1598514119765
0,54,D0:F0:18:43:F8:49,-82,1598514120267
0,55,D0:F0:18:43:F8:2F,-82,1598514120773
1,56,D0:F0:18:43:F8:49,-77,1598514120774
0,57,D0:F0:18:43:F8:2F,-86,1598514121278
1,58,D0:F0:18:43:F8:49,-83,1598514121280
0,59,D0:F0:18:43:F8:49,-77,1598514121783
0,60,D0:F0:18:43:F8:2F,-82,1598514122289
1,61,D0:F0:18:43:F8:49,-77,1598514122291
0,62,D0:F0:18:43:F8:2F,-82,1598514122795
1,63,D0:F0:18:43:F8:49,-82,1598514122797
0,64,D0:F0:18:43:F8:49,-77,1598514123300
0,65,D0:F0:18:43:F8:2F,-88,1598514123806
1,66,D0:F0:18:43:F8:49,-83,1598514123808
0,67,D0:F0:18:43:F8:2F,-83,1598514124312
1,68,D0:F0:18:43:F8:49,-77,1598514124314
0,69,D0:F0:18:43:F8:49,-77,1598514124817
0,70,D0:F0:18:43:F8:2F,-82,1598514125322
1,71,D0:F0:18:43:F8:49,-82,1598514125324
0,72,D0:F0:18:43:F8:49,-77,1598514125827
0,73,D0:F0:18:43:F8:2F,-86,1598514126333
1,74,D0:F0:18:43:F8:49,-83,1598514126334
0,75,D0:F0:18:43:F8:2F,-81,1598514126839
1,76,D0:F0:18:43:F8:49,-81,1598514126841
0,77,D0:F0:18:43:F8:49,-77,1598514127344
0,78,D0:F0:18:43:F8:2F,-86,1598514127850
1,79,D0:F0:18:43:F8:49,-83,1598514127852
0,0,D0:F0:18:43:F8:2F,-84,1598514133913
1,1,D0:F0:18:43:F8:49,-77,1598514133915
0,2,D0:F0:18:43:F8:49,-76,1598514134420
0,3,D0:F0:18:43:F8:49,-76,1598514134925
0,4,D0:F0:18:43:F8:2F,-88,1598514135430
1,5,D0:F0:18:43:F8:49,-79,1598514135431
0,6,D0:F0:18:43:F8:49,-77,1598514135936
0,7,D0:F0:18:43:F8:49,-78,1598514136440
0,8,D0:F0:18:43:F8:49,-77,1598514136946
0,9,D0:F0:18:43:F8:49,-77,1598514137450
0,10,D0:F0:18:43:F8:2F,-88,1598514137956
1,11,D0:F0:18:43:F8:49,-77,1598514137958
0,12,D0:F0:18:43:F8:49,-77,1598514138462
0,13,D0:F0:18:43:F8:49,-77,1598514138966
0,14,D0:F0:18:43:F8:49,-77,1598514139471
0,15,D0:F0:18:43:F8:49,-77,1598514139977
0,16,D0:F0:18:43:F8:49,-78,1598514140483
0,17,D0:F0:18:43:F8:49,-76,1598514140987
0,18,D0:F0:18:43:F8:2F,-88,1598514141493
1,19,D0:F0:18:43:F8:49,-77,1598514141496
0,20,D0:F0:18:43:F8:49,-77,1598514141999
0,21,D0:F0:18:43:F8:2F,-88,1598514142503
1,22,D0:F0:18:43:F8:49,-77,1598514142505
0,23,D0:F0:18:43:F8:2F,-88,1598514143009
1,24,D0:F0:18:43:F8:49,-77,1598514143010
0,25,D0:F0:18:43:F8:49,-76,1598514143515
0,26,D0:F0:18:43:F8:2F,-88,1598514144019
1,27,D0:F0:18:43:F8:49,-77,1598514144021
0,28,D0:F0:18:43:F8:49,-77,1598514144524
0,29,D0:F0:18:43:F8:2F,-88,1598514145029
1,30,D0:F0:18:43:F8:49,-76,1598514145030
0,31,D0:F0:18:43:F8:49,-77,1598514145535
0,32,D0:F0:18:43:F8:49,-77,1598514146040
0,33,D0:F0:18:43:F8:49,-77,1598514146545
0,34,D0:F0:18:43:F8:49,-77,1598514147051
0,35,D0:F0:18:43:F8:2F,-88,1598514147555
1,36,D0:F0:18:43:F8:49,-77,1598514147557
0,37,D0:F0:18:43:F8:2F,-88,1598514148061
1,38,D0:F0:18:43:F8:49,-77,1598514148063
0,39,D0:F0:18:43:F8:49,-76,1598514148575
0,40,D0:F0:18:43:F8:2F,-88,1598514149080
1,41,D0:F0:18:43:F8:49,-76,1598514149082
0,42,D0:F0:18:43:F8:49,-77,1598514149586
0,43,D0:F0:18:43:F8:49,-77,1598514150092
0,44,D0:F0:18:43:F8:2F,-88,1598514150597
1,45,D0:F0:18:43:F8:49,-77,1598514150599
0,46,D0:F0:18:43:F8:49,-77,1598514151102
0,47,D0:F0:18:43:F8:49,-77,1598514151608
0,48,D0:F0:18:43:F8:49,-77,1598514152113
0,49,D0:F0:18:43:F8:49,-77,1598514152618
0,50,D0:F0:18:43:F8:49,-77,1598514153123
0,51,D0:F0:18:43:F8:49,-76,1598514153629
0,52,D0:F0:18:43:F8:2F,-88,1598514154132
1,53,D0:F0:18:43:F8:49,-77,1598514154132
0,54,D0:F0:18:43:F8:49,-77,1598514154638
0,55,D0:F0:18:43:F8:49,-77,1598514155142
0,56,D0:F0:18:43:F8:49,-77,1598514155647
0,57,D0:F0:18:43:F8:49,-77,1598514156152
0,58,D0:F0:18:43:F8:49,-77,1598514156658
0,59,D0:F0:18:43:F8:49,-77,1598514157164
0,60,D0:F0:18:43:F8:2F,-89,1598514157668
1,61,D0:F0:18:43:F8:49,-77,1598514157670
0,62,D0:F0:18:43:F8:49,-77,1598514158174
0,63,D0:F0:18:43:F8:49,-77,1598514158679
0,64,D0:F0:18:43:F8:49,-77,1598514159689
0,65,D0:F0:18:43:F8:49,-76,1598514160195
0,66,D0:F0:18:43:F8:49,-77,1598514160699
0,67,D0:F0:18:43:F8:49,-76,1598514161204
0,68,D0:F0:18:43:F8:2F,-88,1598514161709
1,69,D0:F0:18:43:F8:49,-77,1598514161710
0,70,D0:F0:18:43:F8:2F,-88,1598514162215
1,71,D0:F0:18:43:F8:49,-77,1598514162216
0,72,D0:F0:18:43:F8:49,-77,1598514162719
0,73,D0:F0:18:43:F8:2F,-88,1598514163225
1,74,D0:F0:18:43:F8:49,-77,1598514163227
0,75,D0:F0:18:43:F8:49,-77,1598514163729
0,76,D0:F0:18:43:F8:49,-77,1598514164234
0,77,D0:F0:18:43:F8:2F,-88,1598514164739
0,78,D0:F0:18:43:F8:2F,-88,1598514165245
1,79,D0:F0:18:43:F8:49,-77,1598514165247
0,0,D0:F0:18:43:F8:2F,-87,1598514170801
1,1,D0:F0:18:43:F8:49,-80,1598514170802
0,2,D0:F0:18:43:F8:49,-80,1598514171307
0,3,D0:F0:18:43:F8:2F,-87,1598514171813
1,4,D0:F0:18:43:F8:49,-90,1598514171814
0,5,D0:F0:18:43:F8:2F,-88,1598514172318
1,6,D0:F0:18:43:F8:49,-80,1598514172319
0,7,D0:F0:18:43:F8:49,-80,1598514172822
0,8,D0:F0:18:43:F8:2F,-87,1598514173326
1,9,D0:F0:18:43:F8:49,-83,1598514173328
0,10,D0:F0:18:43:F8:49,-83,1598514173832
0,11,D0:F0:18:43:F8:2F,-86,1598514174337
0,12,D0:F0:18:43:F8:49,-80,1598514174843
0,13,D0:F0:18:43:F8:2F,-87,1598514175349
1,14,D0:F0:18:43:F8:49,-87,1598514175350
0,15,D0:F0:18:43:F8:2F,-88,1598514176359
1,16,D0:F0:18:43:F8:49,-81,1598514176360
0,17,D0:F0:18:43:F8:2F,-88,1598514176863
0,18,D0:F0:18:43:F8:49,-80,1598514177367
0,19,D0:F0:18:43:F8:2F,-88,1598514178377
1,20,D0:F0:18:43:F8:49,-80,1598514178379
0,21,D0:F0:18:43:F8:2F,-89,1598514178883
1,22,D0:F0:18:43:F8:49,-81,1598514178885
0,23,D0:F0:18:43:F8:2F,-88,1598514179389
1,24,D0:F0:18:43:F8:49,-80,1598514179391
0,25,D0:F0:18:43:F8:2F,-88,1598514179895
1,26,D0:F0:18:43:F8:49,-80,1598514179898
0,27,D0:F0:18:43:F8:2F,-89,1598514180396
1,28,D0:F0:18:43:F8:49,-89,1598514180397
0,29,D0:F0:18:43:F8:2F,-88,1598514180902
1,30,D0:F0:18:43:F8:49,-80,1598514180903
0,31,D0:F0:18:43:F8:2F,-88,1598514181912
1,32,D0:F0:18:43:F8:49,-80,1598514181913
0,33,D0:F0:18:43:F8:2F,-88,1598514182418
1,34,D0:F0:18:43:F8:49,-80,1598514182419
0,35,D0:F0:18:43:F8:49,-89,1598514182922
0,36,D0:F0:18:43:F8:49,-80,1598514183428
0,37,D0:F0:18:43:F8:49,-81,1598514183934
0,38,D0:F0:18:43:F8:2F,-88,1598514184438
0,39,D0:F0:18:43:F8:49,-80,1598514184943
0,40,D0:F0:18:43:F8:2F,-88,1598514185449
1,41,D0:F0:18:43:F8:49,-81,1598514185450
0,42,D0:F0:18:43:F8:49,-80,1598514185954
0,43,D0:F0:18:43:F8:49,-81,1598514186458
0,44,D0:F0:18:43:F8:49,-89,1598514186963
0,45,D0:F0:18:43:F8:2F,-89,1598514187468
1,46,D0:F0:18:43:F8:49,-80,1598514187470
0,47,D0:F0:18:43:F8:49,-81,1598514187973
0,48,D0:F0:18:43:F8:49,-80,1598514188478
0,49,D0:F0:18:43:F8:49,-80,1598514188986
0,50,D0:F0:18:43:F8:49,-89,1598514189489
0,51,D0:F0:18:43:F8:2F,-89,1598514189994
0,52,D0:F0:18:43:F8:49,-82,1598514190500
0,53,D0:F0:18:43:F8:2F,-88,1598514191006
0,54,D0:F0:18:43:F8:49,-80,1598514191510
0,55,D0:F0:18:43:F8:2F,-88,1598514192016
1,56,D0:F0:18:43:F8:49,-82,1598514192017
0,57,D0:F0:18:43:F8:49,-89,1598514192521
0,58,D0:F0:18:43:F8:49,-80,1598514193027
0,59,D0:F0:18:43:F8:2F,-88,1598514193532
1,60,D0:F0:18:43:F8:49,-79,1598514193534
0,61,D0:F0:18:43:F8:2F,-88,1598514195048
1,62,D0:F0:18:43:F8:49,-80,1598514195049
0,63,D0:F0:18:43:F8:49,-81,1598514195553
0,64,D0:F0:18:43:F8:2F,-88,1598514196058
1,65,D0:F0:18:43:F8:49,-79,1598514196060
0,66,D0:F0:18:43:F8:2F,-88,1598514196563
1,67,D0:F0:18:43:F8:49,-79,1598514196565
0,68,D0:F0:18:43:F8:2F,-88,1598514197068
1,69,D0:F0:18:43:F8:49,-89,1598514197070
0,70,D0:F0:18:43:F8:49,-79,1598514197573
0,71,D0:F0:18:43:F8:49,-82,1598514198077
0,72,D0:F0:18:43:F8:2F,-88,1598514198583
1,73,D0:F0:18:43:F8:49,-80,1598514198584
0,74,D0:F0:18:43:F8:49,-79,1598514199088
0,75,D0:F0:18:43:F8:2F,-88,1598514199594
1,76,D0:F0:18:43:F8:49,-82,1598514199596
0,77,D0:F0:18:43:F8:2F,-88,1598514200602
0,78,D0:F0:18:43:F8:2F,-88,1598514201108
1,79,D0:F0:18:43:F8:49,-80,1598514201109
0,0,D0:F0:18:43:F8:2F,-86,1598514210200
1,1,D0:F0:18:43:F8:49,-82,1598514210201
0,2,D0:F0:18:43:F8:2F,-87,1598514210706
1,3,D0:F0:18:43:F8:49,-80,1598514210708
0,4,D0:F0:18:43:F8:49,-83,1598514211211
0,5,D0:F0:18:43:F8:2F,-90,1598514211717
0,6,D0:F0:18:43:F8:49,-82,1598514212222
0,7,D0:F0:18:43:F8:49,-80,1598514212707
0,8,D0:F0:18:43:F8:2F,-90,1598514213526
1,9,D0:F0:18:43:F8:49,-82,1598514213526
0,10,D0:F0:18:43:F8:49,-80,1598514214031
0,11,D0:F0:18:43:F8:2F,-92,1598514214536
0,12,D0:F0:18:43:F8:49,-81,1598514215040
0,13,D0:F0:18:43:F8:2F,-89,1598514215545
0,14,D0:F0:18:43:F8:49,-83,1598514216049
0,15,D0:F0:18:43:F8:49,-83,1598514216553
0,16,D0:F0:18:43:F8:49,-80,1598514217562
0,17,D0:F0:18:43:F8:49,-83,1598514219583
0,18,D0:F0:18:43:F8:49,-80,1598514220088
0,19,D0:F0:18:43:F8:2F,-89,1598514220592
0,20,D0:F0:18:43:F8:49,-82,1598514221098
0,21,D0:F0:18:43:F8:49,-80,1598514221602
0,22,D0:F0:18:43:F8:49,-83,1598514222107
0,23,D0:F0:18:43:F8:49,-80,1598514222610
0,24,D0:F0:18:43:F8:2F,-89,1598514223115
0,25,D0:F0:18:43:F8:49,-82,1598514223619
0,26,D0:F0:18:43:F8:2F,-87,1598514224124
1,27,D0:F0:18:43:F8:49,-81,1598514224126
0,28,D0:F0:18:43:F8:49,-83,1598514225133
0,29,D0:F0:18:43:F8:49,-81,1598514226142
0,30,D0:F0:18:43:F8:49,-82,1598514226647
0,31,D0:F0:18:43:F8:2F,-89,1598514227151
0,32,D0:F0:18:43:F8:49,-80,1598514228160
0,33,D0:F0:18:43:F8:49,-82,1598514228665
0,34,D0:F0:18:43:F8:2F,-89,1598514229170
0,35,D0:F0:18:43:F8:2F,-91,1598514229676
1,36,D0:F0:18:43:F8:49,-81,1598514229677
0,37,D0:F0:18:43:F8:49,-82,1598514230180
0,38,D0:F0:18:43:F8:2F,-90,1598514230686
1,39,D0:F0:18:43:F8:49,-80,1598514230687
0,40,D0:F0:18:43:F8:49,-80,1598514231191
0,41,D0:F0:18:43:F8:2F,-90,1598514231696
1,42,D0:F0:18:43:F8:49,-82,1598514231698
0,43,D0:F0:18:43:F8:49,-80,1598514232201
0,44,D0:F0:18:43:F8:49,-82,1598514232706
0,45,D0:F0:18:43:F8:49,-81,1598514233717
0,46,D0:F0:18:43:F8:2F,-89,1598514234221
1,47,D0:F0:18:43:F8:49,-82,1598514234222
0,48,D0:F0:18:43:F8:49,-82,1598514235230
0,49,D0:F0:18:43:F8:49,-80,1598514236240
0,50,D0:F0:18:43:F8:49,-82,1598514236746
0,51,D0:F0:18:43:F8:49,-82,1598514237756
0,52,D0:F0:18:43:F8:49,-82,1598514238262
0,53,D0:F0:18:43:F8:49,-82,1598514239272
0,54,D0:F0:18:43:F8:2F,-89,1598514239777
1,55,D0:F0:18:43:F8:49,-82,1598514239779
0,56,D0:F0:18:43:F8:49,-81,1598514240282
0,57,D0:F0:18:43:F8:49,-82,1598514240787
0,58,D0:F0:18:43:F8:2F,-90,1598514241290
1,59,D0:F0:18:43:F8:49,-83,1598514241291
0,60,D0:F0:18:43:F8:49,-81,1598514241795
0,61,D0:F0:18:43:F8:49,-83,1598514242300
0,62,D0:F0:18:43:F8:2F,-89,1598514242805
1,63,D0:F0:18:43:F8:49,-81,1598514242807
0,64,D0:F0:18:43:F8:49,-83,1598514243812
0,65,D0:F0:18:43:F8:49,-81,1598514244317
0,66,D0:F0:18:43:F8:49,-83,1598514244822
0,67,D0:F0:18:43:F8:49,-82,1598514245323
0,68,D0:F0:18:43:F8:2F,-93,1598514245828
1,69,D0:F0:18:43:F8:49,-80,1598514245830
0,70,D0:F0:18:43:F8:49,-82,1598514246333
0,71,D0:F0:18:43:F8:49,-80,1598514246837
0,72,D0:F0:18:43:F8:49,-83,1598514248349
0,73,D0:F0:18:43:F8:49,-80,1598514249356
0,74,D0:F0:18:43:F8:2F,-90,1598514249861
1,75,D0:F0:18:43:F8:49,-83,1598514249862
0,76,D0:F0:18:43:F8:49,-80,1598514250366
0,77,D0:F0:18:43:F8:49,-83,1598514251373
0,78,D0:F0:18:43:F8:2F,-90,1598514251880
1,79,D0:F0:18:43:F8:49,-80,1598514251881
0,0,D0:F0:18:43:F8:49,-73,1598514256924
0,1,D0:F0:18:43:F8:2F,-88,1598514257428
1,2,D0:F0:18:43:F8:49,-74,1598514257429
0,3,D0:F0:18:43:F8:2F,-85,1598514257933
1,4,D0:F0:18:43:F8:49,-75,1598514257935
0,5,D0:F0:18:43:F8:49,-73,1598514258440
0,6,D0:F0:18:43:F8:2F,-86,1598514258946
1,7,D0:F0:18:43:F8:49,-76,1598514258948
0,8,D0:F0:18:43:F8:2F,-89,1598514259448
1,9,D0:F0:18:43:F8:49,-74,1598514259449
0,10,D0:F0:18:43:F8:49,-73,1598514259955
0,11,D0:F0:18:43:F8:2F,-86,1598514260461
1,12,D0:F0:18:43:F8:49,-76,1598514260462
0,13,D0:F0:18:43:F8:2F,-88,1598514260967
0,14,D0:F0:18:43:F8:2F,-86,1598514261473
1,15,D0:F0:18:43:F8:49,-74,1598514261474
0,16,D0:F0:18:43:F8:2F,-88,1598514261977
1,17,D0:F0:18:43:F8:49,-75,1598514261979
0,18,D0:F0:18:43:F8:49,-76,1598514262482
0,19,D0:F0:18:43:F8:2F,-88,1598514262988
0,20,D0:F0:18:43:F8:49,-74,1598514263493
0,21,D0:F0:18:43:F8:2F,-88,1598514264002
1,22,D0:F0:18:43:F8:49,-76,1598514264004
0,23,D0:F0:18:43:F8:49,-74,1598514264506
0,24,D0:F0:18:43:F8:2F,-88,1598514265011
1,25,D0:F0:18:43:F8:49,-74,1598514265013
0,26,D0:F0:18:43:F8:2F,-86,1598514265513
1,27,D0:F0:18:43:F8:49,-76,1598514265514
0,28,D0:F0:18:43:F8:2F,-88,1598514266019
0,29,D0:F0:18:43:F8:49,-74,1598514266525
0,30,D0:F0:18:43:F8:2F,-86,1598514267029
1,31,D0:F0:18:43:F8:49,-74,1598514267031
0,32,D0:F0:18:43:F8:2F,-87,1598514267531
1,33,D0:F0:18:43:F8:49,-76,1598514267532
0,34,D0:F0:18:43:F8:49,-74,1598514268037
0,35,D0:F0:18:43:F8:2F,-88,1598514268543
1,36,D0:F0:18:43:F8:49,-74,1598514268544
0,37,D0:F0:18:43:F8:49,-74,1598514269047
0,38,D0:F0:18:43:F8:2F,-86,1598514269553
1,39,D0:F0:18:43:F8:49,-74,1598514269555
0,40,D0:F0:18:43:F8:2F,-88,1598514270059
1,41,D0:F0:18:43:F8:49,-76,1598514270061
0,42,D0:F0:18:43:F8:49,-74,1598514270564
0,43,D0:F0:18:43:F8:49,-74,1598514271069
0,44,D0:F0:18:43:F8:2F,-88,1598514271575
1,45,D0:F0:18:43:F8:49,-74,1598514271577
0,46,D0:F0:18:43:F8:2F,-86,1598514272080
1,47,D0:F0:18:43:F8:49,-74,1598514272082
0,48,D0:F0:18:43:F8:2F,-88,1598514272586
1,49,D0:F0:18:43:F8:49,-76,1598514272587
0,50,D0:F0:18:43:F8:49,-74,1598514273091
0,51,D0:F0:18:43:F8:2F,-86,1598514273597
1,52,D0:F0:18:43:F8:49,-74,1598514273598
0,53,D0:F0:18:43:F8:2F,-86,1598514274102
1,54,D0:F0:18:43:F8:49,-76,1598514274104
0,55,D0:F0:18:43:F8:2F,-86,1598514274608
1,56,D0:F0:18:43:F8:49,-74,1598514274610
0,57,D0:F0:18:43:F8:2F,-88,1598514275114
0,58,D0:F0:18:43:F8:2F,-86,1598514275620
1,59,D0:F0:18:43:F8:49,-74,1598514275622
0,60,D0:F0:18:43:F8:2F,-88,1598514276126
1,61,D0:F0:18:43:F8:49,-76,1598514276128
0,62,D0:F0:18:43:F8:49,-74,1598514276632
0,63,D0:F0:18:43:F8:2F,-86,1598514277137
1,64,D0:F0:18:43:F8:49,-74,1598514277138
0,65,D0:F0:18:43:F8:49,-76,1598514277642
0,66,D0:F0:18:43:F8:2F,-86,1598514278148
1,67,D0:F0:18:43:F8:49,-74,1598514278149
0,68,D0:F0:18:43:F8:49,-74,1598514278653
0,69,D0:F0:18:43:F8:2F,-88,1598514279159
1,70,D0:F0:18:43:F8:49,-74,1598514279161
0,71,D0:F0:18:43:F8:49,-74,1598514279664
0,72,D0:F0:18:43:F8:2F,-88,1598514280170
1,73,D0:F0:18:43:F8:49,-74,1598514280171
0,74,D0:F0:18:43:F8:2F,-86,1598514280673
1,75,D0:F0:18:43:F8:49,-76,1598514280674
0,76,D0:F0:18:43:F8:49,-74,1598514281179
0,77,D0:F0:18:43:F8:2F,-88,1598514281685
1,78,D0:F0:18:43:F8:49,-74,1598514281686
0,79,D0:F0:18:43:F8:49,-74,1598514282190
0,0,D0:F0:18:43:F8:49,-71,1598514287242
0,1,D0:F0:18:43:F8:49,-71,1598514287747
0,2,D0:F0:18:43:F8:49,-71,1598514288253
0,3,D0:F0:18:43:F8:49,-71,1598514288761
0,4,D0:F0:18:43:F8:49,-74,1598514289266
0,5,D0:F0:18:43:F8:49,-71,1598514289772
0,6,D0:F0:18:43:F8:2F,-92,1598514290277
1,7,D0:F0:18:43:F8:49,-71,1598514290278
0,8,D0:F0:18:43:F8:49,-74,1598514290782
0,9,D0:F0:18:43:F8:49,-71,1598514291288
0,10,D0:F0:18:43:F8:49,-71,1598514291793
0,11,D0:F0:18:43:F8:49,-74,1598514292299
0,12,D0:F0:18:43:F8:49,-74,1598514292803
0,13,D0:F0:18:43:F8:49,-71,1598514293309
0,14,D0:F0:18:43:F8:49,-71,1598514293813
0,15,D0:F0:18:43:F8:49,-75,1598514294317
0,16,D0:F0:18:43:F8:2F,-91,1598514294823
1,17,D0:F0:18:43:F8:49,-71,1598514294825
0,18,D0:F0:18:43:F8:49,-71,1598514295328
0,19,D0:F0:18:43:F8:49,-71,1598514295833
0,20,D0:F0:18:43:F8:49,-71,1598514296339
0,21,D0:F0:18:43:F8:49,-73,1598514296845
0,22,D0:F0:18:43:F8:49,-71,1598514297349
0,23,D0:F0:18:43:F8:49,-70,1598514297854
0,24,D0:F0:18:43:F8:49,-71,1598514298359
0,25,D0:F0:18:43:F8:49,-71,1598514299368
0,26,D0:F0:18:43:F8:49,-71,1598514299873
0,27,D0:F0:18:43:F8:49,-74,1598514300378
0,28,D0:F0:18:43:F8:49,-71,1598514300883
0,29,D0:F0:18:43:F8:49,-71,1598514301388
0,30,D0:F0:18:43:F8:49,-74,1598514301893
0,31,D0:F0:18:43:F8:49,-71,1598514302398
0,32,D0:F0:18:43:F8:49,-71,1598514302903
0,33,D0:F0:18:43:F8:49,-71,1598514303408
0,34,D0:F0:18:43:F8:49,-71,1598514303914
0,35,D0:F0:18:43:F8:49,-74,1598514304419
0,36,D0:F0:18:43:F8:49,-71,1598514304925
0,37,D0:F0:18:43:F8:49,-71,1598514305431
0,38,D0:F0:18:43:F8:49,-71,1598514305935
0,39,D0:F0:18:43:F8:2F,-89,1598514306946
1,40,D0:F0:18:43:F8:49,-74,1598514306947
0,41,D0:F0:18:43:F8:49,-71,1598514307450
0,42,D0:F0:18:43:F8:49,-71,1598514307956
0,43,D0:F0:18:43:F8:49,-71,1598514308461
0,44,D0:F0:18:43:F8:49,-70,1598514308965
0,45,D0:F0:18:43:F8:49,-74,1598514309470
0,46,D0:F0:18:43:F8:49,-70,1598514309975
0,47,D0:F0:18:43:F8:49,-74,1598514310480
0,48,D0:F0:18:43:F8:49,-71,1598514310985
0,49,D0:F0:18:43:F8:49,-70,1598514311490
0,50,D0:F0:18:43:F8:49,-74,1598514311996
0,51,D0:F0:18:43:F8:49,-70,1598514312501
0,52,D0:F0:18:43:F8:49,-70,1598514313006
0,53,D0:F0:18:43:F8:49,-71,1598514313512
0,54,D0:F0:18:43:F8:49,-70,1598514314018
0,55,D0:F0:18:43:F8:49,-74,1598514314523
0,56,D0:F0:18:43:F8:49,-71,1598514315029
0,57,D0:F0:18:43:F8:49,-70,1598514315534
0,58,D0:F0:18:43:F8:49,-71,1598514316040
0,59,D0:F0:18:43:F8:49,-70,1598514316545
0,60,D0:F0:18:43:F8:49,-71,1598514317050
0,61,D0:F0:18:43:F8:49,-74,1598514318060
0,62,D0:F0:18:43:F8:49,-74,1598514319071
0,63,D0:F0:18:43:F8:49,-71,1598514319576
0,64,D0:F0:18:43:F8:49,-74,1598514320081
0,65,D0:F0:18:43:F8:49,-71,1598514321091
0,66,D0:F0:18:43:F8:49,-70,1598514321597
0,67,D0:F0:18:43:F8:49,-74,1598514322102
0,68,D0:F0:18:43:F8:49,-70,1598514322607
0,69,D0:F0:18:43:F8:49,-70,1598514323111
0,70,D0:F0:18:43:F8:49,-71,1598514323616
0,71,D0:F0:18:43:F8:2F,-91,1598514324121
1,72,D0:F0:18:43:F8:49,-71,1598514324122
0,73,D0:F0:18:43:F8:49,-71,1598514325131
0,74,D0:F0:18:43:F8:2F,-91,1598514325636
1,75,D0:F0:18:43:F8:49,-71,1598514325638
0,76,D0:F0:18:43:F8:49,-74,1598514326142
0,77,D0:F0:18:43:F8:49,-71,1598514326648
0,78,D0:F0:18:43:F8:49,-74,1598514327153
0,79,D0:F0:18:43:F8:49,-71,1598514327658
0,0,D0:F0:18:43:F8:2F,-86,1598514335738
1,1,D0:F0:18:43:F8:49,-61,1598514335739
0,2,D0:F0:18:43:F8:2F,-85,1598514336244
1,3,D0:F0:18:43:F8:49,-60,1598514336245
0,4,D0:F0:18:43:F8:2F,-85,1598514337253
0,5,D0:F0:18:43:F8:49,-60,1598514337759
0,6,D0:F0:18:43:F8:2F,-86,1598514338265
1,7,D0:F0:18:43:F8:49,-60,1598514338266
0,8,D0:F0:18:43:F8:2F,-86,1598514338769
0,9,D0:F0:18:43:F8:2F,-86,1598514339275
1,10,D0:F0:18:43:F8:49,-60,1598514339277
0,11,D0:F0:18:43:F8:2F,-88,1598514340284
1,12,D0:F0:18:43:F8:49,-62,1598514340286
0,13,D0:F0:18:43:F8:2F,-86,1598514340786
1,14,D0:F0:18:43:F8:49,-60,1598514340787
0,15,D0:F0:18:43:F8:49,-60,1598514341291
0,16,D0:F0:18:43:F8:2F,-86,1598514341797
1,17,D0:F0:18:43:F8:49,-62,1598514341798
0,18,D0:F0:18:43:F8:49,-60,1598514342301
0,19,D0:F0:18:43:F8:2F,-87,1598514342807
1,20,D0:F0:18:43:F8:49,-61,1598514342808
0,21,D0:F0:18:43:F8:49,-60,1598514343311
0,22,D0:F0:18:43:F8:49,-61,1598514343816
0,23,D0:F0:18:43:F8:2F,-86,1598514344321
1,24,D0:F0:18:43:F8:49,-62,1598514344323
0,25,D0:F0:18:43:F8:49,-60,1598514344826
0,26,D0:F0:18:43:F8:2F,-87,1598514345332
1,27,D0:F0:18:43:F8:49,-61,1598514345333
0,28,D0:F0:18:43:F8:2F,-86,1598514345837
1,29,D0:F0:18:43:F8:49,-60,1598514345839
0,30,D0:F0:18:43:F8:2F,-88,1598514346343
1,31,D0:F0:18:43:F8:49,-60,1598514346344
0,32,D0:F0:18:43:F8:2F,-86,1598514346848
1,33,D0:F0:18:43:F8:49,-62,1598514346850
0,34,D0:F0:18:43:F8:49,-60,1598514347352
0,35,D0:F0:18:43:F8:49,-61,1598514347858
0,36,D0:F0:18:43:F8:2F,-85,1598514348362
0,37,D0:F0:18:43:F8:49,-60,1598514348868
0,38,D0:F0:18:43:F8:2F,-86,1598514349373
1,39,D0:F0:18:43:F8:49,-60,1598514349374
0,40,D0:F0:18:43:F8:49,-61,1598514349878
0,41,D0:F0:18:43:F8:2F,-88,1598514350384
1,42,D0:F0:18:43:F8:49,-62,1598514350385
0,43,D0:F0:18:43:F8:2F,-86,1598514350890
1,44,D0:F0:18:43:F8:49,-60,1598514350891
0,45,D0:F0:18:43:F8:49,-60,1598514351395
0,46,D0:F0:18:43:F8:2F,-86,1598514351900
1,47,D0:F0:18:43:F8:49,-62,1598514351902
0,48,D0:F0:18:43:F8:49,-60,1598514352909
0,49,D0:F0:18:43:F8:49,-60,1598514353414
0,50,D0:F0:18:43:F8:2F,-86,1598514354423
1,51,D0:F0:18:43:F8:49,-62,1598514354425
0,52,D0:F0:18:43:F8:2F,-88,1598514355433
1,53,D0:F0:18:43:F8:49,-61,1598514355435
0,54,D0:F0:18:43:F8:2F,-86,1598514355939
1,55,D0:F0:18:43:F8:49,-60,1598514355940
0,56,D0:F0:18:43:F8:49,-60,1598514356445
0,57,D0:F0:18:43:F8:2F,-86,1598514356949
1,58,D0:F0:18:43:F8:49,-62,1598514356951
0,59,D0:F0:18:43:F8:49,-60,1598514357455
0,60,D0:F0:18:43:F8:49,-61,1598514357959
0,61,D0:F0:18:43:F8:2F,-86,1598514358466
1,62,D0:F0:18:43:F8:49,-62,1598514358467
0,63,D0:F0:18:43:F8:49,-60,1598514358970
0,64,D0:F0:18:43:F8:2F,-86,1598514359476
1,65,D0:F0:18:43:F8:49,-61,1598514359477
0,66,D0:F0:18:43:F8:49,-60,1598514359981
0,67,D0:F0:18:43:F8:2F,-87,1598514360487
1,68,D0:F0:18:43:F8:49,-61,1598514360489
0,69,D0:F0:18:43:F8:2F,-86,1598514360990
1,70,D0:F0:18:43:F8:49,-61,1598514360990
0,71,D0:F0:18:43:F8:49,-60,1598514361495
0,72,D0:F0:18:43:F8:2F,-87,1598514362000
1,73,D0:F0:18:43:F8:49,-61,1598514362003
0,74,D0:F0:18:43:F8:2F,-86,1598514362505
1,75,D0:F0:18:43:F8:49,-61,1598514362507
0,76,D0:F0:18:43:F8:49,-60,1598514363010
0,77,D0:F0:18:43:F8:49,-60,1598514363516
0,78,D0:F0:18:43:F8:2F,-87,1598514364020
1,79,D0:F0:18:43:F8:49,-62,1598514364022
0,0,D0:F0:18:43:F8:2F,-89,1598514370079
1,1,D0:F0:18:43:F8:49,-64,1598514370081
0,2,D0:F0:18:43:F8:2F,-85,1598514370584
1,3,D0:F0:18:43:F8:49,-64,1598514370586
0,4,D0:F0:18:43:F8:49,-68,1598514371089
0,5,D0:F0:18:43:F8:2F,-90,1598514371595
1,6,D0:F0:18:43:F8:49,-64,1598514371597
0,7,D0:F0:18:43:F8:2F,-83,1598514372101
1,8,D0:F0:18:43:F8:49,-67,1598514372102
0,9,D0:F0:18:43:F8:49,-64,1598514372606
0,10,D0:F0:18:43:F8:49,-64,1598514373112
0,11,D0:F0:18:43:F8:2F,-87,1598514373617
1,12,D0:F0:18:43:F8:49,-68,1598514373619
0,13,D0:F0:18:43:F8:2F,-83,1598514374123
1,14,D0:F0:18:43:F8:49,-64,1598514374124
0,15,D0:F0:18:43:F8:2F,-83,1598514374628
1,16,D0:F0:18:43:F8:49,-67,1598514374629
0,17,D0:F0:18:43:F8:2F,-83,1598514375134
1,18,D0:F0:18:43:F8:49,-68,1598514375135
0,19,D0:F0:18:43:F8:2F,-83,1598514375640
1,20,D0:F0:18:43:F8:49,-63,1598514375641
0,21,D0:F0:18:43:F8:2F,-87,1598514376145
1,22,D0:F0:18:43:F8:49,-67,1598514376147
0,23,D0:F0:18:43:F8:2F,-83,1598514376650
1,24,D0:F0:18:43:F8:49,-64,1598514376652
0,25,D0:F0:18:43:F8:2F,-83,1598514377155
1,26,D0:F0:18:43:F8:49,-67,1598514377157
0,27,D0:F0:18:43:F8:2F,-87,1598514377660
0,28,D0:F0:18:43:F8:2F,-83,1598514378166
1,29,D0:F0:18:43:F8:49,-67,1598514378168
0,30,D0:F0:18:43:F8:49,-68,1598514378672
0,31,D0:F0:18:43:F8:2F,-84,1598514379177
1,32,D0:F0:18:43:F8:49,-66,1598514379178
0,33,D0:F0:18:43:F8:2F,-84,1598514379683
1,34,D0:F0:18:43:F8:49,-66,1598514379685
0,35,D0:F0:18:43:F8:49,-64,1598514380189
0,36,D0:F0:18:43:F8:2F,-83,1598514380694
0,37,D0:F0:18:43:F8:49,-68,1598514381199
0,38,D0:F0:18:43:F8:2F,-83,1598514381705
1,39,D0:F0:18:43:F8:49,-64,1598514381706
0,40,D0:F0:18:43:F8:49,-67,1598514383219
0,41,D0:F0:18:43:F8:2F,-90,1598514383725
1,42,D0:F0:18:43:F8:49,-68,1598514383726
0,43,D0:F0:18:43:F8:2F,-84,1598514384230
1,44,D0:F0:18:43:F8:49,-64,1598514384232
0,45,D0:F0:18:43:F8:49,-67,1598514384735
0,46,D0:F0:18:43:F8:49,-68,1598514385240
0,47,D0:F0:18:43:F8:2F,-84,1598514385746
1,48,D0:F0:18:43:F8:49,-64,1598514385748
0,49,D0:F0:18:43:F8:49,-68,1598514386251
0,50,D0:F0:18:43:F8:2F,-84,1598514386757
1,51,D0:F0:18:43:F8:49,-67,1598514386759
0,52,D0:F0:18:43:F8:2F,-84,1598514387263
1,53,D0:F0:18:43:F8:49,-67,1598514387265
0,54,D0:F0:18:43:F8:49,-64,1598514387769
0,55,D0:F0:18:43:F8:2F,-84,1598514388275
1,56,D0:F0:18:43:F8:49,-66,1598514388277
0,57,D0:F0:18:43:F8:49,-68,1598514388781
0,58,D0:F0:18:43:F8:49,-66,1598514389286
0,59,D0:F0:18:43:F8:2F,-83,1598514389792
1,60,D0:F0:18:43:F8:49,-66,1598514389794
0,61,D0:F0:18:43:F8:49,-64,1598514390298
0,62,D0:F0:18:43:F8:49,-66,1598514390803
0,63,D0:F0:18:43:F8:2F,-89,1598514391308
1,64,D0:F0:18:43:F8:49,-68,1598514391309
0,65,D0:F0:18:43:F8:2F,-83,1598514391814
1,66,D0:F0:18:43:F8:49,-64,1598514391816
0,67,D0:F0:18:43:F8:49,-67,1598514392319
0,68,D0:F0:18:43:F8:2F,-83,1598514392825
1,69,D0:F0:18:43:F8:49,-68,1598514392827
0,70,D0:F0:18:43:F8:49,-66,1598514393330
0,71,D0:F0:18:43:F8:2F,-89,1598514393836
1,72,D0:F0:18:43:F8:49,-67,1598514393837
0,73,D0:F0:18:43:F8:49,-64,1598514394341
0,74,D0:F0:18:43:F8:49,-66,1598514394846
0,75,D0:F0:18:43:F8:2F,-83,1598514395351
1,76,D0:F0:18:43:F8:49,-68,1598514395353
0,77,D0:F0:18:43:F8:2F,-89,1598514395857
1,78,D0:F0:18:43:F8:49,-67,1598514395858
0,79,D0:F0:18:43:F8:2F,-88,1598514396362
0,0,D0:F0:18:43:F8:2F,-88,1598514403429
1,1,D0:F0:18:43:F8:49,-58,1598514403431
0,2,D0:F0:18:43:F8:2F,-89,1598514403934
1,3,D0:F0:18:43:F8:49,-59,1598514403936
0,4,D0:F0:18:43:F8:2F,-85,1598514404440
1,5,D0:F0:18:43:F8:49,-57,1598514404441
0,6,D0:F0:18:43:F8:49,-60,1598514404946
0,7,D0:F0:18:43:F8:49,-58,1598514405450
0,8,D0:F0:18:43:F8:2F,-91,1598514405956
1,9,D0:F0:18:43:F8:49,-58,1598514405957
0,10,D0:F0:18:43:F8:49,-58,1598514406460
0,11,D0:F0:18:43:F8:2F,-88,1598514406966
1,12,D0:F0:18:43:F8:49,-59,1598514406968
0,13,D0:F0:18:43:F8:49,-58,1598514407471
0,14,D0:F0:18:43:F8:2F,-92,1598514407977
1,15,D0:F0:18:43:F8:49,-58,1598514407978
0,16,D0:F0:18:43:F8:2F,-92,1598514408483
1,17,D0:F0:18:43:F8:49,-59,1598514408485
0,18,D0:F0:18:43:F8:49,-58,1598514408988
0,19,D0:F0:18:43:F8:2F,-87,1598514409493
1,20,D0:F0:18:43:F8:49,-58,1598514409495
0,21,D0:F0:18:43:F8:49,-58,1598514409999
0,22,D0:F0:18:43:F8:2F,-87,1598514410505
1,23,D0:F0:18:43:F8:49,-58,1598514410507
0,24,D0:F0:18:43:F8:49,-59,1598514411009
0,25,D0:F0:18:43:F8:49,-58,1598514411515
0,26,D0:F0:18:43:F8:2F,-86,1598514412020
1,27,D0:F0:18:43:F8:49,-58,1598514412021
0,28,D0:F0:18:43:F8:49,-59,1598514412524
0,29,D0:F0:18:43:F8:2F,-86,1598514413030
1,30,D0:F0:18:43:F8:49,-58,1598514413032
0,31,D0:F0:18:43:F8:49,-58,1598514413535
0,32,D0:F0:18:43:F8:49,-59,1598514414041
0,33,D0:F0:18:43:F8:2F,-87,1598514414547
1,34,D0:F0:18:43:F8:49,-59,1598514414548
0,35,D0:F0:18:43:F8:49,-58,1598514415053
0,36,D0:F0:18:43:F8:2F,-88,1598514415559
1,37,D0:F0:18:43:F8:49,-57,1598514415561
0,38,D0:F0:18:43:F8:2F,-93,1598514416065
1,39,D0:F0:18:43:F8:49,-59,1598514416067
0,40,D0:F0:18:43:F8:49,-58,1598514416570
0,41,D0:F0:18:43:F8:2F,-87,1598514417077
1,42,D0:F0:18:43:F8:49,-57,1598514417079
0,43,D0:F0:18:43:F8:49,-58,1598514417582
0,44,D0:F0:18:43:F8:49,-57,1598514418088
0,45,D0:F0:18:43:F8:49,-59,1598514418592
0,46,D0:F0:18:43:F8:2F,-87,1598514419097
1,47,D0:F0:18:43:F8:49,-58,1598514419098
0,48,D0:F0:18:43:F8:49,-58,1598514419602
0,49,D0:F0:18:43:F8:2F,-87,1598514420108
1,50,D0:F0:18:43:F8:49,-59,1598514420109
0,51,D0:F0:18:43:F8:2F,-87,1598514420612
0,52,D0:F0:18:43:F8:49,-58,1598514421119
0,53,D0:F0:18:43:F8:2F,-87,1598514421623
1,54,D0:F0:18:43:F8:49,-58,1598514421625
0,55,D0:F0:18:43:F8:49,-59,1598514422128
0,56,D0:F0:18:43:F8:2F,-87,1598514422634
1,57,D0:F0:18:43:F8:49,-58,1598514422635
0,58,D0:F0:18:43:F8:2F,-87,1598514423138
0,59,D0:F0:18:43:F8:49,-58,1598514423643
0,60,D0:F0:18:43:F8:2F,-87,1598514424148
0,61,D0:F0:18:43:F8:2F,-88,1598514424653
1,62,D0:F0:18:43:F8:49,-59,1598514424655
0,63,D0:F0:18:43:F8:49,-58,1598514425158
0,64,D0:F0:18:43:F8:2F,-87,1598514425663
1,65,D0:F0:18:43:F8:49,-57,1598514425665
0,66,D0:F0:18:43:F8:49,-59,1598514426168
0,67,D0:F0:18:43:F8:49,-58,1598514426673
0,68,D0:F0:18:43:F8:2F,-87,1598514427179
1,69,D0:F0:18:43:F8:49,-57,1598514427180
0,70,D0:F0:18:43:F8:49,-58,1598514427684
0,71,D0:F0:18:43:F8:49,-58,1598514428190
0,72,D0:F0:18:43:F8:49,-57,1598514428696
0,73,D0:F0:18:43:F8:49,-58,1598514429201
0,74,D0:F0:18:43:F8:49,-57,1598514429706
0,75,D0:F0:18:43:F8:2F,-87,1598514430212
1,76,D0:F0:18:43:F8:49,-58,1598514430213
0,77,D0:F0:18:43:F8:2F,-86,1598514430718
1,78,D0:F0:18:43:F8:49,-58,1598514430719
0,79,D0:F0:18:43:F8:49,-59,1598514431224
0,0,D0:F0:18:43:F8:49,-40,1598514437285
0,1,D0:F0:18:43:F8:2F,-86,1598514437791
1,2,D0:F0:18:43:F8:49,-42,1598514437793
0,3,D0:F0:18:43:F8:49,-41,1598514438801
0,4,D0:F0:18:43:F8:49,-39,1598514439813
0,5,D0:F0:18:43:F8:2F,-89,1598514440318
1,6,D0:F0:18:43:F8:49,-40,1598514440319
0,7,D0:F0:18:43:F8:2F,-79,1598514441328
1,8,D0:F0:18:43:F8:49,-42,1598514441329
0,9,D0:F0:18:43:F8:2F,-90,1598514441833
1,10,D0:F0:18:43:F8:49,-39,1598514441834
0,11,D0:F0:18:43:F8:2F,-94,1598514442338
1,12,D0:F0:18:43:F8:49,-39,1598514442339
0,13,D0:F0:18:43:F8:2F,-79,1598514442843
1,14,D0:F0:18:43:F8:49,-42,1598514442845
0,15,D0:F0:18:43:F8:2F,-91,1598514443349
0,16,D0:F0:18:43:F8:2F,-89,1598514444360
1,17,D0:F0:18:43:F8:49,-39,1598514444362
0,18,D0:F0:18:43:F8:2F,-92,1598514444866
1,19,D0:F0:18:43:F8:49,-39,1598514444868
0,20,D0:F0:18:43:F8:2F,-80,1598514445372
1,21,D0:F0:18:43:F8:49,-42,1598514445373
0,22,D0:F0:18:43:F8:2F,-89,1598514445877
1,23,D0:F0:18:43:F8:49,-39,1598514445879
0,24,D0:F0:18:43:F8:49,-40,1598514446382
0,25,D0:F0:18:43:F8:2F,-89,1598514446888
1,26,D0:F0:18:43:F8:49,-39,1598514446890
0,27,D0:F0:18:43:F8:2F,-89,1598514447393
1,28,D0:F0:18:43:F8:49,-39,1598514447395
0,29,D0:F0:18:43:F8:2F,-80,1598514447899
1,30,D0:F0:18:43:F8:49,-40,1598514447901
0,31,D0:F0:18:43:F8:2F,-89,1598514448405
1,32,D0:F0:18:43:F8:49,-39,1598514448406
0,33,D0:F0:18:43:F8:2F,-89,1598514448910
1,34,D0:F0:18:43:F8:49,-40,1598514448911
0,35,D0:F0:18:43:F8:2F,-89,1598514449414
1,36,D0:F0:18:43:F8:49,-42,1598514449416
0,37,D0:F0:18:43:F8:2F,-89,1598514449919
1,38,D0:F0:18:43:F8:49,-39,1598514449921
0,39,D0:F0:18:43:F8:2F,-80,1598514450425
1,40,D0:F0:18:43:F8:49,-41,1598514450426
0,41,D0:F0:18:43:F8:49,-39,1598514450929
0,42,D0:F0:18:43:F8:2F,-80,1598514451434
1,43,D0:F0:18:43:F8:49,-42,1598514451436
0,44,D0:F0:18:43:F8:49,-39,1598514452444
0,45,D0:F0:18:43:F8:2F,-79,1598514452950
1,46,D0:F0:18:43:F8:49,-41,1598514452951
0,47,D0:F0:18:43:F8:2F,-88,1598514453455
0,48,D0:F0:18:43:F8:49,-44,1598514453959
0,49,D0:F0:18:43:F8:2F,-92,1598514454465
1,50,D0:F0:18:43:F8:49,-42,1598514454466
0,51,D0:F0:18:43:F8:2F,-79,1598514454970
0,52,D0:F0:18:43:F8:49,-42,1598514455474
0,53,D0:F0:18:43:F8:49,-39,1598514455980
0,54,D0:F0:18:43:F8:2F,-79,1598514456485
1,55,D0:F0:18:43:F8:49,-41,1598514456487
0,56,D0:F0:18:43:F8:2F,-88,1598514456990
1,57,D0:F0:18:43:F8:49,-39,1598514456992
0,58,D0:F0:18:43:F8:49,-39,1598514457496
0,59,D0:F0:18:43:F8:2F,-88,1598514458000
1,60,D0:F0:18:43:F8:49,-43,1598514458002
0,61,D0:F0:18:43:F8:49,-39,1598514458505
0,62,D0:F0:18:43:F8:2F,-79,1598514459010
1,63,D0:F0:18:43:F8:49,-41,1598514459012
0,64,D0:F0:18:43:F8:2F,-88,1598514459516
1,65,D0:F0:18:43:F8:49,-43,1598514459518
0,66,D0:F0:18:43:F8:49,-39,1598514460021
0,67,D0:F0:18:43:F8:2F,-79,1598514460528
1,68,D0:F0:18:43:F8:49,-41,1598514460530
0,69,D0:F0:18:43:F8:2F,-88,1598514461034
1,70,D0:F0:18:43:F8:49,-39,1598514461036
0,71,D0:F0:18:43:F8:2F,-79,1598514461539
1,72,D0:F0:18:43:F8:49,-39,1598514461540
0,73,D0:F0:18:43:F8:49,-41,1598514462045
0,74,D0:F0:18:43:F8:49,-41,1598514462549
0,75,D0:F0:18:43:F8:2F,-79,1598514463055
1,76,D0:F0:18:43:F8:49,-43,1598514463056
0,77,D0:F0:18:43:F8:2F,-88,1598514463559
1,78,D0:F0:18:43:F8:49,-41,1598514463561
0,79,D0:F0:18:43:F8:49,-39,1598514464063
