0,0,D0:F0:18:43:F8:2F,-73,1598604993501
1,1,D0:F0:18:43:F8:49,-38,1598604993504
0,2,D0:F0:18:43:F8:2F,-73,1598604994010
1,3,D0:F0:18:43:F8:49,-36,1598604994017
0,4,D0:F0:18:43:F8:2F,-72,1598604994518
1,5,D0:F0:18:43:F8:49,-36,1598604994526
0,6,D0:F0:18:43:F8:2F,-77,1598604995026
1,7,D0:F0:18:43:F8:49,-36,1598604995033
0,8,D0:F0:18:43:F8:33,-83,1598604995535
1,9,D0:F0:18:43:F8:2F,-86,1598604995543
2,10,D0:F0:18:43:F8:49,-36,1598604995547
0,11,D0:F0:18:43:F8:33,-83,1598604996044
1,12,D0:F0:18:43:F8:2F,-71,1598604996051
2,13,D0:F0:18:43:F8:49,-36,1598604996055
0,14,D0:F0:18:43:F8:33,-79,1598604996553
1,15,D0:F0:18:43:F8:2F,-88,1598604996560
2,16,D0:F0:18:43:F8:49,-36,1598604996564
0,17,D0:F0:18:43:F8:33,-80,1598604997054
1,18,D0:F0:18:43:F8:49,-36,1598604997057
0,19,D0:F0:18:43:F8:2F,-70,1598604997564
1,20,D0:F0:18:43:F8:49,-36,1598604997572
0,21,D0:F0:18:43:F8:33,-82,1598604998073
1,22,D0:F0:18:43:F8:49,-36,1598604998080
0,23,D0:F0:18:43:F8:33,-81,1598604998583
1,24,D0:F0:18:43:F8:2F,-70,1598604998590
2,25,D0:F0:18:43:F8:49,-36,1598604998594
0,26,D0:F0:18:43:F8:2F,-70,1598604999091
1,27,D0:F0:18:43:F8:49,-36,1598604999098
0,28,D0:F0:18:43:F8:33,-83,1598604999600
1,29,D0:F0:18:43:F8:49,-36,1598604999607
0,30,D0:F0:18:43:F8:2F,-71,1598605000109
1,31,D0:F0:18:43:F8:49,-36,1598605000116
0,32,D0:F0:18:43:F8:33,-80,1598605000612
1,33,D0:F0:18:43:F8:2F,-70,1598605000616
2,34,D0:F0:18:43:F8:49,-36,1598605000618
0,35,D0:F0:18:43:F8:33,-80,1598605001123
1,36,D0:F0:18:43:F8:2F,-71,1598605001130
2,37,D0:F0:18:43:F8:49,-38,1598605001134
0,38,D0:F0:18:43:F8:49,-36,1598605001631
0,39,D0:F0:18:43:F8:33,-83,1598605002140
1,40,D0:F0:18:43:F8:2F,-71,1598605002147
2,41,D0:F0:18:43:F8:49,-36,1598605002152
0,42,D0:F0:18:43:F8:2F,-71,1598605002648
1,43,D0:F0:18:43:F8:49,-36,1598605002657
0,44,D0:F0:18:43:F8:33,-82,1598605003159
1,45,D0:F0:18:43:F8:2F,-70,1598605003166
2,46,D0:F0:18:43:F8:49,-36,1598605003170
0,47,D0:F0:18:43:F8:33,-83,1598605003667
1,48,D0:F0:18:43:F8:2F,-70,1598605003676
0,49,D0:F0:18:43:F8:33,-83,1598605004175
1,50,D0:F0:18:43:F8:2F,-70,1598605004184
2,51,D0:F0:18:43:F8:49,-36,1598605004187
0,52,D0:F0:18:43:F8:2F,-70,1598605004683
0,53,D0:F0:18:43:F8:2F,-70,1598605005192
1,54,D0:F0:18:43:F8:49,-37,1598605005199
0,55,D0:F0:18:43:F8:33,-83,1598605005701
1,56,D0:F0:18:43:F8:2F,-71,1598605005708
2,57,D0:F0:18:43:F8:49,-36,1598605005712
0,58,D0:F0:18:43:F8:2F,-70,1598605006208
1,59,D0:F0:18:43:F8:49,-36,1598605006215
0,60,D0:F0:18:43:F8:33,-82,1598605006718
1,61,D0:F0:18:43:F8:2F,-71,1598605006725
2,62,D0:F0:18:43:F8:49,-37,1598605006729
0,63,D0:F0:18:43:F8:2F,-70,1598605007226
1,64,D0:F0:18:43:F8:49,-36,1598605007234
0,65,D0:F0:18:43:F8:49,-36,1598605007733
0,66,D0:F0:18:43:F8:33,-85,1598605008244
1,67,D0:F0:18:43:F8:2F,-71,1598605008251
2,68,D0:F0:18:43:F8:49,-36,1598605008258
0,69,D0:F0:18:43:F8:2F,-71,1598605008753
1,70,D0:F0:18:43:F8:49,-36,1598605008762
0,71,D0:F0:18:43:F8:49,-37,1598605009262
0,72,D0:F0:18:43:F8:2F,-70,1598605009769
1,73,D0:F0:18:43:F8:49,-36,1598605009776
0,74,D0:F0:18:43:F8:2F,-70,1598605010278
1,75,D0:F0:18:43:F8:49,-36,1598605010286
0,76,D0:F0:18:43:F8:2F,-70,1598605010782
1,77,D0:F0:18:43:F8:49,-37,1598605010786
0,78,D0:F0:18:43:F8:2F,-71,1598605011293
1,79,D0:F0:18:43:F8:49,-36,1598605011300
0,80,D0:F0:18:43:F8:49,-36,1598605011801
0,81,D0:F0:18:43:F8:33,-82,1598605012315
1,82,D0:F0:18:43:F8:2F,-71,1598605012322
2,83,D0:F0:18:43:F8:49,-36,1598605012325
0,84,D0:F0:18:43:F8:2F,-71,1598605012823
1,85,D0:F0:18:43:F8:49,-36,1598605012830
0,86,D0:F0:18:43:F8:2F,-71,1598605013332
1,87,D0:F0:18:43:F8:49,-36,1598605013338
0,88,D0:F0:18:43:F8:2F,-71,1598605013843
0,89,D0:F0:18:43:F8:33,-83,1598605014352
0,0,D0:F0:18:43:F8:2F,-77,1598605020950
1,1,D0:F0:18:43:F8:49,-48,1598605020957
0,2,D0:F0:18:43:F8:49,-48,1598605021458
0,3,D0:F0:18:43:F8:49,-50,1598605021966
0,4,D0:F0:18:43:F8:49,-48,1598605022476
0,5,D0:F0:18:43:F8:49,-48,1598605022983
0,6,D0:F0:18:43:F8:2F,-89,1598605023492
1,7,D0:F0:18:43:F8:49,-48,1598605023497
0,8,D0:F0:18:43:F8:49,-49,1598605024000
0,9,D0:F0:18:43:F8:2F,-77,1598605024510
1,10,D0:F0:18:43:F8:49,-48,1598605024516
0,11,D0:F0:18:43:F8:49,-49,1598605025017
0,12,D0:F0:18:43:F8:2F,-85,1598605025526
1,13,D0:F0:18:43:F8:49,-50,1598605025533
0,14,D0:F0:18:43:F8:2F,-79,1598605026036
1,15,D0:F0:18:43:F8:49,-49,1598605026043
0,16,D0:F0:18:43:F8:49,-49,1598605026544
0,17,D0:F0:18:43:F8:33,-84,1598605027054
1,18,D0:F0:18:43:F8:2F,-79,1598605027061
2,19,D0:F0:18:43:F8:49,-50,1598605027065
0,20,D0:F0:18:43:F8:49,-49,1598605027557
0,21,D0:F0:18:43:F8:33,-84,1598605028067
1,22,D0:F0:18:43:F8:49,-48,1598605028074
0,23,D0:F0:18:43:F8:2F,-79,1598605028576
1,24,D0:F0:18:43:F8:49,-48,1598605028579
0,25,D0:F0:18:43:F8:33,-85,1598605029086
1,26,D0:F0:18:43:F8:49,-48,1598605029093
0,27,D0:F0:18:43:F8:2F,-79,1598605029588
1,28,D0:F0:18:43:F8:49,-50,1598605029593
0,29,D0:F0:18:43:F8:49,-50,1598605030098
0,30,D0:F0:18:43:F8:33,-85,1598605030606
1,31,D0:F0:18:43:F8:49,-50,1598605030613
0,32,D0:F0:18:43:F8:2F,-79,1598605031115
1,33,D0:F0:18:43:F8:49,-48,1598605031122
0,34,D0:F0:18:43:F8:33,-85,1598605031622
0,35,D0:F0:18:43:F8:49,-48,1598605032131
0,36,D0:F0:18:43:F8:49,-48,1598605032639
0,37,D0:F0:18:43:F8:49,-50,1598605033148
0,38,D0:F0:18:43:F8:33,-86,1598605033658
1,39,D0:F0:18:43:F8:2F,-87,1598605033664
2,40,D0:F0:18:43:F8:49,-48,1598605033668
0,41,D0:F0:18:43:F8:49,-48,1598605034166
0,42,D0:F0:18:43:F8:49,-48,1598605034674
0,43,D0:F0:18:43:F8:49,-51,1598605035182
0,44,D0:F0:18:43:F8:49,-48,1598605035693
0,45,D0:F0:18:43:F8:2F,-84,1598605036201
1,46,D0:F0:18:43:F8:49,-48,1598605036208
0,47,D0:F0:18:43:F8:49,-50,1598605036709
0,48,D0:F0:18:43:F8:49,-49,1598605037220
0,49,D0:F0:18:43:F8:49,-50,1598605037730
0,50,D0:F0:18:43:F8:2F,-86,1598605038238
1,51,D0:F0:18:43:F8:49,-49,1598605038247
0,52,D0:F0:18:43:F8:33,-86,1598605038746
1,53,D0:F0:18:43:F8:49,-48,1598605038754
0,54,D0:F0:18:43:F8:49,-50,1598605039254
0,55,D0:F0:18:43:F8:2F,-79,1598605039762
1,56,D0:F0:18:43:F8:49,-48,1598605039769
0,57,D0:F0:18:43:F8:33,-85,1598605040271
1,58,D0:F0:18:43:F8:49,-50,1598605040277
0,59,D0:F0:18:43:F8:33,-85,1598605040782
1,60,D0:F0:18:43:F8:2F,-80,1598605040789
2,61,D0:F0:18:43:F8:49,-50,1598605040792
0,62,D0:F0:18:43:F8:49,-49,1598605041288
0,63,D0:F0:18:43:F8:2F,-80,1598605041797
0,64,D0:F0:18:43:F8:49,-49,1598605042305
0,65,D0:F0:18:43:F8:2F,-79,1598605042813
1,66,D0:F0:18:43:F8:49,-49,1598605042819
0,67,D0:F0:18:43:F8:2F,-79,1598605043321
0,68,D0:F0:18:43:F8:33,-84,1598605043831
1,69,D0:F0:18:43:F8:49,-49,1598605043837
0,70,D0:F0:18:43:F8:2F,-79,1598605044338
1,71,D0:F0:18:43:F8:49,-49,1598605044345
0,72,D0:F0:18:43:F8:2F,-80,1598605045352
0,73,D0:F0:18:43:F8:2F,-80,1598605045862
1,74,D0:F0:18:43:F8:49,-50,1598605045870
0,75,D0:F0:18:43:F8:49,-49,1598605046371
0,76,D0:F0:18:43:F8:33,-87,1598605047387
1,77,D0:F0:18:43:F8:49,-49,1598605047394
0,78,D0:F0:18:43:F8:2F,-80,1598605047896
1,79,D0:F0:18:43:F8:49,-50,1598605047902
0,80,D0:F0:18:43:F8:49,-49,1598605048405
0,81,D0:F0:18:43:F8:33,-85,1598605048916
1,82,D0:F0:18:43:F8:49,-49,1598605048923
0,83,D0:F0:18:43:F8:2F,-78,1598605049423
1,84,D0:F0:18:43:F8:49,-50,1598605049429
0,85,D0:F0:18:43:F8:33,-86,1598605049932
1,86,D0:F0:18:43:F8:49,-48,1598605049938
0,87,D0:F0:18:43:F8:2F,-80,1598605050441
1,88,D0:F0:18:43:F8:49,-50,1598605050447
0,89,D0:F0:18:43:F8:49,-51,1598605050948
0,0,D0:F0:18:43:F8:2F,-85,1598605057046
1,1,D0:F0:18:43:F8:49,-62,1598605057054
0,2,D0:F0:18:43:F8:2F,-82,1598605057557
1,3,D0:F0:18:43:F8:49,-56,1598605057563
0,4,D0:F0:18:43:F8:2F,-80,1598605058066
1,5,D0:F0:18:43:F8:49,-56,1598605058074
0,6,D0:F0:18:43:F8:2F,-78,1598605058574
1,7,D0:F0:18:43:F8:49,-57,1598605058582
0,8,D0:F0:18:43:F8:33,-86,1598605059082
1,9,D0:F0:18:43:F8:2F,-82,1598605059088
0,10,D0:F0:18:43:F8:2F,-78,1598605059591
1,11,D0:F0:18:43:F8:49,-56,1598605059597
0,12,D0:F0:18:43:F8:2F,-77,1598605060102
1,13,D0:F0:18:43:F8:49,-56,1598605060107
0,14,D0:F0:18:43:F8:2F,-83,1598605060612
1,15,D0:F0:18:43:F8:49,-57,1598605060619
0,16,D0:F0:18:43:F8:2F,-77,1598605061116
0,17,D0:F0:18:43:F8:33,-84,1598605061624
1,18,D0:F0:18:43:F8:49,-56,1598605061630
0,19,D0:F0:18:43:F8:2F,-77,1598605062128
1,20,D0:F0:18:43:F8:49,-57,1598605062133
0,21,D0:F0:18:43:F8:33,-85,1598605062639
1,22,D0:F0:18:43:F8:2F,-77,1598605062647
2,23,D0:F0:18:43:F8:49,-56,1598605062649
0,24,D0:F0:18:43:F8:2F,-80,1598605063152
1,25,D0:F0:18:43:F8:49,-57,1598605063161
0,26,D0:F0:18:43:F8:2F,-77,1598605063657
1,27,D0:F0:18:43:F8:49,-57,1598605063665
0,28,D0:F0:18:43:F8:33,-85,1598605064166
1,29,D0:F0:18:43:F8:49,-56,1598605064172
0,30,D0:F0:18:43:F8:2F,-77,1598605064675
1,31,D0:F0:18:43:F8:49,-57,1598605064683
0,32,D0:F0:18:43:F8:2F,-77,1598605065182
1,33,D0:F0:18:43:F8:49,-56,1598605065189
0,34,D0:F0:18:43:F8:2F,-80,1598605065689
1,35,D0:F0:18:43:F8:49,-56,1598605065696
0,36,D0:F0:18:43:F8:33,-85,1598605066197
1,37,D0:F0:18:43:F8:49,-57,1598605066203
0,38,D0:F0:18:43:F8:2F,-77,1598605066711
1,39,D0:F0:18:43:F8:49,-56,1598605066717
0,40,D0:F0:18:43:F8:2F,-80,1598605067216
1,41,D0:F0:18:43:F8:49,-56,1598605067223
0,42,D0:F0:18:43:F8:33,-85,1598605067723
1,43,D0:F0:18:43:F8:2F,-78,1598605067728
2,44,D0:F0:18:43:F8:49,-56,1598605067731
0,45,D0:F0:18:43:F8:2F,-82,1598605068231
1,46,D0:F0:18:43:F8:49,-57,1598605068236
0,47,D0:F0:18:43:F8:2F,-82,1598605068739
1,48,D0:F0:18:43:F8:49,-56,1598605068746
0,49,D0:F0:18:43:F8:33,-85,1598605069250
1,50,D0:F0:18:43:F8:2F,-77,1598605069255
2,51,D0:F0:18:43:F8:49,-56,1598605069258
0,52,D0:F0:18:43:F8:2F,-81,1598605069756
1,53,D0:F0:18:43:F8:49,-56,1598605069764
0,54,D0:F0:18:43:F8:33,-85,1598605070266
1,55,D0:F0:18:43:F8:2F,-77,1598605070271
2,56,D0:F0:18:43:F8:49,-56,1598605070274
0,57,D0:F0:18:43:F8:49,-56,1598605070770
0,58,D0:F0:18:43:F8:49,-56,1598605071281
0,59,D0:F0:18:43:F8:2F,-77,1598605071788
1,60,D0:F0:18:43:F8:49,-56,1598605071796
0,61,D0:F0:18:43:F8:2F,-81,1598605072294
1,62,D0:F0:18:43:F8:49,-56,1598605072301
0,63,D0:F0:18:43:F8:2F,-77,1598605072805
1,64,D0:F0:18:43:F8:49,-56,1598605072812
0,65,D0:F0:18:43:F8:49,-56,1598605073313
0,66,D0:F0:18:43:F8:2F,-81,1598605073821
0,67,D0:F0:18:43:F8:33,-83,1598605074330
1,68,D0:F0:18:43:F8:2F,-77,1598605074334
2,69,D0:F0:18:43:F8:49,-57,1598605074337
0,70,D0:F0:18:43:F8:33,-84,1598605074837
1,71,D0:F0:18:43:F8:2F,-80,1598605074842
2,72,D0:F0:18:43:F8:49,-56,1598605074844
0,73,D0:F0:18:43:F8:2F,-80,1598605075346
1,74,D0:F0:18:43:F8:49,-56,1598605075352
0,75,D0:F0:18:43:F8:33,-84,1598605075863
1,76,D0:F0:18:43:F8:2F,-77,1598605075869
2,77,D0:F0:18:43:F8:49,-57,1598605075872
0,78,D0:F0:18:43:F8:33,-86,1598605076371
1,79,D0:F0:18:43:F8:2F,-80,1598605076376
2,80,D0:F0:18:43:F8:49,-56,1598605076380
0,81,D0:F0:18:43:F8:2F,-76,1598605076885
1,82,D0:F0:18:43:F8:49,-56,1598605076894
0,83,D0:F0:18:43:F8:49,-56,1598605077391
0,84,D0:F0:18:43:F8:2F,-84,1598605077902
1,85,D0:F0:18:43:F8:49,-56,1598605077906
0,86,D0:F0:18:43:F8:2F,-77,1598605078410
1,87,D0:F0:18:43:F8:49,-58,1598605078416
0,88,D0:F0:18:43:F8:49,-56,1598605078917
0,89,D0:F0:18:43:F8:2F,-83,1598605079420
0,0,D0:F0:18:43:F8:33,-87,1598605083982
1,1,D0:F0:18:43:F8:2F,-86,1598605083984
2,2,D0:F0:18:43:F8:49,-57,1598605083985
0,3,D0:F0:18:43:F8:2F,-82,1598605084493
1,4,D0:F0:18:43:F8:49,-57,1598605084498
0,5,D0:F0:18:43:F8:33,-83,1598605085002
1,6,D0:F0:18:43:F8:2F,-80,1598605085008
2,7,D0:F0:18:43:F8:49,-57,1598605085011
0,8,D0:F0:18:43:F8:2F,-81,1598605085512
1,9,D0:F0:18:43:F8:49,-56,1598605085517
0,10,D0:F0:18:43:F8:2F,-81,1598605086021
1,11,D0:F0:18:43:F8:49,-58,1598605086026
0,12,D0:F0:18:43:F8:33,-85,1598605086522
1,13,D0:F0:18:43:F8:2F,-83,1598605086524
2,14,D0:F0:18:43:F8:49,-56,1598605086525
0,15,D0:F0:18:43:F8:33,-85,1598605087032
1,16,D0:F0:18:43:F8:2F,-85,1598605087037
2,17,D0:F0:18:43:F8:49,-58,1598605087040
0,18,D0:F0:18:43:F8:2F,-82,1598605087541
1,19,D0:F0:18:43:F8:49,-57,1598605087547
0,20,D0:F0:18:43:F8:33,-83,1598605088049
1,21,D0:F0:18:43:F8:2F,-80,1598605088053
2,22,D0:F0:18:43:F8:49,-56,1598605088055
0,23,D0:F0:18:43:F8:33,-83,1598605088557
1,24,D0:F0:18:43:F8:2F,-82,1598605088561
2,25,D0:F0:18:43:F8:49,-58,1598605088564
0,26,D0:F0:18:43:F8:33,-85,1598605089065
1,27,D0:F0:18:43:F8:2F,-80,1598605089071
2,28,D0:F0:18:43:F8:49,-56,1598605089075
0,29,D0:F0:18:43:F8:33,-85,1598605089574
1,30,D0:F0:18:43:F8:2F,-83,1598605089581
0,31,D0:F0:18:43:F8:2F,-81,1598605090080
1,32,D0:F0:18:43:F8:49,-57,1598605090086
0,33,D0:F0:18:43:F8:33,-85,1598605090587
1,34,D0:F0:18:43:F8:2F,-80,1598605090593
2,35,D0:F0:18:43:F8:49,-56,1598605090596
0,36,D0:F0:18:43:F8:33,-84,1598605091095
1,37,D0:F0:18:43:F8:2F,-84,1598605091099
2,38,D0:F0:18:43:F8:49,-57,1598605091101
0,39,D0:F0:18:43:F8:2F,-82,1598605091604
1,40,D0:F0:18:43:F8:49,-56,1598605091611
0,41,D0:F0:18:43:F8:49,-58,1598605092111
0,42,D0:F0:18:43:F8:2F,-82,1598605092621
1,43,D0:F0:18:43:F8:49,-56,1598605092625
0,44,D0:F0:18:43:F8:33,-86,1598605093127
1,45,D0:F0:18:43:F8:2F,-82,1598605093132
2,46,D0:F0:18:43:F8:49,-56,1598605093134
0,47,D0:F0:18:43:F8:49,-57,1598605093634
0,48,D0:F0:18:43:F8:2F,-81,1598605094142
1,49,D0:F0:18:43:F8:49,-57,1598605094146
0,50,D0:F0:18:43:F8:2F,-83,1598605094650
1,51,D0:F0:18:43:F8:49,-57,1598605094654
0,52,D0:F0:18:43:F8:49,-56,1598605095156
0,53,D0:F0:18:43:F8:49,-58,1598605095664
0,54,D0:F0:18:43:F8:2F,-83,1598605096171
1,55,D0:F0:18:43:F8:49,-57,1598605096175
0,56,D0:F0:18:43:F8:2F,-80,1598605096672
1,57,D0:F0:18:43:F8:49,-58,1598605096675
0,58,D0:F0:18:43:F8:2F,-81,1598605097180
1,59,D0:F0:18:43:F8:49,-58,1598605097185
0,60,D0:F0:18:43:F8:33,-84,1598605097687
1,61,D0:F0:18:43:F8:2F,-80,1598605097691
2,62,D0:F0:18:43:F8:49,-56,1598605097693
0,63,D0:F0:18:43:F8:2F,-80,1598605098195
1,64,D0:F0:18:43:F8:49,-58,1598605098201
0,65,D0:F0:18:43:F8:2F,-82,1598605098702
1,66,D0:F0:18:43:F8:49,-57,1598605098706
0,67,D0:F0:18:43:F8:33,-85,1598605099209
1,68,D0:F0:18:43:F8:2F,-80,1598605099215
2,69,D0:F0:18:43:F8:49,-58,1598605099217
0,70,D0:F0:18:43:F8:33,-83,1598605099717
1,71,D0:F0:18:43:F8:2F,-81,1598605099721
2,72,D0:F0:18:43:F8:49,-58,1598605099723
0,73,D0:F0:18:43:F8:49,-57,1598605100223
0,74,D0:F0:18:43:F8:33,-84,1598605100736
1,75,D0:F0:18:43:F8:2F,-79,1598605100740
2,76,D0:F0:18:43:F8:49,-58,1598605100742
0,77,D0:F0:18:43:F8:33,-86,1598605101248
1,78,D0:F0:18:43:F8:2F,-81,1598605101252
2,79,D0:F0:18:43:F8:49,-57,1598605101254
0,80,D0:F0:18:43:F8:2F,-81,1598605101756
1,81,D0:F0:18:43:F8:49,-57,1598605101760
0,82,D0:F0:18:43:F8:33,-84,1598605102264
1,83,D0:F0:18:43:F8:2F,-81,1598605102269
2,84,D0:F0:18:43:F8:49,-58,1598605102273
0,85,D0:F0:18:43:F8:49,-56,1598605102770
0,86,D0:F0:18:43:F8:33,-83,1598605103276
1,87,D0:F0:18:43:F8:2F,-81,1598605103280
0,88,D0:F0:18:43:F8:49,-57,1598605103783
0,89,D0:F0:18:43:F8:33,-83,1598605104289
0,0,D0:F0:18:43:F8:33,-78,1598605109875
1,1,D0:F0:18:43:F8:2F,-74,1598605109879
2,2,D0:F0:18:43:F8:49,-67,1598605109880
0,3,D0:F0:18:43:F8:33,-76,1598605110388
1,4,D0:F0:18:43:F8:2F,-78,1598605110392
2,5,D0:F0:18:43:F8:49,-68,1598605110393
0,6,D0:F0:18:43:F8:33,-82,1598605110896
1,7,D0:F0:18:43:F8:2F,-77,1598605110900
2,8,D0:F0:18:43:F8:49,-65,1598605110901
0,9,D0:F0:18:43:F8:33,-83,1598605111402
1,10,D0:F0:18:43:F8:2F,-78,1598605111406
2,11,D0:F0:18:43:F8:49,-68,1598605111407
0,12,D0:F0:18:43:F8:2F,-75,1598605111906
1,13,D0:F0:18:43:F8:49,-65,1598605111907
0,14,D0:F0:18:43:F8:33,-85,1598605112413
1,15,D0:F0:18:43:F8:2F,-76,1598605112417
2,16,D0:F0:18:43:F8:49,-65,1598605112419
0,17,D0:F0:18:43:F8:33,-85,1598605112920
1,18,D0:F0:18:43:F8:49,-69,1598605112924
0,19,D0:F0:18:43:F8:33,-86,1598605113427
1,20,D0:F0:18:43:F8:2F,-76,1598605113431
2,21,D0:F0:18:43:F8:49,-65,1598605113432
0,22,D0:F0:18:43:F8:2F,-77,1598605113934
1,23,D0:F0:18:43:F8:49,-66,1598605113937
0,24,D0:F0:18:43:F8:2F,-77,1598605114441
1,25,D0:F0:18:43:F8:49,-70,1598605114444
0,26,D0:F0:18:43:F8:2F,-77,1598605114948
1,27,D0:F0:18:43:F8:49,-65,1598605114953
0,28,D0:F0:18:43:F8:33,-83,1598605115453
0,29,D0:F0:18:43:F8:33,-87,1598605115963
1,30,D0:F0:18:43:F8:2F,-85,1598605115968
2,31,D0:F0:18:43:F8:49,-66,1598605115970
0,32,D0:F0:18:43:F8:33,-81,1598605116469
1,33,D0:F0:18:43:F8:2F,-77,1598605116473
2,34,D0:F0:18:43:F8:49,-66,1598605116475
0,35,D0:F0:18:43:F8:33,-88,1598605116973
1,36,D0:F0:18:43:F8:2F,-76,1598605116975
2,37,D0:F0:18:43:F8:49,-65,1598605116976
0,38,D0:F0:18:43:F8:49,-66,1598605117481
0,39,D0:F0:18:43:F8:33,-85,1598605117988
1,40,D0:F0:18:43:F8:2F,-77,1598605117992
2,41,D0:F0:18:43:F8:49,-70,1598605117994
0,42,D0:F0:18:43:F8:49,-65,1598605118494
0,43,D0:F0:18:43:F8:33,-83,1598605119001
1,44,D0:F0:18:43:F8:49,-66,1598605119004
0,45,D0:F0:18:43:F8:49,-65,1598605119506
0,46,D0:F0:18:43:F8:2F,-77,1598605120015
1,47,D0:F0:18:43:F8:49,-65,1598605120018
0,48,D0:F0:18:43:F8:33,-85,1598605120522
1,49,D0:F0:18:43:F8:2F,-86,1598605120525
2,50,D0:F0:18:43:F8:49,-70,1598605120527
0,51,D0:F0:18:43:F8:33,-85,1598605121029
1,52,D0:F0:18:43:F8:2F,-77,1598605121035
2,53,D0:F0:18:43:F8:49,-65,1598605121036
0,54,D0:F0:18:43:F8:33,-85,1598605121535
1,55,D0:F0:18:43:F8:2F,-76,1598605121538
2,56,D0:F0:18:43:F8:49,-66,1598605121540
0,57,D0:F0:18:43:F8:49,-65,1598605122041
0,58,D0:F0:18:43:F8:2F,-77,1598605122548
1,59,D0:F0:18:43:F8:49,-65,1598605122551
0,60,D0:F0:18:43:F8:33,-83,1598605123054
1,61,D0:F0:18:43:F8:2F,-76,1598605123058
0,62,D0:F0:18:43:F8:33,-86,1598605123562
1,63,D0:F0:18:43:F8:2F,-77,1598605123565
2,64,D0:F0:18:43:F8:49,-66,1598605123567
0,65,D0:F0:18:43:F8:2F,-76,1598605124069
1,66,D0:F0:18:43:F8:49,-64,1598605124073
0,67,D0:F0:18:43:F8:33,-88,1598605124575
1,68,D0:F0:18:43:F8:2F,-77,1598605124579
0,69,D0:F0:18:43:F8:2F,-77,1598605125081
1,70,D0:F0:18:43:F8:49,-65,1598605125085
0,71,D0:F0:18:43:F8:33,-84,1598605125590
1,72,D0:F0:18:43:F8:2F,-77,1598605125596
2,73,D0:F0:18:43:F8:49,-66,1598605125597
0,74,D0:F0:18:43:F8:2F,-76,1598605126097
1,75,D0:F0:18:43:F8:49,-65,1598605126100
0,76,D0:F0:18:43:F8:49,-65,1598605126603
0,77,D0:F0:18:43:F8:33,-83,1598605127110
1,78,D0:F0:18:43:F8:2F,-76,1598605127113
2,79,D0:F0:18:43:F8:49,-70,1598605127117
0,80,D0:F0:18:43:F8:33,-88,1598605127616
1,81,D0:F0:18:43:F8:49,-65,1598605127619
0,82,D0:F0:18:43:F8:33,-83,1598605128123
1,83,D0:F0:18:43:F8:2F,-76,1598605128126
2,84,D0:F0:18:43:F8:49,-70,1598605128128
0,85,D0:F0:18:43:F8:33,-87,1598605128629
1,86,D0:F0:18:43:F8:49,-65,1598605128632
0,87,D0:F0:18:43:F8:33,-83,1598605129136
1,88,D0:F0:18:43:F8:2F,-76,1598605129139
2,89,D0:F0:18:43:F8:49,-65,1598605129140
0,0,D0:F0:18:43:F8:33,-85,1598605134708
1,1,D0:F0:18:43:F8:49,-67,1598605134712
0,2,D0:F0:18:43:F8:33,-78,1598605135215
1,3,D0:F0:18:43:F8:2F,-85,1598605135218
2,4,D0:F0:18:43:F8:49,-65,1598605135221
0,5,D0:F0:18:43:F8:33,-78,1598605135722
1,6,D0:F0:18:43:F8:49,-70,1598605135725
0,7,D0:F0:18:43:F8:2F,-86,1598605136229
1,8,D0:F0:18:43:F8:49,-64,1598605136234
0,9,D0:F0:18:43:F8:33,-76,1598605136730
0,10,D0:F0:18:43:F8:33,-85,1598605137241
1,11,D0:F0:18:43:F8:49,-65,1598605137245
0,12,D0:F0:18:43:F8:33,-78,1598605137747
1,13,D0:F0:18:43:F8:49,-69,1598605137752
0,14,D0:F0:18:43:F8:33,-77,1598605138254
1,15,D0:F0:18:43:F8:49,-64,1598605138256
0,16,D0:F0:18:43:F8:49,-71,1598605138760
0,17,D0:F0:18:43:F8:33,-74,1598605139266
1,18,D0:F0:18:43:F8:49,-70,1598605139269
0,19,D0:F0:18:43:F8:49,-65,1598605139772
0,20,D0:F0:18:43:F8:49,-71,1598605140278
0,21,D0:F0:18:43:F8:33,-76,1598605140784
1,22,D0:F0:18:43:F8:49,-64,1598605140790
0,23,D0:F0:18:43:F8:49,-64,1598605141290
0,24,D0:F0:18:43:F8:33,-77,1598605141797
1,25,D0:F0:18:43:F8:2F,-86,1598605141800
2,26,D0:F0:18:43:F8:49,-70,1598605141802
0,27,D0:F0:18:43:F8:33,-85,1598605142303
1,28,D0:F0:18:43:F8:49,-63,1598605142308
0,29,D0:F0:18:43:F8:49,-70,1598605142809
0,30,D0:F0:18:43:F8:33,-79,1598605143315
1,31,D0:F0:18:43:F8:49,-70,1598605143317
0,32,D0:F0:18:43:F8:33,-85,1598605143822
1,33,D0:F0:18:43:F8:2F,-87,1598605143824
2,34,D0:F0:18:43:F8:49,-64,1598605143826
0,35,D0:F0:18:43:F8:49,-71,1598605144328
0,36,D0:F0:18:43:F8:33,-76,1598605144834
1,37,D0:F0:18:43:F8:49,-65,1598605144837
0,38,D0:F0:18:43:F8:49,-64,1598605145340
0,39,D0:F0:18:43:F8:33,-77,1598605145846
1,40,D0:F0:18:43:F8:49,-71,1598605145849
0,41,D0:F0:18:43:F8:2F,-87,1598605146353
1,42,D0:F0:18:43:F8:49,-64,1598605146356
0,43,D0:F0:18:43:F8:2F,-87,1598605146859
0,44,D0:F0:18:43:F8:49,-64,1598605147365
0,45,D0:F0:18:43:F8:33,-76,1598605147871
1,46,D0:F0:18:43:F8:2F,-89,1598605147874
0,47,D0:F0:18:43:F8:33,-85,1598605148376
1,48,D0:F0:18:43:F8:49,-71,1598605148379
0,49,D0:F0:18:43:F8:49,-63,1598605148882
0,50,D0:F0:18:43:F8:33,-77,1598605149388
1,51,D0:F0:18:43:F8:2F,-86,1598605149391
2,52,D0:F0:18:43:F8:49,-70,1598605149392
0,53,D0:F0:18:43:F8:2F,-86,1598605149894
1,54,D0:F0:18:43:F8:49,-64,1598605149897
0,55,D0:F0:18:43:F8:33,-77,1598605150401
1,56,D0:F0:18:43:F8:2F,-86,1598605150405
2,57,D0:F0:18:43:F8:49,-68,1598605150406
0,58,D0:F0:18:43:F8:2F,-88,1598605150906
1,59,D0:F0:18:43:F8:49,-64,1598605150910
0,60,D0:F0:18:43:F8:33,-76,1598605151412
1,61,D0:F0:18:43:F8:49,-64,1598605151415
0,62,D0:F0:18:43:F8:49,-71,1598605151920
0,63,D0:F0:18:43:F8:33,-76,1598605152428
1,64,D0:F0:18:43:F8:49,-64,1598605152432
0,65,D0:F0:18:43:F8:33,-77,1598605152934
1,66,D0:F0:18:43:F8:49,-70,1598605152937
0,67,D0:F0:18:43:F8:2F,-86,1598605153441
1,68,D0:F0:18:43:F8:49,-70,1598605153444
0,69,D0:F0:18:43:F8:33,-85,1598605153951
1,70,D0:F0:18:43:F8:49,-65,1598605153954
0,71,D0:F0:18:43:F8:33,-79,1598605154460
1,72,D0:F0:18:43:F8:49,-70,1598605154463
0,73,D0:F0:18:43:F8:33,-85,1598605154968
1,74,D0:F0:18:43:F8:49,-64,1598605154971
0,75,D0:F0:18:43:F8:49,-71,1598605155474
0,76,D0:F0:18:43:F8:33,-77,1598605155979
0,77,D0:F0:18:43:F8:33,-85,1598605156485
1,78,D0:F0:18:43:F8:2F,-86,1598605156488
2,79,D0:F0:18:43:F8:49,-71,1598605156490
0,80,D0:F0:18:43:F8:49,-64,1598605156991
0,81,D0:F0:18:43:F8:33,-87,1598605157498
1,82,D0:F0:18:43:F8:2F,-86,1598605157500
2,83,D0:F0:18:43:F8:49,-64,1598605157501
0,84,D0:F0:18:43:F8:33,-79,1598605158004
1,85,D0:F0:18:43:F8:2F,-86,1598605158007
2,86,D0:F0:18:43:F8:49,-71,1598605158008
0,87,D0:F0:18:43:F8:33,-85,1598605158512
1,88,D0:F0:18:43:F8:2F,-86,1598605158514
2,89,D0:F0:18:43:F8:49,-64,1598605158515
0,0,D0:F0:18:43:F8:2F,-85,1598605164587
1,1,D0:F0:18:43:F8:49,-73,1598605164592
0,2,D0:F0:18:43:F8:33,-82,1598605165093
1,3,D0:F0:18:43:F8:2F,-81,1598605165096
2,4,D0:F0:18:43:F8:49,-76,1598605165097
0,5,D0:F0:18:43:F8:2F,-84,1598605165600
1,6,D0:F0:18:43:F8:49,-76,1598605165602
0,7,D0:F0:18:43:F8:33,-82,1598605166107
1,8,D0:F0:18:43:F8:49,-77,1598605166111
0,9,D0:F0:18:43:F8:2F,-78,1598605166614
1,10,D0:F0:18:43:F8:49,-79,1598605166616
0,11,D0:F0:18:43:F8:2F,-80,1598605167626
1,12,D0:F0:18:43:F8:49,-77,1598605167629
0,13,D0:F0:18:43:F8:33,-86,1598605168132
1,14,D0:F0:18:43:F8:2F,-84,1598605168134
0,15,D0:F0:18:43:F8:49,-77,1598605168638
0,16,D0:F0:18:43:F8:2F,-79,1598605169144
1,17,D0:F0:18:43:F8:49,-77,1598605169146
0,18,D0:F0:18:43:F8:33,-86,1598605169650
1,19,D0:F0:18:43:F8:2F,-83,1598605169652
2,20,D0:F0:18:43:F8:49,-77,1598605169653
0,21,D0:F0:18:43:F8:33,-86,1598605170662
1,22,D0:F0:18:43:F8:2F,-82,1598605170664
2,23,D0:F0:18:43:F8:49,-83,1598605170665
0,24,D0:F0:18:43:F8:49,-77,1598605171167
0,25,D0:F0:18:43:F8:2F,-81,1598605171673
1,26,D0:F0:18:43:F8:49,-76,1598605171675
0,27,D0:F0:18:43:F8:49,-76,1598605172179
0,28,D0:F0:18:43:F8:33,-85,1598605172685
1,29,D0:F0:18:43:F8:2F,-81,1598605172688
2,30,D0:F0:18:43:F8:49,-78,1598605172689
0,31,D0:F0:18:43:F8:33,-84,1598605173190
1,32,D0:F0:18:43:F8:49,-81,1598605173191
0,33,D0:F0:18:43:F8:33,-84,1598605173696
1,34,D0:F0:18:43:F8:49,-76,1598605173698
0,35,D0:F0:18:43:F8:33,-86,1598605174202
1,36,D0:F0:18:43:F8:2F,-80,1598605174205
2,37,D0:F0:18:43:F8:49,-76,1598605174206
0,38,D0:F0:18:43:F8:33,-84,1598605174709
1,39,D0:F0:18:43:F8:49,-76,1598605174711
0,40,D0:F0:18:43:F8:2F,-82,1598605175219
1,41,D0:F0:18:43:F8:49,-77,1598605175222
0,42,D0:F0:18:43:F8:2F,-85,1598605175724
1,43,D0:F0:18:43:F8:49,-81,1598605175726
0,44,D0:F0:18:43:F8:33,-85,1598605176230
1,45,D0:F0:18:43:F8:49,-81,1598605176232
0,46,D0:F0:18:43:F8:2F,-80,1598605176736
1,47,D0:F0:18:43:F8:49,-76,1598605176738
0,48,D0:F0:18:43:F8:33,-85,1598605177242
1,49,D0:F0:18:43:F8:49,-81,1598605177246
0,50,D0:F0:18:43:F8:49,-78,1598605177748
0,51,D0:F0:18:43:F8:33,-84,1598605178254
1,52,D0:F0:18:43:F8:2F,-80,1598605178256
2,53,D0:F0:18:43:F8:49,-77,1598605178257
0,54,D0:F0:18:43:F8:49,-80,1598605178760
0,55,D0:F0:18:43:F8:49,-77,1598605179266
0,56,D0:F0:18:43:F8:33,-82,1598605179772
1,57,D0:F0:18:43:F8:49,-81,1598605179774
0,58,D0:F0:18:43:F8:49,-81,1598605180278
0,59,D0:F0:18:43:F8:33,-82,1598605180784
1,60,D0:F0:18:43:F8:49,-81,1598605180786
0,61,D0:F0:18:43:F8:2F,-82,1598605181290
1,62,D0:F0:18:43:F8:49,-76,1598605181292
0,63,D0:F0:18:43:F8:2F,-82,1598605181796
1,64,D0:F0:18:43:F8:49,-77,1598605181799
0,65,D0:F0:18:43:F8:49,-76,1598605182303
0,66,D0:F0:18:43:F8:2F,-77,1598605182809
1,67,D0:F0:18:43:F8:49,-77,1598605182811
0,68,D0:F0:18:43:F8:2F,-83,1598605183315
1,69,D0:F0:18:43:F8:49,-83,1598605183317
0,70,D0:F0:18:43:F8:33,-85,1598605183821
1,71,D0:F0:18:43:F8:2F,-77,1598605183823
2,72,D0:F0:18:43:F8:49,-76,1598605183824
0,73,D0:F0:18:43:F8:49,-75,1598605184328
0,74,D0:F0:18:43:F8:33,-79,1598605184833
0,75,D0:F0:18:43:F8:2F,-78,1598605185340
1,76,D0:F0:18:43:F8:49,-76,1598605185342
0,77,D0:F0:18:43:F8:33,-85,1598605185845
1,78,D0:F0:18:43:F8:49,-82,1598605185847
0,79,D0:F0:18:43:F8:49,-76,1598605186351
0,80,D0:F0:18:43:F8:2F,-82,1598605186857
1,81,D0:F0:18:43:F8:49,-74,1598605186859
0,82,D0:F0:18:43:F8:2F,-83,1598605187365
1,83,D0:F0:18:43:F8:49,-83,1598605187367
0,84,D0:F0:18:43:F8:49,-76,1598605187871
0,85,D0:F0:18:43:F8:2F,-79,1598605188375
0,86,D0:F0:18:43:F8:2F,-80,1598605188881
1,87,D0:F0:18:43:F8:49,-76,1598605188883
0,88,D0:F0:18:43:F8:2F,-84,1598605189387
1,89,D0:F0:18:43:F8:49,-78,1598605189389
0,0,D0:F0:18:43:F8:33,-80,1598605200013
1,1,D0:F0:18:43:F8:2F,-83,1598605200015
2,2,D0:F0:18:43:F8:49,-74,1598605200016
0,3,D0:F0:18:43:F8:49,-71,1598605200519
0,4,D0:F0:18:43:F8:33,-77,1598605201025
1,5,D0:F0:18:43:F8:2F,-76,1598605201027
2,6,D0:F0:18:43:F8:49,-72,1598605201028
0,7,D0:F0:18:43:F8:49,-75,1598605201530
0,8,D0:F0:18:43:F8:49,-75,1598605202035
0,9,D0:F0:18:43:F8:33,-77,1598605202542
1,10,D0:F0:18:43:F8:49,-72,1598605202544
0,11,D0:F0:18:43:F8:33,-79,1598605203048
1,12,D0:F0:18:43:F8:2F,-84,1598605203050
2,13,D0:F0:18:43:F8:49,-70,1598605203051
0,14,D0:F0:18:43:F8:33,-82,1598605203555
1,15,D0:F0:18:43:F8:2F,-77,1598605203557
2,16,D0:F0:18:43:F8:49,-70,1598605203557
0,17,D0:F0:18:43:F8:33,-77,1598605204061
1,18,D0:F0:18:43:F8:2F,-84,1598605204063
2,19,D0:F0:18:43:F8:49,-75,1598605204064
0,20,D0:F0:18:43:F8:2F,-84,1598605204566
1,21,D0:F0:18:43:F8:49,-72,1598605204569
0,22,D0:F0:18:43:F8:33,-77,1598605205073
1,23,D0:F0:18:43:F8:2F,-83,1598605205075
2,24,D0:F0:18:43:F8:49,-70,1598605205076
0,25,D0:F0:18:43:F8:33,-83,1598605205579
1,26,D0:F0:18:43:F8:49,-75,1598605205581
0,27,D0:F0:18:43:F8:2F,-77,1598605206085
1,28,D0:F0:18:43:F8:49,-72,1598605206088
0,29,D0:F0:18:43:F8:33,-82,1598605206592
1,30,D0:F0:18:43:F8:2F,-77,1598605206594
2,31,D0:F0:18:43:F8:49,-75,1598605206595
0,32,D0:F0:18:43:F8:49,-75,1598605207097
0,33,D0:F0:18:43:F8:33,-77,1598605207604
1,34,D0:F0:18:43:F8:2F,-84,1598605207606
2,35,D0:F0:18:43:F8:49,-70,1598605207607
0,36,D0:F0:18:43:F8:33,-82,1598605208110
1,37,D0:F0:18:43:F8:2F,-77,1598605208113
2,38,D0:F0:18:43:F8:49,-75,1598605208114
0,39,D0:F0:18:43:F8:33,-77,1598605208616
1,40,D0:F0:18:43:F8:2F,-83,1598605208618
2,41,D0:F0:18:43:F8:49,-73,1598605208619
0,42,D0:F0:18:43:F8:33,-77,1598605209122
1,43,D0:F0:18:43:F8:2F,-84,1598605209124
2,44,D0:F0:18:43:F8:49,-75,1598605209125
0,45,D0:F0:18:43:F8:33,-83,1598605209628
1,46,D0:F0:18:43:F8:2F,-77,1598605209630
2,47,D0:F0:18:43:F8:49,-75,1598605209631
0,48,D0:F0:18:43:F8:33,-77,1598605210134
1,49,D0:F0:18:43:F8:49,-70,1598605210136
0,50,D0:F0:18:43:F8:2F,-77,1598605210640
1,51,D0:F0:18:43:F8:49,-75,1598605210642
0,52,D0:F0:18:43:F8:33,-82,1598605211146
1,53,D0:F0:18:43:F8:2F,-77,1598605211148
2,54,D0:F0:18:43:F8:49,-72,1598605211149
0,55,D0:F0:18:43:F8:33,-82,1598605211653
1,56,D0:F0:18:43:F8:2F,-84,1598605211656
2,57,D0:F0:18:43:F8:49,-70,1598605211658
0,58,D0:F0:18:43:F8:33,-77,1598605212159
1,59,D0:F0:18:43:F8:2F,-76,1598605212162
2,60,D0:F0:18:43:F8:49,-75,1598605212163
0,61,D0:F0:18:43:F8:33,-77,1598605212666
1,62,D0:F0:18:43:F8:2F,-83,1598605212669
2,63,D0:F0:18:43:F8:49,-72,1598605212671
0,64,D0:F0:18:43:F8:33,-77,1598605213173
1,65,D0:F0:18:43:F8:2F,-77,1598605213175
2,66,D0:F0:18:43:F8:49,-75,1598605213176
0,67,D0:F0:18:43:F8:2F,-76,1598605213679
1,68,D0:F0:18:43:F8:49,-72,1598605213681
0,69,D0:F0:18:43:F8:33,-83,1598605214185
1,70,D0:F0:18:43:F8:2F,-84,1598605214187
0,71,D0:F0:18:43:F8:49,-72,1598605214689
0,72,D0:F0:18:43:F8:33,-77,1598605215196
1,73,D0:F0:18:43:F8:2F,-83,1598605215197
2,74,D0:F0:18:43:F8:49,-70,1598605215198
0,75,D0:F0:18:43:F8:33,-77,1598605215703
1,76,D0:F0:18:43:F8:2F,-83,1598605215705
2,77,D0:F0:18:43:F8:49,-72,1598605215706
0,78,D0:F0:18:43:F8:2F,-77,1598605216209
1,79,D0:F0:18:43:F8:49,-72,1598605216211
0,80,D0:F0:18:43:F8:33,-77,1598605216716
1,81,D0:F0:18:43:F8:2F,-77,1598605216719
2,82,D0:F0:18:43:F8:49,-75,1598605216720
0,83,D0:F0:18:43:F8:33,-77,1598605217729
1,84,D0:F0:18:43:F8:2F,-83,1598605217731
2,85,D0:F0:18:43:F8:49,-70,1598605217732
0,86,D0:F0:18:43:F8:33,-77,1598605218235
1,87,D0:F0:18:43:F8:2F,-77,1598605218237
0,88,D0:F0:18:43:F8:33,-82,1598605218742
1,89,D0:F0:18:43:F8:2F,-83,1598605218744
0,0,D0:F0:18:43:F8:33,-78,1598605541507
0,1,D0:F0:18:43:F8:2F,-77,1598605542013
1,2,D0:F0:18:43:F8:49,-71,1598605542015
0,3,D0:F0:18:43:F8:33,-78,1598605542521
1,4,D0:F0:18:43:F8:2F,-74,1598605542523
2,5,D0:F0:18:43:F8:49,-71,1598605542524
0,6,D0:F0:18:43:F8:33,-79,1598605543026
1,7,D0:F0:18:43:F8:49,-73,1598605543028
0,8,D0:F0:18:43:F8:33,-86,1598605543533
1,9,D0:F0:18:43:F8:2F,-77,1598605543535
2,10,D0:F0:18:43:F8:49,-71,1598605543536
0,11,D0:F0:18:43:F8:33,-78,1598605544041
1,12,D0:F0:18:43:F8:2F,-77,1598605544043
2,13,D0:F0:18:43:F8:49,-71,1598605544043
0,14,D0:F0:18:43:F8:33,-86,1598605544544
1,15,D0:F0:18:43:F8:2F,-81,1598605544545
2,16,D0:F0:18:43:F8:49,-73,1598605544546
0,17,D0:F0:18:43:F8:2F,-76,1598605545051
1,18,D0:F0:18:43:F8:49,-70,1598605545053
0,19,D0:F0:18:43:F8:33,-77,1598605545558
1,20,D0:F0:18:43:F8:2F,-80,1598605545560
2,21,D0:F0:18:43:F8:49,-73,1598605545561
0,22,D0:F0:18:43:F8:2F,-76,1598605546064
1,23,D0:F0:18:43:F8:49,-70,1598605546066
0,24,D0:F0:18:43:F8:2F,-77,1598605546571
1,25,D0:F0:18:43:F8:49,-71,1598605546573
0,26,D0:F0:18:43:F8:2F,-80,1598605547077
1,27,D0:F0:18:43:F8:49,-73,1598605547079
0,28,D0:F0:18:43:F8:33,-79,1598605547583
1,29,D0:F0:18:43:F8:2F,-76,1598605547585
2,30,D0:F0:18:43:F8:49,-70,1598605547586
0,31,D0:F0:18:43:F8:33,-77,1598605548091
1,32,D0:F0:18:43:F8:2F,-77,1598605548093
2,33,D0:F0:18:43:F8:49,-73,1598605548094
0,34,D0:F0:18:43:F8:33,-79,1598605548596
1,35,D0:F0:18:43:F8:2F,-80,1598605548598
0,36,D0:F0:18:43:F8:33,-77,1598605549102
1,37,D0:F0:18:43:F8:2F,-76,1598605549104
2,38,D0:F0:18:43:F8:49,-70,1598605549105
0,39,D0:F0:18:43:F8:33,-87,1598605549608
1,40,D0:F0:18:43:F8:2F,-77,1598605549610
2,41,D0:F0:18:43:F8:49,-70,1598605549611
0,42,D0:F0:18:43:F8:33,-79,1598605550114
0,43,D0:F0:18:43:F8:33,-77,1598605550621
1,44,D0:F0:18:43:F8:2F,-80,1598605550622
2,45,D0:F0:18:43:F8:49,-73,1598605550623
0,46,D0:F0:18:43:F8:33,-79,1598605551127
1,47,D0:F0:18:43:F8:2F,-76,1598605551129
2,48,D0:F0:18:43:F8:49,-70,1598605551130
0,49,D0:F0:18:43:F8:33,-79,1598605551633
1,50,D0:F0:18:43:F8:2F,-77,1598605551635
2,51,D0:F0:18:43:F8:49,-71,1598605551636
0,52,D0:F0:18:43:F8:33,-77,1598605552140
1,53,D0:F0:18:43:F8:2F,-76,1598605552143
2,54,D0:F0:18:43:F8:49,-71,1598605552145
0,55,D0:F0:18:43:F8:2F,-76,1598605552646
1,56,D0:F0:18:43:F8:49,-71,1598605552648
0,57,D0:F0:18:43:F8:33,-77,1598605553152
1,58,D0:F0:18:43:F8:2F,-77,1598605553154
2,59,D0:F0:18:43:F8:49,-73,1598605553155
0,60,D0:F0:18:43:F8:33,-79,1598605553657
1,61,D0:F0:18:43:F8:49,-70,1598605553660
0,62,D0:F0:18:43:F8:33,-77,1598605554164
1,63,D0:F0:18:43:F8:2F,-80,1598605554166
2,64,D0:F0:18:43:F8:49,-71,1598605554167
0,65,D0:F0:18:43:F8:33,-79,1598605554670
1,66,D0:F0:18:43:F8:49,-73,1598605554672
0,67,D0:F0:18:43:F8:33,-79,1598605555177
1,68,D0:F0:18:43:F8:2F,-76,1598605555179
2,69,D0:F0:18:43:F8:49,-70,1598605555180
0,70,D0:F0:18:43:F8:33,-87,1598605555683
1,71,D0:F0:18:43:F8:2F,-77,1598605555685
2,72,D0:F0:18:43:F8:49,-73,1598605555686
0,73,D0:F0:18:43:F8:33,-79,1598605556191
1,74,D0:F0:18:43:F8:2F,-80,1598605556193
2,75,D0:F0:18:43:F8:49,-70,1598605556194
0,76,D0:F0:18:43:F8:33,-79,1598605556696
1,77,D0:F0:18:43:F8:2F,-77,1598605556698
2,78,D0:F0:18:43:F8:49,-71,1598605556699
0,79,D0:F0:18:43:F8:33,-79,1598605557203
1,80,D0:F0:18:43:F8:49,-73,1598605557204
0,81,D0:F0:18:43:F8:33,-77,1598605557709
1,82,D0:F0:18:43:F8:2F,-76,1598605557711
2,83,D0:F0:18:43:F8:49,-71,1598605557711
0,84,D0:F0:18:43:F8:2F,-77,1598605558215
1,85,D0:F0:18:43:F8:49,-71,1598605558217
0,86,D0:F0:18:43:F8:33,-77,1598605558718
1,87,D0:F0:18:43:F8:2F,-77,1598605558719
2,88,D0:F0:18:43:F8:49,-71,1598605558720
0,89,D0:F0:18:43:F8:33,-77,1598605559222
0,0,D0:F0:18:43:F8:33,-80,1598605570869
1,1,D0:F0:18:43:F8:2F,-74,1598605570871
0,2,D0:F0:18:43:F8:33,-77,1598605571375
1,3,D0:F0:18:43:F8:2F,-76,1598605571377
2,4,D0:F0:18:43:F8:49,-71,1598605571378
0,5,D0:F0:18:43:F8:2F,-79,1598605571877
1,6,D0:F0:18:43:F8:49,-74,1598605571878
0,7,D0:F0:18:43:F8:33,-86,1598605572385
1,8,D0:F0:18:43:F8:2F,-76,1598605572386
2,9,D0:F0:18:43:F8:49,-71,1598605572387
0,10,D0:F0:18:43:F8:33,-82,1598605572891
1,11,D0:F0:18:43:F8:2F,-80,1598605572893
2,12,D0:F0:18:43:F8:49,-75,1598605572893
0,13,D0:F0:18:43:F8:33,-81,1598605573398
1,14,D0:F0:18:43:F8:2F,-73,1598605573400
2,15,D0:F0:18:43:F8:49,-71,1598605573400
0,16,D0:F0:18:43:F8:2F,-77,1598605573904
1,17,D0:F0:18:43:F8:49,-71,1598605573906
0,18,D0:F0:18:43:F8:33,-83,1598605574410
1,19,D0:F0:18:43:F8:2F,-82,1598605574412
2,20,D0:F0:18:43:F8:49,-74,1598605574413
0,21,D0:F0:18:43:F8:33,-81,1598605574917
1,22,D0:F0:18:43:F8:2F,-73,1598605574919
2,23,D0:F0:18:43:F8:49,-72,1598605574920
0,24,D0:F0:18:43:F8:33,-84,1598605575420
1,25,D0:F0:18:43:F8:2F,-77,1598605575421
0,26,D0:F0:18:43:F8:33,-82,1598605575926
0,27,D0:F0:18:43:F8:2F,-81,1598605576431
0,28,D0:F0:18:43:F8:33,-85,1598605576935
1,29,D0:F0:18:43:F8:49,-72,1598605576936
0,30,D0:F0:18:43:F8:33,-82,1598605577442
1,31,D0:F0:18:43:F8:2F,-77,1598605577443
2,32,D0:F0:18:43:F8:49,-71,1598605577444
0,33,D0:F0:18:43:F8:33,-83,1598605577947
1,34,D0:F0:18:43:F8:49,-75,1598605577949
0,35,D0:F0:18:43:F8:33,-83,1598605578451
1,36,D0:F0:18:43:F8:2F,-73,1598605578453
2,37,D0:F0:18:43:F8:49,-72,1598605578453
0,38,D0:F0:18:43:F8:33,-83,1598605578957
1,39,D0:F0:18:43:F8:2F,-80,1598605578958
2,40,D0:F0:18:43:F8:49,-74,1598605578959
0,41,D0:F0:18:43:F8:49,-74,1598605579461
0,42,D0:F0:18:43:F8:33,-80,1598605579965
1,43,D0:F0:18:43:F8:49,-71,1598605579966
0,44,D0:F0:18:43:F8:33,-80,1598605580472
1,45,D0:F0:18:43:F8:2F,-76,1598605580473
2,46,D0:F0:18:43:F8:49,-74,1598605580474
0,47,D0:F0:18:43:F8:33,-80,1598605580977
0,48,D0:F0:18:43:F8:2F,-77,1598605581987
1,49,D0:F0:18:43:F8:49,-75,1598605581989
0,50,D0:F0:18:43:F8:33,-80,1598605582495
1,51,D0:F0:18:43:F8:2F,-74,1598605582496
2,52,D0:F0:18:43:F8:49,-72,1598605582497
0,53,D0:F0:18:43:F8:2F,-77,1598605583000
1,54,D0:F0:18:43:F8:49,-75,1598605583002
0,55,D0:F0:18:43:F8:33,-81,1598605583507
1,56,D0:F0:18:43:F8:2F,-74,1598605583509
2,57,D0:F0:18:43:F8:49,-73,1598605583510
0,58,D0:F0:18:43:F8:33,-84,1598605584013
1,59,D0:F0:18:43:F8:2F,-80,1598605584015
2,60,D0:F0:18:43:F8:49,-71,1598605584016
0,61,D0:F0:18:43:F8:33,-83,1598605584519
1,62,D0:F0:18:43:F8:2F,-77,1598605584521
2,63,D0:F0:18:43:F8:49,-75,1598605584522
0,64,D0:F0:18:43:F8:33,-82,1598605585025
1,65,D0:F0:18:43:F8:2F,-74,1598605585028
2,66,D0:F0:18:43:F8:49,-72,1598605585029
0,67,D0:F0:18:43:F8:33,-80,1598605585531
1,68,D0:F0:18:43:F8:2F,-80,1598605585533
2,69,D0:F0:18:43:F8:49,-74,1598605585534
0,70,D0:F0:18:43:F8:33,-81,1598605586037
1,71,D0:F0:18:43:F8:2F,-80,1598605586039
2,72,D0:F0:18:43:F8:49,-74,1598605586040
0,73,D0:F0:18:43:F8:2F,-77,1598605586543
1,74,D0:F0:18:43:F8:49,-71,1598605586545
0,75,D0:F0:18:43:F8:33,-83,1598605587050
1,76,D0:F0:18:43:F8:2F,-82,1598605587051
2,77,D0:F0:18:43:F8:49,-74,1598605587052
0,78,D0:F0:18:43:F8:2F,-74,1598605587556
1,79,D0:F0:18:43:F8:49,-72,1598605587557
0,80,D0:F0:18:43:F8:33,-80,1598605588063
1,81,D0:F0:18:43:F8:2F,-77,1598605588065
2,82,D0:F0:18:43:F8:49,-74,1598605588066
0,83,D0:F0:18:43:F8:2F,-80,1598605588569
1,84,D0:F0:18:43:F8:49,-74,1598605588570
0,85,D0:F0:18:43:F8:33,-82,1598605589075
1,86,D0:F0:18:43:F8:2F,-77,1598605589077
2,87,D0:F0:18:43:F8:49,-71,1598605589077
0,88,D0:F0:18:43:F8:2F,-81,1598605589581
1,89,D0:F0:18:43:F8:49,-74,1598605589583
0,0,D0:F0:18:43:F8:33,-78,1598605594435
1,1,D0:F0:18:43:F8:2F,-84,1598605594438
2,2,D0:F0:18:43:F8:49,-71,1598605594439
0,3,D0:F0:18:43:F8:33,-79,1598605594941
1,4,D0:F0:18:43:F8:49,-71,1598605594943
0,5,D0:F0:18:43:F8:33,-78,1598605595446
1,6,D0:F0:18:43:F8:2F,-73,1598605595448
2,7,D0:F0:18:43:F8:49,-74,1598605595449
0,8,D0:F0:18:43:F8:2F,-77,1598605595952
1,9,D0:F0:18:43:F8:49,-72,1598605595954
0,10,D0:F0:18:43:F8:2F,-81,1598605596457
1,11,D0:F0:18:43:F8:49,-71,1598605596459
0,12,D0:F0:18:43:F8:33,-80,1598605596962
1,13,D0:F0:18:43:F8:2F,-79,1598605596964
2,14,D0:F0:18:43:F8:49,-74,1598605596965
0,15,D0:F0:18:43:F8:2F,-79,1598605597468
1,16,D0:F0:18:43:F8:49,-72,1598605597470
0,17,D0:F0:18:43:F8:33,-84,1598605597973
1,18,D0:F0:18:43:F8:2F,-78,1598605597975
2,19,D0:F0:18:43:F8:49,-74,1598605597976
0,20,D0:F0:18:43:F8:33,-84,1598605598480
1,21,D0:F0:18:43:F8:2F,-77,1598605598481
2,22,D0:F0:18:43:F8:49,-72,1598605598482
0,23,D0:F0:18:43:F8:2F,-74,1598605598985
1,24,D0:F0:18:43:F8:49,-71,1598605598987
0,25,D0:F0:18:43:F8:33,-86,1598605599490
1,26,D0:F0:18:43:F8:2F,-80,1598605599491
2,27,D0:F0:18:43:F8:49,-72,1598605599492
0,28,D0:F0:18:43:F8:2F,-77,1598605599995
1,29,D0:F0:18:43:F8:49,-72,1598605599997
0,30,D0:F0:18:43:F8:33,-80,1598605600500
1,31,D0:F0:18:43:F8:2F,-74,1598605600502
2,32,D0:F0:18:43:F8:49,-75,1598605600503
0,33,D0:F0:18:43:F8:2F,-79,1598605601006
1,34,D0:F0:18:43:F8:49,-72,1598605601008
0,35,D0:F0:18:43:F8:2F,-74,1598605601512
1,36,D0:F0:18:43:F8:49,-75,1598605601513
0,37,D0:F0:18:43:F8:33,-82,1598605602018
1,38,D0:F0:18:43:F8:2F,-80,1598605602019
2,39,D0:F0:18:43:F8:49,-72,1598605602020
0,40,D0:F0:18:43:F8:2F,-76,1598605602523
1,41,D0:F0:18:43:F8:49,-71,1598605602525
0,42,D0:F0:18:43:F8:33,-83,1598605603031
1,43,D0:F0:18:43:F8:2F,-74,1598605603033
2,44,D0:F0:18:43:F8:49,-72,1598605603033
0,45,D0:F0:18:43:F8:33,-86,1598605603536
1,46,D0:F0:18:43:F8:2F,-77,1598605603538
2,47,D0:F0:18:43:F8:49,-74,1598605603539
0,48,D0:F0:18:43:F8:33,-85,1598605604043
1,49,D0:F0:18:43:F8:2F,-77,1598605604044
2,50,D0:F0:18:43:F8:49,-74,1598605604045
0,51,D0:F0:18:43:F8:2F,-80,1598605604548
1,52,D0:F0:18:43:F8:49,-72,1598605604550
0,53,D0:F0:18:43:F8:2F,-78,1598605605053
1,54,D0:F0:18:43:F8:49,-75,1598605605055
0,55,D0:F0:18:43:F8:33,-82,1598605605559
1,56,D0:F0:18:43:F8:2F,-74,1598605605562
2,57,D0:F0:18:43:F8:49,-72,1598605605563
0,58,D0:F0:18:43:F8:33,-85,1598605606064
0,59,D0:F0:18:43:F8:2F,-78,1598605606570
1,60,D0:F0:18:43:F8:49,-74,1598605606571
0,61,D0:F0:18:43:F8:33,-82,1598605607075
1,62,D0:F0:18:43:F8:2F,-80,1598605607077
2,63,D0:F0:18:43:F8:49,-71,1598605607078
0,64,D0:F0:18:43:F8:33,-84,1598605607581
0,65,D0:F0:18:43:F8:33,-85,1598605608087
1,66,D0:F0:18:43:F8:2F,-82,1598605608088
2,67,D0:F0:18:43:F8:49,-72,1598605608089
0,68,D0:F0:18:43:F8:2F,-77,1598605608592
1,69,D0:F0:18:43:F8:49,-71,1598605608594
0,70,D0:F0:18:43:F8:2F,-74,1598605609098
1,71,D0:F0:18:43:F8:49,-75,1598605609101
0,72,D0:F0:18:43:F8:33,-81,1598605609604
1,73,D0:F0:18:43:F8:2F,-78,1598605609606
2,74,D0:F0:18:43:F8:49,-72,1598605609607
0,75,D0:F0:18:43:F8:2F,-79,1598605610109
1,76,D0:F0:18:43:F8:49,-75,1598605610111
0,77,D0:F0:18:43:F8:2F,-74,1598605610616
1,78,D0:F0:18:43:F8:49,-72,1598605610617
0,79,D0:F0:18:43:F8:2F,-77,1598605611122
1,80,D0:F0:18:43:F8:49,-74,1598605611123
0,81,D0:F0:18:43:F8:33,-84,1598605611627
1,82,D0:F0:18:43:F8:2F,-77,1598605611629
0,83,D0:F0:18:43:F8:2F,-79,1598605612133
1,84,D0:F0:18:43:F8:49,-72,1598605612134
0,85,D0:F0:18:43:F8:33,-86,1598605612640
1,86,D0:F0:18:43:F8:2F,-78,1598605612641
2,87,D0:F0:18:43:F8:49,-71,1598605612642
0,88,D0:F0:18:43:F8:2F,-74,1598605613651
1,89,D0:F0:18:43:F8:49,-75,1598605613652
0,0,D0:F0:18:43:F8:33,-80,1598605624782
1,1,D0:F0:18:43:F8:2F,-79,1598605624783
2,2,D0:F0:18:43:F8:49,-71,1598605624784
0,3,D0:F0:18:43:F8:33,-82,1598605625289
1,4,D0:F0:18:43:F8:2F,-81,1598605625291
2,5,D0:F0:18:43:F8:49,-71,1598605625292
0,6,D0:F0:18:43:F8:33,-84,1598605625795
1,7,D0:F0:18:43:F8:2F,-76,1598605625797
2,8,D0:F0:18:43:F8:49,-71,1598605625798
0,9,D0:F0:18:43:F8:33,-77,1598605626301
1,10,D0:F0:18:43:F8:2F,-77,1598605626303
0,11,D0:F0:18:43:F8:33,-76,1598605626805
1,12,D0:F0:18:43:F8:2F,-77,1598605626806
2,13,D0:F0:18:43:F8:49,-70,1598605626806
0,14,D0:F0:18:43:F8:33,-77,1598605627312
1,15,D0:F0:18:43:F8:2F,-78,1598605627313
2,16,D0:F0:18:43:F8:49,-73,1598605627314
0,17,D0:F0:18:43:F8:33,-75,1598605627818
1,18,D0:F0:18:43:F8:2F,-77,1598605627820
2,19,D0:F0:18:43:F8:49,-71,1598605627820
0,20,D0:F0:18:43:F8:33,-77,1598605628324
1,21,D0:F0:18:43:F8:2F,-77,1598605628326
2,22,D0:F0:18:43:F8:49,-73,1598605628327
0,23,D0:F0:18:43:F8:33,-79,1598605628831
1,24,D0:F0:18:43:F8:2F,-79,1598605628832
2,25,D0:F0:18:43:F8:49,-70,1598605628833
0,26,D0:F0:18:43:F8:33,-77,1598605629336
1,27,D0:F0:18:43:F8:49,-71,1598605629338
0,28,D0:F0:18:43:F8:2F,-78,1598605629842
0,29,D0:F0:18:43:F8:33,-76,1598605630348
1,30,D0:F0:18:43:F8:2F,-77,1598605630349
2,31,D0:F0:18:43:F8:49,-71,1598605630350
0,32,D0:F0:18:43:F8:33,-76,1598605630854
1,33,D0:F0:18:43:F8:2F,-77,1598605630856
2,34,D0:F0:18:43:F8:49,-70,1598605630857
0,35,D0:F0:18:43:F8:2F,-77,1598605631361
1,36,D0:F0:18:43:F8:49,-70,1598605631362
0,37,D0:F0:18:43:F8:2F,-77,1598605631867
1,38,D0:F0:18:43:F8:49,-71,1598605631869
0,39,D0:F0:18:43:F8:2F,-80,1598605632371
1,40,D0:F0:18:43:F8:49,-74,1598605632373
0,41,D0:F0:18:43:F8:33,-76,1598605632878
1,42,D0:F0:18:43:F8:2F,-77,1598605632880
2,43,D0:F0:18:43:F8:49,-71,1598605632881
0,44,D0:F0:18:43:F8:2F,-78,1598605633384
1,45,D0:F0:18:43:F8:49,-71,1598605633385
0,46,D0:F0:18:43:F8:33,-77,1598605633890
1,47,D0:F0:18:43:F8:2F,-80,1598605633891
2,48,D0:F0:18:43:F8:49,-71,1598605633892
0,49,D0:F0:18:43:F8:49,-71,1598605634395
0,50,D0:F0:18:43:F8:33,-80,1598605634903
1,51,D0:F0:18:43:F8:2F,-80,1598605634904
2,52,D0:F0:18:43:F8:49,-71,1598605634905
0,53,D0:F0:18:43:F8:33,-76,1598605635408
1,54,D0:F0:18:43:F8:2F,-77,1598605635410
0,55,D0:F0:18:43:F8:33,-85,1598605635914
1,56,D0:F0:18:43:F8:2F,-80,1598605635916
2,57,D0:F0:18:43:F8:49,-71,1598605635916
0,58,D0:F0:18:43:F8:33,-81,1598605636422
1,59,D0:F0:18:43:F8:2F,-77,1598605636423
2,60,D0:F0:18:43:F8:49,-74,1598605636424
0,61,D0:F0:18:43:F8:33,-81,1598605636928
1,62,D0:F0:18:43:F8:2F,-77,1598605636930
2,63,D0:F0:18:43:F8:49,-71,1598605636931
0,64,D0:F0:18:43:F8:33,-77,1598605637432
1,65,D0:F0:18:43:F8:2F,-80,1598605637433
2,66,D0:F0:18:43:F8:49,-71,1598605637434
0,67,D0:F0:18:43:F8:2F,-77,1598605637938
1,68,D0:F0:18:43:F8:49,-71,1598605637941
0,69,D0:F0:18:43:F8:33,-81,1598605638445
1,70,D0:F0:18:43:F8:2F,-77,1598605638447
2,71,D0:F0:18:43:F8:49,-71,1598605638448
0,72,D0:F0:18:43:F8:33,-79,1598605638954
1,73,D0:F0:18:43:F8:2F,-77,1598605638956
2,74,D0:F0:18:43:F8:49,-73,1598605638957
0,75,D0:F0:18:43:F8:33,-84,1598605639458
1,76,D0:F0:18:43:F8:2F,-79,1598605639459
2,77,D0:F0:18:43:F8:49,-71,1598605639460
0,78,D0:F0:18:43:F8:33,-81,1598605639965
1,79,D0:F0:18:43:F8:2F,-77,1598605639966
2,80,D0:F0:18:43:F8:49,-71,1598605639967
0,81,D0:F0:18:43:F8:33,-79,1598605640473
1,82,D0:F0:18:43:F8:2F,-77,1598605640475
2,83,D0:F0:18:43:F8:49,-71,1598605640476
0,84,D0:F0:18:43:F8:33,-84,1598605640978
1,85,D0:F0:18:43:F8:2F,-81,1598605640980
2,86,D0:F0:18:43:F8:49,-70,1598605640980
0,87,D0:F0:18:43:F8:33,-75,1598605641484
1,88,D0:F0:18:43:F8:2F,-77,1598605641486
2,89,D0:F0:18:43:F8:49,-71,1598605641487
0,0,D0:F0:18:43:F8:33,-82,1598605657679
0,1,D0:F0:18:43:F8:33,-78,1598605658186
1,2,D0:F0:18:43:F8:2F,-79,1598605658188
2,3,D0:F0:18:43:F8:49,-71,1598605658189
0,4,D0:F0:18:43:F8:2F,-81,1598605658692
1,5,D0:F0:18:43:F8:49,-70,1598605658694
0,6,D0:F0:18:43:F8:49,-75,1598605659199
0,7,D0:F0:18:43:F8:33,-77,1598605659707
1,8,D0:F0:18:43:F8:2F,-78,1598605659709
2,9,D0:F0:18:43:F8:49,-72,1598605659710
0,10,D0:F0:18:43:F8:33,-77,1598605660212
1,11,D0:F0:18:43:F8:2F,-84,1598605660214
2,12,D0:F0:18:43:F8:49,-70,1598605660215
0,13,D0:F0:18:43:F8:33,-82,1598605660719
1,14,D0:F0:18:43:F8:2F,-83,1598605660721
2,15,D0:F0:18:43:F8:49,-74,1598605660722
0,16,D0:F0:18:43:F8:33,-76,1598605661225
1,17,D0:F0:18:43:F8:2F,-77,1598605661227
2,18,D0:F0:18:43:F8:49,-70,1598605661228
0,19,D0:F0:18:43:F8:33,-78,1598605661732
1,20,D0:F0:18:43:F8:2F,-82,1598605661734
2,21,D0:F0:18:43:F8:49,-76,1598605661734
0,22,D0:F0:18:43:F8:2F,-77,1598605662239
1,23,D0:F0:18:43:F8:49,-72,1598605662240
0,24,D0:F0:18:43:F8:49,-70,1598605662744
0,25,D0:F0:18:43:F8:2F,-82,1598605663250
1,26,D0:F0:18:43:F8:49,-75,1598605663252
0,27,D0:F0:18:43:F8:33,-76,1598605663757
1,28,D0:F0:18:43:F8:2F,-77,1598605663759
2,29,D0:F0:18:43:F8:49,-70,1598605663760
0,30,D0:F0:18:43:F8:33,-77,1598605664264
1,31,D0:F0:18:43:F8:2F,-85,1598605664266
2,32,D0:F0:18:43:F8:49,-70,1598605664267
0,33,D0:F0:18:43:F8:33,-77,1598605664771
1,34,D0:F0:18:43:F8:2F,-78,1598605664773
2,35,D0:F0:18:43:F8:49,-72,1598605664773
0,36,D0:F0:18:43:F8:33,-76,1598605665277
1,37,D0:F0:18:43:F8:2F,-77,1598605665279
0,38,D0:F0:18:43:F8:2F,-85,1598605665783
1,39,D0:F0:18:43:F8:49,-70,1598605665785
0,40,D0:F0:18:43:F8:33,-77,1598605666290
1,41,D0:F0:18:43:F8:2F,-78,1598605666291
2,42,D0:F0:18:43:F8:49,-70,1598605666292
0,43,D0:F0:18:43:F8:33,-78,1598605666796
1,44,D0:F0:18:43:F8:2F,-78,1598605666798
2,45,D0:F0:18:43:F8:49,-75,1598605666799
0,46,D0:F0:18:43:F8:33,-77,1598605667302
1,47,D0:F0:18:43:F8:2F,-82,1598605667304
2,48,D0:F0:18:43:F8:49,-70,1598605667305
0,49,D0:F0:18:43:F8:2F,-78,1598605667807
0,50,D0:F0:18:43:F8:33,-76,1598605668313
0,51,D0:F0:18:43:F8:33,-76,1598605668821
1,52,D0:F0:18:43:F8:2F,-79,1598605668823
2,53,D0:F0:18:43:F8:49,-70,1598605668823
0,54,D0:F0:18:43:F8:33,-77,1598605669327
1,55,D0:F0:18:43:F8:2F,-85,1598605669329
2,56,D0:F0:18:43:F8:49,-75,1598605669330
0,57,D0:F0:18:43:F8:33,-76,1598605669834
1,58,D0:F0:18:43:F8:2F,-83,1598605669835
2,59,D0:F0:18:43:F8:49,-72,1598605669836
0,60,D0:F0:18:43:F8:33,-77,1598605670340
1,61,D0:F0:18:43:F8:2F,-78,1598605670341
2,62,D0:F0:18:43:F8:49,-70,1598605670342
0,63,D0:F0:18:43:F8:33,-77,1598605670845
1,64,D0:F0:18:43:F8:49,-75,1598605670847
0,65,D0:F0:18:43:F8:33,-79,1598605671352
1,66,D0:F0:18:43:F8:2F,-78,1598605671354
2,67,D0:F0:18:43:F8:49,-70,1598605671355
0,68,D0:F0:18:43:F8:33,-78,1598605671856
1,69,D0:F0:18:43:F8:2F,-78,1598605671857
2,70,D0:F0:18:43:F8:49,-75,1598605671858
0,71,D0:F0:18:43:F8:2F,-78,1598605672363
1,72,D0:F0:18:43:F8:49,-72,1598605672364
0,73,D0:F0:18:43:F8:33,-76,1598605672870
1,74,D0:F0:18:43:F8:2F,-86,1598605672871
2,75,D0:F0:18:43:F8:49,-70,1598605672872
0,76,D0:F0:18:43:F8:33,-86,1598605673376
1,77,D0:F0:18:43:F8:2F,-82,1598605673378
2,78,D0:F0:18:43:F8:49,-76,1598605673379
0,79,D0:F0:18:43:F8:33,-77,1598605673883
1,80,D0:F0:18:43:F8:2F,-83,1598605673885
2,81,D0:F0:18:43:F8:49,-70,1598605673886
0,82,D0:F0:18:43:F8:33,-78,1598605674390
1,83,D0:F0:18:43:F8:49,-70,1598605674393
0,84,D0:F0:18:43:F8:33,-75,1598605674895
1,85,D0:F0:18:43:F8:2F,-77,1598605674897
2,86,D0:F0:18:43:F8:49,-72,1598605674898
0,87,D0:F0:18:43:F8:33,-77,1598605675402
1,88,D0:F0:18:43:F8:2F,-86,1598605675404
2,89,D0:F0:18:43:F8:49,-75,1598605675404
0,0,D0:F0:18:43:F8:2F,-83,1598605699186
1,1,D0:F0:18:43:F8:49,-74,1598605699187
0,2,D0:F0:18:43:F8:2F,-84,1598605699693
1,3,D0:F0:18:43:F8:49,-82,1598605699695
0,4,D0:F0:18:43:F8:2F,-84,1598605700195
1,5,D0:F0:18:43:F8:49,-79,1598605700196
0,6,D0:F0:18:43:F8:2F,-83,1598605700702
1,7,D0:F0:18:43:F8:49,-79,1598605700703
0,8,D0:F0:18:43:F8:33,-78,1598605701208
1,9,D0:F0:18:43:F8:49,-82,1598605701210
0,10,D0:F0:18:43:F8:2F,-77,1598605701714
1,11,D0:F0:18:43:F8:49,-76,1598605701716
0,12,D0:F0:18:43:F8:2F,-79,1598605702220
1,13,D0:F0:18:43:F8:49,-77,1598605702222
0,14,D0:F0:18:43:F8:2F,-79,1598605702726
1,15,D0:F0:18:43:F8:49,-76,1598605702727
0,16,D0:F0:18:43:F8:49,-76,1598605703231
0,17,D0:F0:18:43:F8:33,-85,1598605703738
1,18,D0:F0:18:43:F8:2F,-78,1598605703739
2,19,D0:F0:18:43:F8:49,-76,1598605703740
0,20,D0:F0:18:43:F8:2F,-86,1598605704245
1,21,D0:F0:18:43:F8:49,-77,1598605704247
0,22,D0:F0:18:43:F8:49,-76,1598605704751
0,23,D0:F0:18:43:F8:33,-80,1598605705256
1,24,D0:F0:18:43:F8:49,-79,1598605705258
0,25,D0:F0:18:43:F8:2F,-85,1598605705763
1,26,D0:F0:18:43:F8:49,-77,1598605705764
0,27,D0:F0:18:43:F8:33,-82,1598605706269
1,28,D0:F0:18:43:F8:49,-75,1598605706270
0,29,D0:F0:18:43:F8:2F,-80,1598605706774
1,30,D0:F0:18:43:F8:49,-79,1598605706776
0,31,D0:F0:18:43:F8:33,-82,1598605707279
1,32,D0:F0:18:43:F8:49,-75,1598605707281
0,33,D0:F0:18:43:F8:33,-80,1598605707785
1,34,D0:F0:18:43:F8:2F,-78,1598605707786
2,35,D0:F0:18:43:F8:49,-77,1598605707787
0,36,D0:F0:18:43:F8:2F,-85,1598605708291
1,37,D0:F0:18:43:F8:49,-77,1598605708292
0,38,D0:F0:18:43:F8:33,-81,1598605708796
1,39,D0:F0:18:43:F8:49,-75,1598605708797
0,40,D0:F0:18:43:F8:2F,-79,1598605709301
1,41,D0:F0:18:43:F8:49,-80,1598605709303
0,42,D0:F0:18:43:F8:2F,-79,1598605709807
1,43,D0:F0:18:43:F8:49,-74,1598605709808
0,44,D0:F0:18:43:F8:2F,-78,1598605710313
1,45,D0:F0:18:43:F8:49,-74,1598605710314
0,46,D0:F0:18:43:F8:49,-76,1598605710818
0,47,D0:F0:18:43:F8:2F,-79,1598605711323
0,48,D0:F0:18:43:F8:2F,-86,1598605711829
1,49,D0:F0:18:43:F8:49,-77,1598605711831
0,50,D0:F0:18:43:F8:2F,-79,1598605712334
0,51,D0:F0:18:43:F8:2F,-79,1598605712840
1,52,D0:F0:18:43:F8:49,-76,1598605712842
0,53,D0:F0:18:43:F8:2F,-86,1598605713345
1,54,D0:F0:18:43:F8:49,-74,1598605713347
0,55,D0:F0:18:43:F8:2F,-79,1598605713851
0,56,D0:F0:18:43:F8:2F,-86,1598605714358
1,57,D0:F0:18:43:F8:49,-74,1598605714361
0,58,D0:F0:18:43:F8:33,-83,1598605714863
0,59,D0:F0:18:43:F8:2F,-79,1598605715369
1,60,D0:F0:18:43:F8:49,-75,1598605715370
0,61,D0:F0:18:43:F8:49,-80,1598605715874
0,62,D0:F0:18:43:F8:33,-83,1598605716381
1,63,D0:F0:18:43:F8:2F,-80,1598605716382
2,64,D0:F0:18:43:F8:49,-77,1598605716383
0,65,D0:F0:18:43:F8:49,-71,1598605716886
0,66,D0:F0:18:43:F8:33,-83,1598605717393
1,67,D0:F0:18:43:F8:2F,-84,1598605717394
2,68,D0:F0:18:43:F8:49,-73,1598605717395
0,69,D0:F0:18:43:F8:33,-85,1598605717899
1,70,D0:F0:18:43:F8:2F,-84,1598605717901
2,71,D0:F0:18:43:F8:49,-74,1598605717902
0,72,D0:F0:18:43:F8:33,-86,1598605718404
1,73,D0:F0:18:43:F8:49,-76,1598605718406
0,74,D0:F0:18:43:F8:2F,-79,1598605718910
1,75,D0:F0:18:43:F8:49,-76,1598605718912
0,76,D0:F0:18:43:F8:2F,-80,1598605719416
1,77,D0:F0:18:43:F8:49,-74,1598605719418
0,78,D0:F0:18:43:F8:2F,-79,1598605719922
1,79,D0:F0:18:43:F8:49,-76,1598605719923
0,80,D0:F0:18:43:F8:2F,-79,1598605720428
1,81,D0:F0:18:43:F8:49,-77,1598605720430
0,82,D0:F0:18:43:F8:2F,-83,1598605720934
1,83,D0:F0:18:43:F8:49,-77,1598605720935
0,84,D0:F0:18:43:F8:49,-76,1598605721439
0,85,D0:F0:18:43:F8:2F,-79,1598605721945
1,86,D0:F0:18:43:F8:49,-77,1598605721946
0,87,D0:F0:18:43:F8:33,-86,1598605722451
1,88,D0:F0:18:43:F8:49,-77,1598605722452
0,89,D0:F0:18:43:F8:49,-75,1598605722956
0,0,D0:F0:18:43:F8:33,-80,1598605728516
1,1,D0:F0:18:43:F8:49,-66,1598605728518
0,2,D0:F0:18:43:F8:2F,-79,1598605729021
1,3,D0:F0:18:43:F8:49,-65,1598605729023
0,4,D0:F0:18:43:F8:2F,-81,1598605729527
1,5,D0:F0:18:43:F8:49,-68,1598605729529
0,6,D0:F0:18:43:F8:33,-76,1598605730033
1,7,D0:F0:18:43:F8:2F,-85,1598605730035
2,8,D0:F0:18:43:F8:49,-63,1598605730035
0,9,D0:F0:18:43:F8:33,-79,1598605730538
1,10,D0:F0:18:43:F8:2F,-82,1598605730540
2,11,D0:F0:18:43:F8:49,-63,1598605730541
0,12,D0:F0:18:43:F8:33,-85,1598605731040
1,13,D0:F0:18:43:F8:49,-62,1598605731041
0,14,D0:F0:18:43:F8:2F,-85,1598605731547
1,15,D0:F0:18:43:F8:49,-64,1598605731548
0,16,D0:F0:18:43:F8:33,-74,1598605732052
1,17,D0:F0:18:43:F8:49,-67,1598605732053
0,18,D0:F0:18:43:F8:33,-80,1598605732558
1,19,D0:F0:18:43:F8:2F,-85,1598605732560
2,20,D0:F0:18:43:F8:49,-62,1598605732561
0,21,D0:F0:18:43:F8:33,-85,1598605733064
1,22,D0:F0:18:43:F8:2F,-86,1598605733066
2,23,D0:F0:18:43:F8:49,-65,1598605733067
0,24,D0:F0:18:43:F8:33,-76,1598605733570
1,25,D0:F0:18:43:F8:49,-67,1598605733571
0,26,D0:F0:18:43:F8:33,-85,1598605734075
1,27,D0:F0:18:43:F8:49,-65,1598605734076
0,28,D0:F0:18:43:F8:33,-77,1598605734577
1,29,D0:F0:18:43:F8:49,-64,1598605734578
0,30,D0:F0:18:43:F8:33,-80,1598605735084
1,31,D0:F0:18:43:F8:49,-62,1598605735086
0,32,D0:F0:18:43:F8:33,-88,1598605735590
1,33,D0:F0:18:43:F8:49,-65,1598605735591
0,34,D0:F0:18:43:F8:33,-77,1598605736095
1,35,D0:F0:18:43:F8:2F,-87,1598605736097
2,36,D0:F0:18:43:F8:49,-67,1598605736097
0,37,D0:F0:18:43:F8:33,-86,1598605736597
1,38,D0:F0:18:43:F8:2F,-85,1598605736597
2,39,D0:F0:18:43:F8:49,-65,1598605736598
0,40,D0:F0:18:43:F8:33,-85,1598605737103
1,41,D0:F0:18:43:F8:2F,-86,1598605737104
2,42,D0:F0:18:43:F8:49,-65,1598605737105
0,43,D0:F0:18:43:F8:33,-85,1598605737609
1,44,D0:F0:18:43:F8:2F,-86,1598605737610
2,45,D0:F0:18:43:F8:49,-62,1598605737611
0,46,D0:F0:18:43:F8:33,-76,1598605738115
1,47,D0:F0:18:43:F8:2F,-85,1598605738116
2,48,D0:F0:18:43:F8:49,-65,1598605738117
0,49,D0:F0:18:43:F8:49,-67,1598605738618
0,50,D0:F0:18:43:F8:33,-85,1598605739124
1,51,D0:F0:18:43:F8:2F,-86,1598605739126
2,52,D0:F0:18:43:F8:49,-64,1598605739128
0,53,D0:F0:18:43:F8:33,-77,1598605739630
1,54,D0:F0:18:43:F8:49,-64,1598605739632
0,55,D0:F0:18:43:F8:33,-79,1598605740136
1,56,D0:F0:18:43:F8:49,-62,1598605740137
0,57,D0:F0:18:43:F8:33,-76,1598605740642
1,58,D0:F0:18:43:F8:2F,-85,1598605740644
2,59,D0:F0:18:43:F8:49,-65,1598605740645
0,60,D0:F0:18:43:F8:33,-79,1598605741149
1,61,D0:F0:18:43:F8:49,-66,1598605741151
0,62,D0:F0:18:43:F8:33,-86,1598605741655
1,63,D0:F0:18:43:F8:2F,-86,1598605741657
2,64,D0:F0:18:43:F8:49,-64,1598605741657
0,65,D0:F0:18:43:F8:33,-76,1598605742160
1,66,D0:F0:18:43:F8:2F,-83,1598605742161
2,67,D0:F0:18:43:F8:49,-66,1598605742162
0,68,D0:F0:18:43:F8:33,-80,1598605742666
1,69,D0:F0:18:43:F8:2F,-86,1598605742668
2,70,D0:F0:18:43:F8:49,-62,1598605742669
0,71,D0:F0:18:43:F8:33,-85,1598605743172
1,72,D0:F0:18:43:F8:2F,-85,1598605743174
2,73,D0:F0:18:43:F8:49,-64,1598605743175
0,74,D0:F0:18:43:F8:33,-75,1598605743678
1,75,D0:F0:18:43:F8:49,-66,1598605743680
0,76,D0:F0:18:43:F8:33,-86,1598605744184
1,77,D0:F0:18:43:F8:49,-65,1598605744185
0,78,D0:F0:18:43:F8:33,-86,1598605744687
1,79,D0:F0:18:43:F8:2F,-85,1598605744687
2,80,D0:F0:18:43:F8:49,-65,1598605744688
0,81,D0:F0:18:43:F8:33,-79,1598605745193
1,82,D0:F0:18:43:F8:49,-64,1598605745194
0,83,D0:F0:18:43:F8:2F,-85,1598605745699
1,84,D0:F0:18:43:F8:49,-67,1598605745702
0,85,D0:F0:18:43:F8:33,-75,1598605746205
1,86,D0:F0:18:43:F8:2F,-86,1598605746207
0,87,D0:F0:18:43:F8:33,-77,1598605746707
1,88,D0:F0:18:43:F8:49,-66,1598605746708
0,89,D0:F0:18:43:F8:49,-65,1598605747213
0,0,D0:F0:18:43:F8:33,-82,1598605753285
1,1,D0:F0:18:43:F8:49,-69,1598605753286
0,2,D0:F0:18:43:F8:2F,-77,1598605753791
1,3,D0:F0:18:43:F8:49,-70,1598605753793
0,4,D0:F0:18:43:F8:33,-81,1598605754298
1,5,D0:F0:18:43:F8:2F,-77,1598605754299
2,6,D0:F0:18:43:F8:49,-64,1598605754300
0,7,D0:F0:18:43:F8:33,-80,1598605755309
1,8,D0:F0:18:43:F8:49,-64,1598605755311
0,9,D0:F0:18:43:F8:2F,-75,1598605755815
1,10,D0:F0:18:43:F8:49,-65,1598605755817
0,11,D0:F0:18:43:F8:33,-79,1598605756322
1,12,D0:F0:18:43:F8:2F,-75,1598605756323
2,13,D0:F0:18:43:F8:49,-70,1598605756324
0,14,D0:F0:18:43:F8:33,-86,1598605756828
1,15,D0:F0:18:43:F8:2F,-75,1598605756829
2,16,D0:F0:18:43:F8:49,-66,1598605756830
0,17,D0:F0:18:43:F8:2F,-76,1598605757333
1,18,D0:F0:18:43:F8:49,-65,1598605757335
0,19,D0:F0:18:43:F8:33,-80,1598605757840
1,20,D0:F0:18:43:F8:2F,-76,1598605757842
2,21,D0:F0:18:43:F8:49,-67,1598605757843
0,22,D0:F0:18:43:F8:2F,-76,1598605758346
1,23,D0:F0:18:43:F8:49,-65,1598605758348
0,24,D0:F0:18:43:F8:33,-79,1598605758852
1,25,D0:F0:18:43:F8:2F,-76,1598605758853
2,26,D0:F0:18:43:F8:49,-71,1598605758854
0,27,D0:F0:18:43:F8:2F,-85,1598605759359
1,28,D0:F0:18:43:F8:49,-67,1598605759361
0,29,D0:F0:18:43:F8:49,-65,1598605759864
0,30,D0:F0:18:43:F8:33,-79,1598605760371
1,31,D0:F0:18:43:F8:2F,-76,1598605760372
2,32,D0:F0:18:43:F8:49,-70,1598605760373
0,33,D0:F0:18:43:F8:33,-79,1598605760876
1,34,D0:F0:18:43:F8:49,-65,1598605760877
0,35,D0:F0:18:43:F8:33,-80,1598605761382
1,36,D0:F0:18:43:F8:2F,-75,1598605761384
2,37,D0:F0:18:43:F8:49,-65,1598605761385
0,38,D0:F0:18:43:F8:33,-80,1598605761889
1,39,D0:F0:18:43:F8:2F,-76,1598605761890
0,40,D0:F0:18:43:F8:33,-79,1598605762395
1,41,D0:F0:18:43:F8:2F,-76,1598605762397
2,42,D0:F0:18:43:F8:49,-66,1598605762397
0,43,D0:F0:18:43:F8:33,-80,1598605762901
1,44,D0:F0:18:43:F8:2F,-76,1598605762902
2,45,D0:F0:18:43:F8:49,-65,1598605762903
0,46,D0:F0:18:43:F8:33,-79,1598605763407
1,47,D0:F0:18:43:F8:2F,-75,1598605763409
2,48,D0:F0:18:43:F8:49,-69,1598605763410
0,49,D0:F0:18:43:F8:33,-79,1598605763913
1,50,D0:F0:18:43:F8:2F,-75,1598605763914
2,51,D0:F0:18:43:F8:49,-65,1598605763915
0,52,D0:F0:18:43:F8:33,-83,1598605764418
1,53,D0:F0:18:43:F8:49,-65,1598605764420
0,54,D0:F0:18:43:F8:33,-80,1598605764925
1,55,D0:F0:18:43:F8:2F,-76,1598605764926
2,56,D0:F0:18:43:F8:49,-65,1598605764927
0,57,D0:F0:18:43:F8:33,-80,1598605765431
1,58,D0:F0:18:43:F8:2F,-75,1598605765433
2,59,D0:F0:18:43:F8:49,-70,1598605765434
0,60,D0:F0:18:43:F8:2F,-77,1598605765938
1,61,D0:F0:18:43:F8:49,-66,1598605765940
0,62,D0:F0:18:43:F8:33,-80,1598605766444
1,63,D0:F0:18:43:F8:2F,-77,1598605766445
2,64,D0:F0:18:43:F8:49,-65,1598605766446
0,65,D0:F0:18:43:F8:2F,-77,1598605766949
1,66,D0:F0:18:43:F8:49,-70,1598605766951
0,67,D0:F0:18:43:F8:33,-83,1598605767455
1,68,D0:F0:18:43:F8:2F,-76,1598605767457
2,69,D0:F0:18:43:F8:49,-65,1598605767457
0,70,D0:F0:18:43:F8:33,-79,1598605767961
1,71,D0:F0:18:43:F8:49,-70,1598605767962
0,72,D0:F0:18:43:F8:2F,-77,1598605768467
1,73,D0:F0:18:43:F8:49,-66,1598605768468
0,74,D0:F0:18:43:F8:33,-79,1598605768973
1,75,D0:F0:18:43:F8:2F,-77,1598605768974
2,76,D0:F0:18:43:F8:49,-65,1598605768975
0,77,D0:F0:18:43:F8:2F,-75,1598605769479
1,78,D0:F0:18:43:F8:49,-70,1598605769481
0,79,D0:F0:18:43:F8:33,-80,1598605769985
1,80,D0:F0:18:43:F8:49,-65,1598605769986
0,81,D0:F0:18:43:F8:33,-81,1598605770492
1,82,D0:F0:18:43:F8:2F,-76,1598605770493
2,83,D0:F0:18:43:F8:49,-65,1598605770494
0,84,D0:F0:18:43:F8:33,-80,1598605770998
1,85,D0:F0:18:43:F8:2F,-77,1598605770999
2,86,D0:F0:18:43:F8:49,-66,1598605771000
0,87,D0:F0:18:43:F8:2F,-76,1598605771503
0,88,D0:F0:18:43:F8:33,-80,1598605772009
1,89,D0:F0:18:43:F8:49,-66,1598605772010
0,0,D0:F0:18:43:F8:2F,-84,1598605777571
1,1,D0:F0:18:43:F8:49,-57,1598605777571
0,2,D0:F0:18:43:F8:2F,-81,1598605778077
1,3,D0:F0:18:43:F8:49,-56,1598605778079
0,4,D0:F0:18:43:F8:2F,-86,1598605778584
1,5,D0:F0:18:43:F8:49,-58,1598605778586
0,6,D0:F0:18:43:F8:2F,-81,1598605779091
1,7,D0:F0:18:43:F8:49,-56,1598605779092
0,8,D0:F0:18:43:F8:33,-80,1598605779597
1,9,D0:F0:18:43:F8:2F,-83,1598605779599
2,10,D0:F0:18:43:F8:49,-57,1598605779600
0,11,D0:F0:18:43:F8:2F,-78,1598605780104
1,12,D0:F0:18:43:F8:49,-57,1598605780105
0,13,D0:F0:18:43:F8:2F,-80,1598605780610
1,14,D0:F0:18:43:F8:49,-57,1598605780612
0,15,D0:F0:18:43:F8:33,-83,1598605781117
1,16,D0:F0:18:43:F8:2F,-79,1598605781119
2,17,D0:F0:18:43:F8:49,-56,1598605781120
0,18,D0:F0:18:43:F8:2F,-80,1598605781624
1,19,D0:F0:18:43:F8:49,-57,1598605781625
0,20,D0:F0:18:43:F8:33,-84,1598605782130
1,21,D0:F0:18:43:F8:49,-58,1598605782131
0,22,D0:F0:18:43:F8:33,-86,1598605782636
1,23,D0:F0:18:43:F8:2F,-82,1598605782637
2,24,D0:F0:18:43:F8:49,-56,1598605782638
0,25,D0:F0:18:43:F8:33,-82,1598605783142
1,26,D0:F0:18:43:F8:2F,-81,1598605783144
2,27,D0:F0:18:43:F8:49,-56,1598605783144
0,28,D0:F0:18:43:F8:33,-82,1598605783648
1,29,D0:F0:18:43:F8:2F,-80,1598605783649
2,30,D0:F0:18:43:F8:49,-58,1598605783650
0,31,D0:F0:18:43:F8:2F,-81,1598605784153
1,32,D0:F0:18:43:F8:49,-56,1598605784155
0,33,D0:F0:18:43:F8:49,-58,1598605784659
0,34,D0:F0:18:43:F8:2F,-80,1598605785165
1,35,D0:F0:18:43:F8:49,-56,1598605785167
0,36,D0:F0:18:43:F8:33,-85,1598605785673
1,37,D0:F0:18:43:F8:2F,-82,1598605785674
2,38,D0:F0:18:43:F8:49,-56,1598605785675
0,39,D0:F0:18:43:F8:2F,-80,1598605786179
1,40,D0:F0:18:43:F8:49,-58,1598605786180
0,41,D0:F0:18:43:F8:33,-85,1598605786685
1,42,D0:F0:18:43:F8:2F,-82,1598605786686
0,43,D0:F0:18:43:F8:2F,-83,1598605787190
0,44,D0:F0:18:43:F8:33,-85,1598605787697
1,45,D0:F0:18:43:F8:2F,-79,1598605787699
2,46,D0:F0:18:43:F8:49,-56,1598605787700
0,47,D0:F0:18:43:F8:2F,-81,1598605788203
1,48,D0:F0:18:43:F8:49,-57,1598605788205
0,49,D0:F0:18:43:F8:33,-84,1598605788708
1,50,D0:F0:18:43:F8:49,-56,1598605788710
0,51,D0:F0:18:43:F8:33,-83,1598605789215
1,52,D0:F0:18:43:F8:2F,-81,1598605789216
2,53,D0:F0:18:43:F8:49,-56,1598605789217
0,54,D0:F0:18:43:F8:33,-83,1598605789721
1,55,D0:F0:18:43:F8:2F,-85,1598605789723
2,56,D0:F0:18:43:F8:49,-58,1598605789724
0,57,D0:F0:18:43:F8:33,-83,1598605790227
1,58,D0:F0:18:43:F8:2F,-80,1598605790228
2,59,D0:F0:18:43:F8:49,-57,1598605790229
0,60,D0:F0:18:43:F8:33,-84,1598605790733
1,61,D0:F0:18:43:F8:2F,-81,1598605790734
2,62,D0:F0:18:43:F8:49,-57,1598605790735
0,63,D0:F0:18:43:F8:33,-82,1598605791239
1,64,D0:F0:18:43:F8:49,-56,1598605791240
0,65,D0:F0:18:43:F8:33,-86,1598605791745
1,66,D0:F0:18:43:F8:2F,-81,1598605791746
2,67,D0:F0:18:43:F8:49,-57,1598605791747
0,68,D0:F0:18:43:F8:33,-83,1598605792251
1,69,D0:F0:18:43:F8:2F,-81,1598605792252
2,70,D0:F0:18:43:F8:49,-58,1598605792253
0,71,D0:F0:18:43:F8:33,-85,1598605792756
1,72,D0:F0:18:43:F8:2F,-80,1598605792759
2,73,D0:F0:18:43:F8:49,-56,1598605792760
0,74,D0:F0:18:43:F8:33,-83,1598605793262
1,75,D0:F0:18:43:F8:49,-56,1598605793263
0,76,D0:F0:18:43:F8:33,-82,1598605793768
1,77,D0:F0:18:43:F8:2F,-80,1598605793770
2,78,D0:F0:18:43:F8:49,-58,1598605793771
0,79,D0:F0:18:43:F8:2F,-81,1598605794274
1,80,D0:F0:18:43:F8:49,-56,1598605794275
0,81,D0:F0:18:43:F8:33,-85,1598605794780
1,82,D0:F0:18:43:F8:2F,-85,1598605794782
2,83,D0:F0:18:43:F8:49,-58,1598605794782
0,84,D0:F0:18:43:F8:2F,-82,1598605795286
1,85,D0:F0:18:43:F8:49,-57,1598605795287
0,86,D0:F0:18:43:F8:33,-86,1598605795792
1,87,D0:F0:18:43:F8:2F,-82,1598605795793
2,88,D0:F0:18:43:F8:49,-56,1598605795794
0,89,D0:F0:18:43:F8:33,-84,1598605796298
0,0,D0:F0:18:43:F8:2F,-78,1598605812989
1,1,D0:F0:18:43:F8:49,-55,1598605812989
0,2,D0:F0:18:43:F8:33,-85,1598605813494
1,3,D0:F0:18:43:F8:49,-55,1598605813496
0,4,D0:F0:18:43:F8:33,-84,1598605814000
1,5,D0:F0:18:43:F8:2F,-83,1598605814002
2,6,D0:F0:18:43:F8:49,-54,1598605814003
0,7,D0:F0:18:43:F8:2F,-75,1598605814505
1,8,D0:F0:18:43:F8:49,-57,1598605814507
0,9,D0:F0:18:43:F8:33,-84,1598605815515
1,10,D0:F0:18:43:F8:2F,-80,1598605815517
2,11,D0:F0:18:43:F8:49,-56,1598605815517
0,12,D0:F0:18:43:F8:2F,-75,1598605816021
1,13,D0:F0:18:43:F8:49,-56,1598605816023
0,14,D0:F0:18:43:F8:2F,-81,1598605816526
1,15,D0:F0:18:43:F8:49,-55,1598605816528
0,16,D0:F0:18:43:F8:33,-85,1598605817033
1,17,D0:F0:18:43:F8:2F,-74,1598605817035
2,18,D0:F0:18:43:F8:49,-56,1598605817036
0,19,D0:F0:18:43:F8:33,-85,1598605817538
1,20,D0:F0:18:43:F8:49,-56,1598605817540
0,21,D0:F0:18:43:F8:2F,-81,1598605818045
1,22,D0:F0:18:43:F8:49,-56,1598605818046
0,23,D0:F0:18:43:F8:33,-87,1598605818551
1,24,D0:F0:18:43:F8:2F,-74,1598605818552
2,25,D0:F0:18:43:F8:49,-55,1598605818553
0,26,D0:F0:18:43:F8:49,-56,1598605819056
0,27,D0:F0:18:43:F8:2F,-74,1598605819562
1,28,D0:F0:18:43:F8:49,-57,1598605819563
0,29,D0:F0:18:43:F8:33,-82,1598605820068
1,30,D0:F0:18:43:F8:49,-55,1598605820069
0,31,D0:F0:18:43:F8:2F,-81,1598605820574
1,32,D0:F0:18:43:F8:49,-56,1598605820575
0,33,D0:F0:18:43:F8:33,-82,1598605821080
1,34,D0:F0:18:43:F8:2F,-74,1598605821081
2,35,D0:F0:18:43:F8:49,-54,1598605821082
0,36,D0:F0:18:43:F8:33,-83,1598605821586
1,37,D0:F0:18:43:F8:49,-55,1598605821587
0,38,D0:F0:18:43:F8:2F,-74,1598605822092
1,39,D0:F0:18:43:F8:49,-57,1598605822093
0,40,D0:F0:18:43:F8:49,-56,1598605822597
0,41,D0:F0:18:43:F8:2F,-80,1598605823103
1,42,D0:F0:18:43:F8:49,-56,1598605823104
0,43,D0:F0:18:43:F8:2F,-74,1598605823608
1,44,D0:F0:18:43:F8:49,-56,1598605823611
0,45,D0:F0:18:43:F8:49,-56,1598605824113
0,46,D0:F0:18:43:F8:49,-55,1598605824619
0,47,D0:F0:18:43:F8:49,-56,1598605825125
0,48,D0:F0:18:43:F8:2F,-80,1598605825631
1,49,D0:F0:18:43:F8:49,-57,1598605825633
0,50,D0:F0:18:43:F8:33,-85,1598605826138
1,51,D0:F0:18:43:F8:2F,-74,1598605826139
2,52,D0:F0:18:43:F8:49,-55,1598605826140
0,53,D0:F0:18:43:F8:49,-56,1598605826643
0,54,D0:F0:18:43:F8:33,-85,1598605827149
1,55,D0:F0:18:43:F8:2F,-74,1598605827151
2,56,D0:F0:18:43:F8:49,-57,1598605827152
0,57,D0:F0:18:43:F8:49,-55,1598605827654
0,58,D0:F0:18:43:F8:2F,-80,1598605828161
1,59,D0:F0:18:43:F8:49,-56,1598605828162
0,60,D0:F0:18:43:F8:33,-85,1598605828667
1,61,D0:F0:18:43:F8:2F,-74,1598605828668
2,62,D0:F0:18:43:F8:49,-55,1598605828669
0,63,D0:F0:18:43:F8:49,-56,1598605829172
0,64,D0:F0:18:43:F8:2F,-74,1598605829678
1,65,D0:F0:18:43:F8:49,-57,1598605829680
0,66,D0:F0:18:43:F8:33,-86,1598605830184
1,67,D0:F0:18:43:F8:49,-55,1598605830185
0,68,D0:F0:18:43:F8:2F,-81,1598605830690
1,69,D0:F0:18:43:F8:49,-56,1598605830691
0,70,D0:F0:18:43:F8:2F,-74,1598605831195
1,71,D0:F0:18:43:F8:49,-55,1598605831197
0,72,D0:F0:18:43:F8:49,-55,1598605831702
0,73,D0:F0:18:43:F8:2F,-80,1598605832208
1,74,D0:F0:18:43:F8:49,-57,1598605832210
0,75,D0:F0:18:43:F8:33,-84,1598605832714
1,76,D0:F0:18:43:F8:2F,-74,1598605832715
2,77,D0:F0:18:43:F8:49,-55,1598605832716
0,78,D0:F0:18:43:F8:2F,-83,1598605833220
1,79,D0:F0:18:43:F8:49,-56,1598605833222
0,80,D0:F0:18:43:F8:33,-84,1598605833726
1,81,D0:F0:18:43:F8:2F,-74,1598605833728
2,82,D0:F0:18:43:F8:49,-54,1598605833729
0,83,D0:F0:18:43:F8:33,-85,1598605834233
1,84,D0:F0:18:43:F8:2F,-80,1598605834234
2,85,D0:F0:18:43:F8:49,-56,1598605834235
0,86,D0:F0:18:43:F8:49,-54,1598605834738
0,87,D0:F0:18:43:F8:33,-85,1598605835244
1,88,D0:F0:18:43:F8:2F,-82,1598605835245
2,89,D0:F0:18:43:F8:49,-56,1598605835246
0,0,D0:F0:18:43:F8:2F,-82,1598605840305
1,1,D0:F0:18:43:F8:49,-49,1598605840306
0,2,D0:F0:18:43:F8:2F,-83,1598605840805
1,3,D0:F0:18:43:F8:49,-56,1598605840807
0,4,D0:F0:18:43:F8:49,-50,1598605841312
0,5,D0:F0:18:43:F8:2F,-80,1598605841818
1,6,D0:F0:18:43:F8:49,-55,1598605841820
0,7,D0:F0:18:43:F8:49,-49,1598605842324
0,8,D0:F0:18:43:F8:33,-89,1598605842831
1,9,D0:F0:18:43:F8:2F,-81,1598605842832
2,10,D0:F0:18:43:F8:49,-54,1598605842833
0,11,D0:F0:18:43:F8:33,-86,1598605843336
1,12,D0:F0:18:43:F8:2F,-82,1598605843338
0,13,D0:F0:18:43:F8:2F,-82,1598605844348
0,14,D0:F0:18:43:F8:49,-50,1598605844853
0,15,D0:F0:18:43:F8:49,-54,1598605845358
0,16,D0:F0:18:43:F8:49,-49,1598605845864
0,17,D0:F0:18:43:F8:49,-49,1598605846370
0,18,D0:F0:18:43:F8:49,-49,1598605846874
0,19,D0:F0:18:43:F8:33,-85,1598605847380
0,20,D0:F0:18:43:F8:49,-55,1598605847886
0,21,D0:F0:18:43:F8:49,-55,1598605848391
0,22,D0:F0:18:43:F8:49,-50,1598605848896
0,23,D0:F0:18:43:F8:2F,-81,1598605849403
1,24,D0:F0:18:43:F8:49,-54,1598605849405
0,25,D0:F0:18:43:F8:49,-48,1598605849909
0,26,D0:F0:18:43:F8:2F,-81,1598605850414
1,27,D0:F0:18:43:F8:49,-54,1598605850416
0,28,D0:F0:18:43:F8:33,-84,1598605850920
1,29,D0:F0:18:43:F8:49,-55,1598605850922
0,30,D0:F0:18:43:F8:49,-50,1598605851425
0,31,D0:F0:18:43:F8:2F,-82,1598605851931
1,32,D0:F0:18:43:F8:49,-54,1598605851933
0,33,D0:F0:18:43:F8:33,-85,1598605852436
1,34,D0:F0:18:43:F8:49,-48,1598605852437
0,35,D0:F0:18:43:F8:49,-49,1598605852942
0,36,D0:F0:18:43:F8:33,-84,1598605853447
1,37,D0:F0:18:43:F8:49,-54,1598605853450
0,38,D0:F0:18:43:F8:33,-85,1598605853954
1,39,D0:F0:18:43:F8:2F,-84,1598605853955
2,40,D0:F0:18:43:F8:49,-48,1598605853956
0,41,D0:F0:18:43:F8:2F,-82,1598605854459
1,42,D0:F0:18:43:F8:49,-54,1598605854461
0,43,D0:F0:18:43:F8:33,-86,1598605854965
1,44,D0:F0:18:43:F8:49,-54,1598605854967
0,45,D0:F0:18:43:F8:2F,-80,1598605855472
1,46,D0:F0:18:43:F8:49,-50,1598605855473
0,47,D0:F0:18:43:F8:33,-85,1598605855978
1,48,D0:F0:18:43:F8:2F,-80,1598605855979
2,49,D0:F0:18:43:F8:49,-55,1598605855980
0,50,D0:F0:18:43:F8:49,-48,1598605856483
0,51,D0:F0:18:43:F8:2F,-80,1598605856989
1,52,D0:F0:18:43:F8:49,-55,1598605856991
0,53,D0:F0:18:43:F8:2F,-80,1598605857495
1,54,D0:F0:18:43:F8:49,-54,1598605857496
0,55,D0:F0:18:43:F8:49,-50,1598605858000
0,56,D0:F0:18:43:F8:2F,-80,1598605858505
0,57,D0:F0:18:43:F8:49,-48,1598605859010
0,58,D0:F0:18:43:F8:33,-85,1598605859516
1,59,D0:F0:18:43:F8:2F,-80,1598605859518
2,60,D0:F0:18:43:F8:49,-50,1598605859519
0,61,D0:F0:18:43:F8:2F,-80,1598605860023
0,62,D0:F0:18:43:F8:49,-50,1598605861033
0,63,D0:F0:18:43:F8:49,-50,1598605861537
0,64,D0:F0:18:43:F8:33,-83,1598605862044
1,65,D0:F0:18:43:F8:2F,-80,1598605862046
2,66,D0:F0:18:43:F8:49,-54,1598605862047
0,67,D0:F0:18:43:F8:33,-85,1598605862550
1,68,D0:F0:18:43:F8:49,-48,1598605862552
0,69,D0:F0:18:43:F8:2F,-80,1598605863056
1,70,D0:F0:18:43:F8:49,-50,1598605863057
0,71,D0:F0:18:43:F8:33,-83,1598605863562
1,72,D0:F0:18:43:F8:49,-55,1598605863563
0,73,D0:F0:18:43:F8:33,-84,1598605864067
1,74,D0:F0:18:43:F8:49,-48,1598605864068
0,75,D0:F0:18:43:F8:33,-83,1598605864573
1,76,D0:F0:18:43:F8:2F,-80,1598605864574
2,77,D0:F0:18:43:F8:49,-55,1598605864575
0,78,D0:F0:18:43:F8:33,-85,1598605865078
1,79,D0:F0:18:43:F8:49,-55,1598605865079
0,80,D0:F0:18:43:F8:49,-50,1598605865584
0,81,D0:F0:18:43:F8:33,-83,1598605866090
1,82,D0:F0:18:43:F8:2F,-80,1598605866091
0,83,D0:F0:18:43:F8:49,-55,1598605866598
0,84,D0:F0:18:43:F8:33,-83,1598605867103
1,85,D0:F0:18:43:F8:2F,-80,1598605867105
2,86,D0:F0:18:43:F8:49,-48,1598605867106
0,87,D0:F0:18:43:F8:33,-83,1598605867609
1,88,D0:F0:18:43:F8:49,-48,1598605867611
0,89,D0:F0:18:43:F8:33,-84,1598605868114
0,0,D0:F0:18:43:F8:2F,-77,1598605872663
0,1,D0:F0:18:43:F8:33,-89,1598605873162
1,2,D0:F0:18:43:F8:2F,-75,1598605873163
2,3,D0:F0:18:43:F8:49,-34,1598605873164
0,4,D0:F0:18:43:F8:33,-81,1598605873669
1,5,D0:F0:18:43:F8:49,-34,1598605873670
0,6,D0:F0:18:43:F8:33,-83,1598605874175
1,7,D0:F0:18:43:F8:2F,-71,1598605874176
2,8,D0:F0:18:43:F8:49,-34,1598605874177
0,9,D0:F0:18:43:F8:2F,-80,1598605874680
1,10,D0:F0:18:43:F8:49,-34,1598605874682
0,11,D0:F0:18:43:F8:33,-83,1598605875187
1,12,D0:F0:18:43:F8:2F,-71,1598605875189
2,13,D0:F0:18:43:F8:49,-39,1598605875190
0,14,D0:F0:18:43:F8:33,-83,1598605875694
1,15,D0:F0:18:43:F8:2F,-71,1598605875695
2,16,D0:F0:18:43:F8:49,-34,1598605875696
0,17,D0:F0:18:43:F8:2F,-71,1598605876200
1,18,D0:F0:18:43:F8:49,-34,1598605876201
0,19,D0:F0:18:43:F8:2F,-71,1598605876706
1,20,D0:F0:18:43:F8:49,-35,1598605876707
0,21,D0:F0:18:43:F8:33,-82,1598605877212
1,22,D0:F0:18:43:F8:2F,-82,1598605877213
2,23,D0:F0:18:43:F8:49,-35,1598605877214
0,24,D0:F0:18:43:F8:2F,-71,1598605877718
1,25,D0:F0:18:43:F8:49,-34,1598605877720
0,26,D0:F0:18:43:F8:33,-88,1598605878224
1,27,D0:F0:18:43:F8:2F,-73,1598605878226
2,28,D0:F0:18:43:F8:49,-34,1598605878227
0,29,D0:F0:18:43:F8:2F,-72,1598605878730
1,30,D0:F0:18:43:F8:49,-34,1598605878732
0,31,D0:F0:18:43:F8:33,-84,1598605879236
1,32,D0:F0:18:43:F8:2F,-72,1598605879238
2,33,D0:F0:18:43:F8:49,-35,1598605879239
0,34,D0:F0:18:43:F8:2F,-72,1598605879743
1,35,D0:F0:18:43:F8:49,-34,1598605879744
0,36,D0:F0:18:43:F8:49,-34,1598605880248
0,37,D0:F0:18:43:F8:33,-84,1598605880754
1,38,D0:F0:18:43:F8:2F,-84,1598605880755
2,39,D0:F0:18:43:F8:49,-34,1598605880756
0,40,D0:F0:18:43:F8:2F,-72,1598605881259
1,41,D0:F0:18:43:F8:49,-34,1598605881261
0,42,D0:F0:18:43:F8:2F,-72,1598605881765
1,43,D0:F0:18:43:F8:49,-34,1598605881767
0,44,D0:F0:18:43:F8:2F,-83,1598605882271
1,45,D0:F0:18:43:F8:49,-34,1598605882273
0,46,D0:F0:18:43:F8:33,-83,1598605882777
1,47,D0:F0:18:43:F8:2F,-72,1598605882778
2,48,D0:F0:18:43:F8:49,-34,1598605882779
0,49,D0:F0:18:43:F8:2F,-72,1598605883284
1,50,D0:F0:18:43:F8:49,-34,1598605883285
0,51,D0:F0:18:43:F8:33,-82,1598605883790
1,52,D0:F0:18:43:F8:2F,-72,1598605883791
2,53,D0:F0:18:43:F8:49,-35,1598605883792
0,54,D0:F0:18:43:F8:33,-82,1598605884296
1,55,D0:F0:18:43:F8:2F,-72,1598605884298
2,56,D0:F0:18:43:F8:49,-35,1598605884299
0,57,D0:F0:18:43:F8:33,-82,1598605884802
1,58,D0:F0:18:43:F8:49,-34,1598605884804
0,59,D0:F0:18:43:F8:33,-82,1598605885308
1,60,D0:F0:18:43:F8:2F,-72,1598605885310
2,61,D0:F0:18:43:F8:49,-35,1598605885310
0,62,D0:F0:18:43:F8:33,-81,1598605885814
1,63,D0:F0:18:43:F8:2F,-82,1598605885815
2,64,D0:F0:18:43:F8:49,-34,1598605885816
0,65,D0:F0:18:43:F8:33,-82,1598605886321
1,66,D0:F0:18:43:F8:2F,-72,1598605886322
2,67,D0:F0:18:43:F8:49,-35,1598605886323
0,68,D0:F0:18:43:F8:33,-83,1598605886827
1,69,D0:F0:18:43:F8:2F,-72,1598605886828
2,70,D0:F0:18:43:F8:49,-35,1598605886829
0,71,D0:F0:18:43:F8:33,-82,1598605887333
1,72,D0:F0:18:43:F8:2F,-72,1598605887335
2,73,D0:F0:18:43:F8:49,-34,1598605887335
0,74,D0:F0:18:43:F8:33,-81,1598605887839
1,75,D0:F0:18:43:F8:2F,-72,1598605887840
2,76,D0:F0:18:43:F8:49,-34,1598605887841
0,77,D0:F0:18:43:F8:33,-81,1598605888345
1,78,D0:F0:18:43:F8:2F,-82,1598605888347
2,79,D0:F0:18:43:F8:49,-35,1598605888348
0,80,D0:F0:18:43:F8:33,-82,1598605888852
1,81,D0:F0:18:43:F8:2F,-72,1598605888854
2,82,D0:F0:18:43:F8:49,-35,1598605888855
0,83,D0:F0:18:43:F8:33,-82,1598605889360
1,84,D0:F0:18:43:F8:2F,-72,1598605889362
2,85,D0:F0:18:43:F8:49,-35,1598605889363
0,86,D0:F0:18:43:F8:2F,-72,1598605889864
1,87,D0:F0:18:43:F8:49,-35,1598605889866
0,88,D0:F0:18:43:F8:33,-82,1598605890371
1,89,D0:F0:18:43:F8:2F,-82,1598605890372
