0,0,D0:F0:18:43:F8:33,-68,1597407530225
1,1,D0:F0:18:43:F8:2F,-68,1597407530235
2,2,D0:F0:18:43:F8:49,-38,1597407530237
0,3,D0:F0:18:43:F8:33,-73,1597407530754
1,4,D0:F0:18:43:F8:49,-36,1597407530762
0,5,D0:F0:18:43:F8:33,-69,1597407531286
1,6,D0:F0:18:43:F8:2F,-71,1597407531292
2,7,D0:F0:18:43:F8:49,-36,1597407531295
0,8,D0:F0:18:43:F8:33,-74,1597407531813
1,9,D0:F0:18:43:F8:2F,-70,1597407531821
2,10,D0:F0:18:43:F8:49,-36,1597407531825
0,11,D0:F0:18:43:F8:33,-69,1597407532343
1,12,D0:F0:18:43:F8:2F,-71,1597407532351
2,13,D0:F0:18:43:F8:49,-36,1597407532357
0,14,D0:F0:18:43:F8:33,-74,1597407532864
1,15,D0:F0:18:43:F8:2F,-70,1597407532868
2,16,D0:F0:18:43:F8:49,-37,1597407532870
0,17,D0:F0:18:43:F8:33,-69,1597407533398
1,18,D0:F0:18:43:F8:49,-36,1597407533406
0,19,D0:F0:18:43:F8:33,-73,1597407533904
1,20,D0:F0:18:43:F8:2F,-74,1597407533907
2,21,D0:F0:18:43:F8:49,-37,1597407533908
0,22,D0:F0:18:43:F8:33,-69,1597407534425
1,23,D0:F0:18:43:F8:2F,-70,1597407534432
2,24,D0:F0:18:43:F8:49,-36,1597407534436
0,25,D0:F0:18:43:F8:49,-37,1597407534947
0,26,D0:F0:18:43:F8:33,-74,1597407535473
1,27,D0:F0:18:43:F8:2F,-70,1597407535480
2,28,D0:F0:18:43:F8:49,-38,1597407535484
0,29,D0:F0:18:43:F8:33,-69,1597407536000
1,30,D0:F0:18:43:F8:2F,-70,1597407536008
2,31,D0:F0:18:43:F8:49,-37,1597407536012
0,32,D0:F0:18:43:F8:2F,-73,1597407536523
1,33,D0:F0:18:43:F8:49,-37,1597407536531
0,34,D0:F0:18:43:F8:33,-74,1597407537047
1,35,D0:F0:18:43:F8:2F,-70,1597407537055
2,36,D0:F0:18:43:F8:49,-37,1597407537059
0,37,D0:F0:18:43:F8:33,-69,1597407537560
1,38,D0:F0:18:43:F8:2F,-71,1597407537567
2,39,D0:F0:18:43:F8:49,-37,1597407537570
0,40,D0:F0:18:43:F8:33,-69,1597407538084
1,41,D0:F0:18:43:F8:2F,-73,1597407538092
2,42,D0:F0:18:43:F8:49,-37,1597407538097
0,43,D0:F0:18:43:F8:33,-77,1597407538609
1,44,D0:F0:18:43:F8:2F,-69,1597407538616
2,45,D0:F0:18:43:F8:49,-36,1597407538619
0,46,D0:F0:18:43:F8:33,-74,1597407539134
1,47,D0:F0:18:43:F8:2F,-73,1597407539141
2,48,D0:F0:18:43:F8:49,-37,1597407539145
0,49,D0:F0:18:43:F8:33,-70,1597407539660
1,50,D0:F0:18:43:F8:49,-37,1597407539669
0,51,D0:F0:18:43:F8:33,-72,1597407540177
1,52,D0:F0:18:43:F8:2F,-73,1597407540185
2,53,D0:F0:18:43:F8:49,-37,1597407540189
0,54,D0:F0:18:43:F8:33,-69,1597407540694
1,55,D0:F0:18:43:F8:2F,-71,1597407540701
0,56,D0:F0:18:43:F8:33,-69,1597407541203
1,57,D0:F0:18:43:F8:49,-38,1597407541208
0,58,D0:F0:18:43:F8:33,-74,1597407541725
1,59,D0:F0:18:43:F8:2F,-73,1597407541732
0,0,D0:F0:18:43:F8:2F,-76,1597407545356
1,1,D0:F0:18:43:F8:49,-63,1597407545360
0,2,D0:F0:18:43:F8:33,-71,1597407545880
1,3,D0:F0:18:43:F8:2F,-78,1597407545887
2,4,D0:F0:18:43:F8:49,-67,1597407545892
0,5,D0:F0:18:43:F8:49,-59,1597407546396
0,6,D0:F0:18:43:F8:33,-84,1597407546919
1,7,D0:F0:18:43:F8:49,-59,1597407546926
0,8,D0:F0:18:43:F8:33,-71,1597407547437
1,9,D0:F0:18:43:F8:49,-66,1597407547444
0,10,D0:F0:18:43:F8:33,-79,1597407547960
1,11,D0:F0:18:43:F8:2F,-74,1597407547967
2,12,D0:F0:18:43:F8:49,-58,1597407547971
0,13,D0:F0:18:43:F8:33,-71,1597407548480
1,14,D0:F0:18:43:F8:49,-58,1597407548487
0,15,D0:F0:18:43:F8:33,-71,1597407548987
1,16,D0:F0:18:43:F8:2F,-86,1597407548991
2,17,D0:F0:18:43:F8:49,-59,1597407548992
0,18,D0:F0:18:43:F8:33,-72,1597407549513
1,19,D0:F0:18:43:F8:2F,-76,1597407549520
2,20,D0:F0:18:43:F8:49,-66,1597407549524
0,21,D0:F0:18:43:F8:33,-71,1597407550038
1,22,D0:F0:18:43:F8:2F,-79,1597407550045
2,23,D0:F0:18:43:F8:49,-58,1597407550048
0,24,D0:F0:18:43:F8:33,-78,1597407550561
1,25,D0:F0:18:43:F8:2F,-75,1597407550569
2,26,D0:F0:18:43:F8:49,-59,1597407550573
0,27,D0:F0:18:43:F8:33,-71,1597407551080
1,28,D0:F0:18:43:F8:49,-58,1597407551087
0,29,D0:F0:18:43:F8:33,-70,1597407551604
1,30,D0:F0:18:43:F8:2F,-80,1597407551612
2,31,D0:F0:18:43:F8:49,-59,1597407551617
0,32,D0:F0:18:43:F8:33,-84,1597407552124
1,33,D0:F0:18:43:F8:2F,-82,1597407552133
0,34,D0:F0:18:43:F8:33,-73,1597407552658
1,35,D0:F0:18:43:F8:2F,-83,1597407552664
2,36,D0:F0:18:43:F8:49,-58,1597407552668
0,37,D0:F0:18:43:F8:33,-80,1597407553189
1,38,D0:F0:18:43:F8:2F,-76,1597407553199
2,39,D0:F0:18:43:F8:49,-59,1597407553204
0,40,D0:F0:18:43:F8:33,-71,1597407553702
1,41,D0:F0:18:43:F8:49,-58,1597407553710
0,42,D0:F0:18:43:F8:2F,-85,1597407554216
1,43,D0:F0:18:43:F8:49,-59,1597407554232
0,44,D0:F0:18:43:F8:2F,-77,1597407554734
1,45,D0:F0:18:43:F8:49,-70,1597407554741
0,46,D0:F0:18:43:F8:2F,-77,1597407555249
1,47,D0:F0:18:43:F8:49,-58,1597407555256
0,48,D0:F0:18:43:F8:33,-70,1597407556274
1,49,D0:F0:18:43:F8:2F,-77,1597407556283
0,50,D0:F0:18:43:F8:33,-79,1597407556792
1,51,D0:F0:18:43:F8:2F,-77,1597407556801
2,52,D0:F0:18:43:F8:49,-59,1597407556805
0,53,D0:F0:18:43:F8:33,-71,1597407557306
1,54,D0:F0:18:43:F8:2F,-84,1597407557312
2,55,D0:F0:18:43:F8:49,-58,1597407557315
0,56,D0:F0:18:43:F8:2F,-76,1597407557818
1,57,D0:F0:18:43:F8:49,-59,1597407557826
0,58,D0:F0:18:43:F8:33,-71,1597407558335
1,59,D0:F0:18:43:F8:2F,-80,1597407558342
0,0,D0:F0:18:43:F8:33,-82,1597407562964
1,1,D0:F0:18:43:F8:2F,-71,1597407562972
2,2,D0:F0:18:43:F8:49,-59,1597407562976
0,3,D0:F0:18:43:F8:49,-60,1597407563481
0,4,D0:F0:18:43:F8:33,-79,1597407563997
1,5,D0:F0:18:43:F8:2F,-83,1597407564009
0,6,D0:F0:18:43:F8:33,-74,1597407564506
1,7,D0:F0:18:43:F8:2F,-71,1597407564513
2,8,D0:F0:18:43:F8:49,-61,1597407564517
0,9,D0:F0:18:43:F8:33,-81,1597407565027
1,10,D0:F0:18:43:F8:2F,-73,1597407565034
2,11,D0:F0:18:43:F8:49,-59,1597407565037
0,12,D0:F0:18:43:F8:2F,-78,1597407565539
1,13,D0:F0:18:43:F8:49,-59,1597407565549
0,14,D0:F0:18:43:F8:33,-81,1597407566051
1,15,D0:F0:18:43:F8:2F,-68,1597407566058
2,16,D0:F0:18:43:F8:49,-62,1597407566062
0,17,D0:F0:18:43:F8:2F,-73,1597407566564
1,18,D0:F0:18:43:F8:49,-60,1597407566574
0,19,D0:F0:18:43:F8:33,-83,1597407567076
1,20,D0:F0:18:43:F8:49,-60,1597407567083
0,21,D0:F0:18:43:F8:2F,-71,1597407568099
1,22,D0:F0:18:43:F8:49,-58,1597407568108
0,23,D0:F0:18:43:F8:2F,-72,1597407568613
1,24,D0:F0:18:43:F8:49,-62,1597407568621
0,25,D0:F0:18:43:F8:33,-82,1597407569122
1,26,D0:F0:18:43:F8:2F,-72,1597407569125
0,27,D0:F0:18:43:F8:49,-61,1597407569633
0,28,D0:F0:18:43:F8:33,-77,1597407570145
1,29,D0:F0:18:43:F8:2F,-74,1597407570152
0,30,D0:F0:18:43:F8:33,-79,1597407571157
1,31,D0:F0:18:43:F8:2F,-71,1597407571160
2,32,D0:F0:18:43:F8:49,-63,1597407571161
0,33,D0:F0:18:43:F8:2F,-71,1597407571672
1,34,D0:F0:18:43:F8:49,-58,1597407571678
0,35,D0:F0:18:43:F8:33,-82,1597407572182
1,36,D0:F0:18:43:F8:2F,-71,1597407572188
2,37,D0:F0:18:43:F8:49,-61,1597407572194
0,38,D0:F0:18:43:F8:33,-81,1597407572691
1,39,D0:F0:18:43:F8:49,-58,1597407572699
0,40,D0:F0:18:43:F8:33,-77,1597407573202
1,41,D0:F0:18:43:F8:2F,-71,1597407573208
2,42,D0:F0:18:43:F8:49,-61,1597407573212
0,43,D0:F0:18:43:F8:2F,-80,1597407573713
0,44,D0:F0:18:43:F8:33,-75,1597407574222
1,45,D0:F0:18:43:F8:2F,-71,1597407574230
2,46,D0:F0:18:43:F8:49,-59,1597407574233
0,47,D0:F0:18:43:F8:2F,-79,1597407574732
1,48,D0:F0:18:43:F8:49,-60,1597407574738
0,49,D0:F0:18:43:F8:33,-76,1597407575242
1,50,D0:F0:18:43:F8:2F,-71,1597407575248
2,51,D0:F0:18:43:F8:49,-59,1597407575251
0,52,D0:F0:18:43:F8:2F,-71,1597407575752
1,53,D0:F0:18:43:F8:49,-59,1597407575758
0,54,D0:F0:18:43:F8:2F,-76,1597407576262
1,55,D0:F0:18:43:F8:49,-62,1597407576269
0,56,D0:F0:18:43:F8:2F,-71,1597407576771
1,57,D0:F0:18:43:F8:49,-59,1597407576778
0,58,D0:F0:18:43:F8:33,-82,1597407577282
1,59,D0:F0:18:43:F8:2F,-70,1597407577288
0,0,D0:F0:18:43:F8:33,-72,1597407581355
1,1,D0:F0:18:43:F8:49,-64,1597407581362
0,2,D0:F0:18:43:F8:33,-72,1597407581864
1,3,D0:F0:18:43:F8:49,-64,1597407581870
0,4,D0:F0:18:43:F8:33,-82,1597407582374
1,5,D0:F0:18:43:F8:2F,-66,1597407582381
2,6,D0:F0:18:43:F8:49,-66,1597407582384
0,7,D0:F0:18:43:F8:33,-73,1597407582884
1,8,D0:F0:18:43:F8:2F,-79,1597407582891
2,9,D0:F0:18:43:F8:49,-66,1597407582894
0,10,D0:F0:18:43:F8:33,-71,1597407583395
1,11,D0:F0:18:43:F8:2F,-74,1597407583401
2,12,D0:F0:18:43:F8:49,-62,1597407583405
0,13,D0:F0:18:43:F8:2F,-68,1597407583904
0,14,D0:F0:18:43:F8:33,-76,1597407584414
1,15,D0:F0:18:43:F8:49,-65,1597407584420
0,16,D0:F0:18:43:F8:33,-75,1597407584925
1,17,D0:F0:18:43:F8:2F,-81,1597407584931
2,18,D0:F0:18:43:F8:49,-64,1597407584934
0,19,D0:F0:18:43:F8:33,-75,1597407585435
1,20,D0:F0:18:43:F8:2F,-70,1597407585441
2,21,D0:F0:18:43:F8:49,-66,1597407585444
0,22,D0:F0:18:43:F8:33,-78,1597407585945
1,23,D0:F0:18:43:F8:2F,-76,1597407585951
2,24,D0:F0:18:43:F8:49,-64,1597407585954
0,25,D0:F0:18:43:F8:33,-73,1597407586454
1,26,D0:F0:18:43:F8:2F,-71,1597407586460
0,27,D0:F0:18:43:F8:33,-74,1597407586965
1,28,D0:F0:18:43:F8:49,-64,1597407586972
0,29,D0:F0:18:43:F8:33,-74,1597407587476
1,30,D0:F0:18:43:F8:2F,-72,1597407587483
2,31,D0:F0:18:43:F8:49,-68,1597407587486
0,32,D0:F0:18:43:F8:33,-75,1597407587985
1,33,D0:F0:18:43:F8:49,-63,1597407587991
0,34,D0:F0:18:43:F8:2F,-77,1597407588494
1,35,D0:F0:18:43:F8:49,-63,1597407588500
0,36,D0:F0:18:43:F8:33,-71,1597407589005
1,37,D0:F0:18:43:F8:2F,-73,1597407589011
2,38,D0:F0:18:43:F8:49,-63,1597407589014
0,39,D0:F0:18:43:F8:2F,-79,1597407589517
1,40,D0:F0:18:43:F8:49,-62,1597407589527
0,41,D0:F0:18:43:F8:33,-74,1597407590036
1,42,D0:F0:18:43:F8:2F,-73,1597407590043
2,43,D0:F0:18:43:F8:49,-70,1597407590046
0,44,D0:F0:18:43:F8:33,-73,1597407590544
1,45,D0:F0:18:43:F8:2F,-71,1597407590550
2,46,D0:F0:18:43:F8:49,-62,1597407590553
0,47,D0:F0:18:43:F8:33,-76,1597407591054
1,48,D0:F0:18:43:F8:2F,-79,1597407591062
2,49,D0:F0:18:43:F8:49,-63,1597407591065
0,50,D0:F0:18:43:F8:33,-75,1597407591564
1,51,D0:F0:18:43:F8:49,-66,1597407591571
0,52,D0:F0:18:43:F8:33,-76,1597407592074
1,53,D0:F0:18:43:F8:2F,-74,1597407592084
2,54,D0:F0:18:43:F8:49,-68,1597407592087
0,55,D0:F0:18:43:F8:33,-73,1597407592584
1,56,D0:F0:18:43:F8:2F,-68,1597407592590
2,57,D0:F0:18:43:F8:49,-66,1597407592593
0,58,D0:F0:18:43:F8:2F,-71,1597407593094
1,59,D0:F0:18:43:F8:49,-64,1597407593099
0,0,D0:F0:18:43:F8:33,-83,1597407598200
1,1,D0:F0:18:43:F8:49,-76,1597407598207
0,2,D0:F0:18:43:F8:33,-75,1597407598710
1,3,D0:F0:18:43:F8:2F,-68,1597407598716
2,4,D0:F0:18:43:F8:49,-77,1597407598719
0,5,D0:F0:18:43:F8:33,-72,1597407599226
1,6,D0:F0:18:43:F8:2F,-71,1597407599235
0,7,D0:F0:18:43:F8:2F,-65,1597407599734
1,8,D0:F0:18:43:F8:49,-79,1597407599742
0,9,D0:F0:18:43:F8:2F,-71,1597407600244
1,10,D0:F0:18:43:F8:49,-74,1597407600250
0,11,D0:F0:18:43:F8:33,-76,1597407600753
1,12,D0:F0:18:43:F8:49,-76,1597407600759
0,13,D0:F0:18:43:F8:33,-76,1597407601255
1,14,D0:F0:18:43:F8:2F,-69,1597407601257
2,15,D0:F0:18:43:F8:49,-82,1597407601259
0,16,D0:F0:18:43:F8:33,-75,1597407601770
1,17,D0:F0:18:43:F8:2F,-74,1597407601776
2,18,D0:F0:18:43:F8:49,-71,1597407601779
0,19,D0:F0:18:43:F8:33,-80,1597407602280
1,20,D0:F0:18:43:F8:2F,-71,1597407602290
2,21,D0:F0:18:43:F8:49,-82,1597407602293
0,22,D0:F0:18:43:F8:2F,-66,1597407602789
1,23,D0:F0:18:43:F8:49,-77,1597407602797
0,24,D0:F0:18:43:F8:33,-71,1597407603298
1,25,D0:F0:18:43:F8:2F,-69,1597407603304
2,26,D0:F0:18:43:F8:49,-85,1597407603307
0,27,D0:F0:18:43:F8:33,-74,1597407603807
0,28,D0:F0:18:43:F8:33,-81,1597407604317
1,29,D0:F0:18:43:F8:49,-72,1597407604325
0,30,D0:F0:18:43:F8:33,-80,1597407604827
1,31,D0:F0:18:43:F8:2F,-70,1597407604835
0,32,D0:F0:18:43:F8:33,-71,1597407605337
1,33,D0:F0:18:43:F8:49,-74,1597407605343
0,34,D0:F0:18:43:F8:2F,-72,1597407605850
0,35,D0:F0:18:43:F8:33,-80,1597407606356
1,36,D0:F0:18:43:F8:2F,-70,1597407606362
0,37,D0:F0:18:43:F8:33,-71,1597407606868
1,38,D0:F0:18:43:F8:2F,-66,1597407606874
2,39,D0:F0:18:43:F8:49,-74,1597407606877
0,40,D0:F0:18:43:F8:33,-77,1597407607380
1,41,D0:F0:18:43:F8:2F,-71,1597407607385
2,42,D0:F0:18:43:F8:49,-83,1597407607388
0,43,D0:F0:18:43:F8:2F,-68,1597407607888
1,44,D0:F0:18:43:F8:49,-73,1597407607898
0,45,D0:F0:18:43:F8:33,-71,1597407608397
1,46,D0:F0:18:43:F8:49,-79,1597407608403
0,47,D0:F0:18:43:F8:49,-74,1597407608908
0,48,D0:F0:18:43:F8:33,-76,1597407609415
1,49,D0:F0:18:43:F8:2F,-71,1597407609421
2,50,D0:F0:18:43:F8:49,-79,1597407609423
0,51,D0:F0:18:43:F8:33,-78,1597407609925
1,52,D0:F0:18:43:F8:2F,-66,1597407609933
2,53,D0:F0:18:43:F8:49,-73,1597407609937
0,54,D0:F0:18:43:F8:2F,-73,1597407610433
0,55,D0:F0:18:43:F8:33,-76,1597407610943
1,56,D0:F0:18:43:F8:49,-77,1597407610950
0,57,D0:F0:18:43:F8:33,-79,1597407611451
1,58,D0:F0:18:43:F8:2F,-66,1597407611457
0,59,D0:F0:18:43:F8:33,-73,1597407611959
0,0,D0:F0:18:43:F8:2F,-73,1597407615523
1,1,D0:F0:18:43:F8:49,-71,1597407615525
0,2,D0:F0:18:43:F8:33,-79,1597407616033
1,3,D0:F0:18:43:F8:2F,-79,1597407616037
0,4,D0:F0:18:43:F8:33,-74,1597407616543
1,5,D0:F0:18:43:F8:49,-82,1597407616548
0,6,D0:F0:18:43:F8:33,-71,1597407617049
1,7,D0:F0:18:43:F8:49,-74,1597407617053
0,8,D0:F0:18:43:F8:49,-81,1597407617557
0,9,D0:F0:18:43:F8:49,-73,1597407618067
0,10,D0:F0:18:43:F8:2F,-71,1597407618577
0,11,D0:F0:18:43:F8:2F,-81,1597407619083
1,12,D0:F0:18:43:F8:49,-81,1597407619088
0,13,D0:F0:18:43:F8:33,-72,1597407619590
1,14,D0:F0:18:43:F8:49,-72,1597407619597
0,15,D0:F0:18:43:F8:2F,-73,1597407620099
1,16,D0:F0:18:43:F8:49,-73,1597407620105
0,17,D0:F0:18:43:F8:49,-80,1597407620607
0,18,D0:F0:18:43:F8:33,-82,1597407621113
0,19,D0:F0:18:43:F8:33,-73,1597407622131
1,20,D0:F0:18:43:F8:2F,-80,1597407622138
2,21,D0:F0:18:43:F8:49,-77,1597407622144
0,22,D0:F0:18:43:F8:33,-82,1597407622639
1,23,D0:F0:18:43:F8:2F,-80,1597407622645
2,24,D0:F0:18:43:F8:49,-71,1597407622648
0,25,D0:F0:18:43:F8:2F,-76,1597407623148
1,26,D0:F0:18:43:F8:49,-71,1597407623153
0,27,D0:F0:18:43:F8:2F,-80,1597407623650
1,28,D0:F0:18:43:F8:49,-89,1597407623652
0,29,D0:F0:18:43:F8:2F,-75,1597407624161
1,30,D0:F0:18:43:F8:49,-71,1597407624168
0,31,D0:F0:18:43:F8:33,-80,1597407624668
1,32,D0:F0:18:43:F8:2F,-74,1597407624673
2,33,D0:F0:18:43:F8:49,-74,1597407624676
0,34,D0:F0:18:43:F8:2F,-78,1597407625178
0,35,D0:F0:18:43:F8:33,-78,1597407625681
1,36,D0:F0:18:43:F8:49,-71,1597407625684
0,37,D0:F0:18:43:F8:2F,-76,1597407626189
1,38,D0:F0:18:43:F8:49,-86,1597407626195
0,39,D0:F0:18:43:F8:2F,-74,1597407626696
1,40,D0:F0:18:43:F8:49,-71,1597407626702
0,41,D0:F0:18:43:F8:33,-71,1597407627204
1,42,D0:F0:18:43:F8:2F,-80,1597407627208
2,43,D0:F0:18:43:F8:49,-74,1597407627211
0,44,D0:F0:18:43:F8:33,-79,1597407627711
1,45,D0:F0:18:43:F8:49,-71,1597407627716
0,46,D0:F0:18:43:F8:2F,-76,1597407628220
1,47,D0:F0:18:43:F8:49,-74,1597407628225
0,48,D0:F0:18:43:F8:33,-79,1597407628727
1,49,D0:F0:18:43:F8:2F,-76,1597407628732
0,50,D0:F0:18:43:F8:49,-71,1597407629237
0,51,D0:F0:18:43:F8:33,-71,1597407629744
1,52,D0:F0:18:43:F8:2F,-80,1597407629748
2,53,D0:F0:18:43:F8:49,-74,1597407629753
0,54,D0:F0:18:43:F8:33,-79,1597407630252
1,55,D0:F0:18:43:F8:2F,-77,1597407630256
2,56,D0:F0:18:43:F8:49,-71,1597407630258
0,57,D0:F0:18:43:F8:2F,-75,1597407630762
1,58,D0:F0:18:43:F8:49,-71,1597407630767
0,59,D0:F0:18:43:F8:33,-71,1597407631269
0,0,D0:F0:18:43:F8:33,-75,1597407635844
1,1,D0:F0:18:43:F8:2F,-89,1597407635847
2,2,D0:F0:18:43:F8:49,-71,1597407635848
0,3,D0:F0:18:43:F8:33,-77,1597407636351
1,4,D0:F0:18:43:F8:2F,-78,1597407636355
2,5,D0:F0:18:43:F8:49,-71,1597407636357
0,6,D0:F0:18:43:F8:33,-79,1597407636858
1,7,D0:F0:18:43:F8:49,-71,1597407636862
0,8,D0:F0:18:43:F8:2F,-82,1597407637365
1,9,D0:F0:18:43:F8:49,-70,1597407637369
0,10,D0:F0:18:43:F8:33,-77,1597407637874
0,11,D0:F0:18:43:F8:49,-72,1597407638382
0,12,D0:F0:18:43:F8:33,-78,1597407638889
0,13,D0:F0:18:43:F8:33,-76,1597407639399
1,14,D0:F0:18:43:F8:2F,-76,1597407639404
2,15,D0:F0:18:43:F8:49,-72,1597407639407
0,16,D0:F0:18:43:F8:33,-74,1597407639914
1,17,D0:F0:18:43:F8:2F,-71,1597407639918
2,18,D0:F0:18:43:F8:49,-71,1597407639919
0,19,D0:F0:18:43:F8:33,-75,1597407640422
1,20,D0:F0:18:43:F8:2F,-77,1597407640426
2,21,D0:F0:18:43:F8:49,-73,1597407640428
0,22,D0:F0:18:43:F8:2F,-73,1597407640933
0,23,D0:F0:18:43:F8:33,-74,1597407641439
1,24,D0:F0:18:43:F8:49,-72,1597407641443
0,25,D0:F0:18:43:F8:33,-76,1597407641947
1,26,D0:F0:18:43:F8:2F,-74,1597407641953
2,27,D0:F0:18:43:F8:49,-73,1597407641954
0,28,D0:F0:18:43:F8:33,-76,1597407642455
1,29,D0:F0:18:43:F8:2F,-74,1597407642459
2,30,D0:F0:18:43:F8:49,-72,1597407642461
0,31,D0:F0:18:43:F8:33,-76,1597407642962
1,32,D0:F0:18:43:F8:49,-73,1597407642967
0,33,D0:F0:18:43:F8:33,-76,1597407643469
1,34,D0:F0:18:43:F8:2F,-72,1597407643472
2,35,D0:F0:18:43:F8:49,-73,1597407643476
0,36,D0:F0:18:43:F8:33,-73,1597407643975
1,37,D0:F0:18:43:F8:2F,-73,1597407643979
0,38,D0:F0:18:43:F8:33,-75,1597407644486
1,39,D0:F0:18:43:F8:2F,-76,1597407644489
2,40,D0:F0:18:43:F8:49,-73,1597407644491
0,41,D0:F0:18:43:F8:33,-77,1597407644996
1,42,D0:F0:18:43:F8:2F,-73,1597407645000
2,43,D0:F0:18:43:F8:49,-72,1597407645002
0,44,D0:F0:18:43:F8:2F,-76,1597407645505
1,45,D0:F0:18:43:F8:49,-72,1597407645511
0,46,D0:F0:18:43:F8:33,-75,1597407646010
1,47,D0:F0:18:43:F8:49,-73,1597407646017
0,48,D0:F0:18:43:F8:33,-77,1597407646517
1,49,D0:F0:18:43:F8:2F,-72,1597407646520
2,50,D0:F0:18:43:F8:49,-72,1597407646522
0,51,D0:F0:18:43:F8:33,-73,1597407647024
1,52,D0:F0:18:43:F8:2F,-77,1597407647028
2,53,D0:F0:18:43:F8:49,-73,1597407647029
0,54,D0:F0:18:43:F8:33,-75,1597407647533
1,55,D0:F0:18:43:F8:49,-71,1597407647537
0,56,D0:F0:18:43:F8:33,-73,1597407648041
1,57,D0:F0:18:43:F8:2F,-74,1597407648045
2,58,D0:F0:18:43:F8:49,-73,1597407648047
0,59,D0:F0:18:43:F8:33,-74,1597407648550
0,0,D0:F0:18:43:F8:2F,-70,1597407653624
1,1,D0:F0:18:43:F8:49,-71,1597407653630
0,2,D0:F0:18:43:F8:33,-80,1597407654131
1,3,D0:F0:18:43:F8:49,-73,1597407654134
0,4,D0:F0:18:43:F8:33,-70,1597407654637
1,5,D0:F0:18:43:F8:2F,-74,1597407654640
0,6,D0:F0:18:43:F8:33,-70,1597407655146
1,7,D0:F0:18:43:F8:49,-74,1597407655151
0,8,D0:F0:18:43:F8:2F,-71,1597407655653
1,9,D0:F0:18:43:F8:49,-72,1597407655656
0,10,D0:F0:18:43:F8:2F,-73,1597407656158
0,11,D0:F0:18:43:F8:33,-76,1597407656665
1,12,D0:F0:18:43:F8:2F,-78,1597407656669
2,13,D0:F0:18:43:F8:49,-73,1597407656671
0,14,D0:F0:18:43:F8:33,-71,1597407657172
1,15,D0:F0:18:43:F8:2F,-71,1597407657175
0,16,D0:F0:18:43:F8:33,-77,1597407657679
1,17,D0:F0:18:43:F8:49,-71,1597407657682
0,18,D0:F0:18:43:F8:33,-79,1597407658186
1,19,D0:F0:18:43:F8:2F,-71,1597407658190
2,20,D0:F0:18:43:F8:49,-74,1597407658191
0,21,D0:F0:18:43:F8:2F,-81,1597407658693
1,22,D0:F0:18:43:F8:49,-71,1597407658698
0,23,D0:F0:18:43:F8:2F,-82,1597407659201
1,24,D0:F0:18:43:F8:49,-71,1597407659205
0,25,D0:F0:18:43:F8:2F,-77,1597407659708
1,26,D0:F0:18:43:F8:49,-72,1597407659711
0,27,D0:F0:18:43:F8:33,-80,1597407660215
0,28,D0:F0:18:43:F8:49,-77,1597407660722
0,29,D0:F0:18:43:F8:33,-71,1597407661229
1,30,D0:F0:18:43:F8:2F,-83,1597407661234
2,31,D0:F0:18:43:F8:49,-72,1597407661237
0,32,D0:F0:18:43:F8:33,-76,1597407661736
1,33,D0:F0:18:43:F8:49,-71,1597407661739
0,34,D0:F0:18:43:F8:33,-72,1597407662243
1,35,D0:F0:18:43:F8:2F,-92,1597407662246
2,36,D0:F0:18:43:F8:49,-76,1597407662248
0,37,D0:F0:18:43:F8:2F,-88,1597407662749
1,38,D0:F0:18:43:F8:49,-71,1597407662753
0,39,D0:F0:18:43:F8:33,-80,1597407663256
1,40,D0:F0:18:43:F8:2F,-71,1597407663259
2,41,D0:F0:18:43:F8:49,-75,1597407663261
0,42,D0:F0:18:43:F8:49,-71,1597407663762
0,43,D0:F0:18:43:F8:33,-72,1597407664269
1,44,D0:F0:18:43:F8:49,-71,1597407664274
0,45,D0:F0:18:43:F8:33,-71,1597407665285
1,46,D0:F0:18:43:F8:49,-76,1597407665291
0,47,D0:F0:18:43:F8:49,-72,1597407665792
0,48,D0:F0:18:43:F8:49,-76,1597407666296
0,49,D0:F0:18:43:F8:49,-71,1597407666803
0,50,D0:F0:18:43:F8:33,-80,1597407667309
1,51,D0:F0:18:43:F8:2F,-77,1597407667315
2,52,D0:F0:18:43:F8:49,-76,1597407667317
0,53,D0:F0:18:43:F8:33,-72,1597407667818
1,54,D0:F0:18:43:F8:2F,-77,1597407667821
2,55,D0:F0:18:43:F8:49,-73,1597407667822
0,56,D0:F0:18:43:F8:33,-75,1597407668324
1,57,D0:F0:18:43:F8:2F,-73,1597407668327
2,58,D0:F0:18:43:F8:49,-71,1597407668328
0,59,D0:F0:18:43:F8:33,-76,1597407668831
0,0,D0:F0:18:43:F8:2F,-77,1597407673390
1,1,D0:F0:18:43:F8:49,-74,1597407673393
0,2,D0:F0:18:43:F8:49,-76,1597407673897
0,3,D0:F0:18:43:F8:33,-72,1597407674404
1,4,D0:F0:18:43:F8:2F,-75,1597407674407
0,5,D0:F0:18:43:F8:2F,-77,1597407674905
0,6,D0:F0:18:43:F8:33,-82,1597407675415
1,7,D0:F0:18:43:F8:49,-74,1597407675418
0,8,D0:F0:18:43:F8:2F,-82,1597407675923
0,9,D0:F0:18:43:F8:2F,-75,1597407676429
1,10,D0:F0:18:43:F8:49,-76,1597407676433
0,11,D0:F0:18:43:F8:33,-77,1597407676936
1,12,D0:F0:18:43:F8:2F,-79,1597407676939
2,13,D0:F0:18:43:F8:49,-74,1597407676940
0,14,D0:F0:18:43:F8:33,-73,1597407677444
1,15,D0:F0:18:43:F8:2F,-80,1597407677449
2,16,D0:F0:18:43:F8:49,-82,1597407677450
0,17,D0:F0:18:43:F8:33,-82,1597407677952
1,18,D0:F0:18:43:F8:2F,-73,1597407677956
2,19,D0:F0:18:43:F8:49,-76,1597407677957
0,20,D0:F0:18:43:F8:33,-73,1597407678458
1,21,D0:F0:18:43:F8:2F,-79,1597407678462
0,22,D0:F0:18:43:F8:49,-74,1597407678964
0,23,D0:F0:18:43:F8:2F,-77,1597407679470
1,24,D0:F0:18:43:F8:49,-75,1597407679473
0,25,D0:F0:18:43:F8:33,-81,1597407679976
1,26,D0:F0:18:43:F8:49,-77,1597407679979
0,27,D0:F0:18:43:F8:2F,-77,1597407680482
1,28,D0:F0:18:43:F8:49,-74,1597407680484
0,29,D0:F0:18:43:F8:33,-71,1597407680989
1,30,D0:F0:18:43:F8:2F,-74,1597407680993
2,31,D0:F0:18:43:F8:49,-74,1597407680994
0,32,D0:F0:18:43:F8:33,-76,1597407681998
1,33,D0:F0:18:43:F8:49,-75,1597407682001
0,34,D0:F0:18:43:F8:33,-71,1597407682504
1,35,D0:F0:18:43:F8:2F,-84,1597407682507
0,36,D0:F0:18:43:F8:2F,-79,1597407683013
0,37,D0:F0:18:43:F8:33,-76,1597407683519
1,38,D0:F0:18:43:F8:49,-79,1597407683522
0,39,D0:F0:18:43:F8:33,-84,1597407684027
1,40,D0:F0:18:43:F8:2F,-74,1597407684029
0,41,D0:F0:18:43:F8:33,-71,1597407684533
1,42,D0:F0:18:43:F8:2F,-74,1597407684536
2,43,D0:F0:18:43:F8:49,-75,1597407684537
0,44,D0:F0:18:43:F8:2F,-74,1597407685039
0,45,D0:F0:18:43:F8:2F,-74,1597407685545
1,46,D0:F0:18:43:F8:49,-82,1597407685548
0,47,D0:F0:18:43:F8:33,-73,1597407686053
1,48,D0:F0:18:43:F8:2F,-82,1597407686055
2,49,D0:F0:18:43:F8:49,-76,1597407686057
0,50,D0:F0:18:43:F8:33,-82,1597407686558
0,51,D0:F0:18:43:F8:33,-79,1597407687065
1,52,D0:F0:18:43:F8:2F,-73,1597407687067
2,53,D0:F0:18:43:F8:49,-82,1597407687068
0,54,D0:F0:18:43:F8:33,-70,1597407687571
1,55,D0:F0:18:43:F8:2F,-74,1597407687574
2,56,D0:F0:18:43:F8:49,-77,1597407687575
0,57,D0:F0:18:43:F8:2F,-73,1597407688077
1,58,D0:F0:18:43:F8:49,-77,1597407688079
0,59,D0:F0:18:43:F8:33,-75,1597407688583
0,0,D0:F0:18:43:F8:33,-76,1597407692633
1,1,D0:F0:18:43:F8:2F,-78,1597407692635
2,2,D0:F0:18:43:F8:49,-71,1597407692636
0,3,D0:F0:18:43:F8:33,-67,1597407693140
1,4,D0:F0:18:43:F8:49,-83,1597407693142
0,5,D0:F0:18:43:F8:33,-75,1597407693645
1,6,D0:F0:18:43:F8:2F,-69,1597407693648
2,7,D0:F0:18:43:F8:49,-75,1597407693649
0,8,D0:F0:18:43:F8:33,-73,1597407694152
0,9,D0:F0:18:43:F8:33,-67,1597407694657
0,10,D0:F0:18:43:F8:2F,-68,1597407695164
0,11,D0:F0:18:43:F8:33,-72,1597407695670
1,12,D0:F0:18:43:F8:2F,-78,1597407695673
0,13,D0:F0:18:43:F8:33,-67,1597407696176
1,14,D0:F0:18:43:F8:2F,-71,1597407696179
0,15,D0:F0:18:43:F8:33,-69,1597407696683
1,16,D0:F0:18:43:F8:49,-84,1597407696685
0,17,D0:F0:18:43:F8:2F,-82,1597407697188
0,18,D0:F0:18:43:F8:33,-74,1597407697695
1,19,D0:F0:18:43:F8:2F,-69,1597407697698
2,20,D0:F0:18:43:F8:49,-77,1597407697699
0,21,D0:F0:18:43:F8:33,-69,1597407698202
1,22,D0:F0:18:43:F8:2F,-68,1597407698204
0,23,D0:F0:18:43:F8:33,-77,1597407698708
1,24,D0:F0:18:43:F8:2F,-86,1597407698711
2,25,D0:F0:18:43:F8:49,-74,1597407698712
0,26,D0:F0:18:43:F8:33,-69,1597407699221
1,27,D0:F0:18:43:F8:2F,-68,1597407699224
0,28,D0:F0:18:43:F8:33,-69,1597407699727
1,29,D0:F0:18:43:F8:2F,-83,1597407699729
2,30,D0:F0:18:43:F8:49,-84,1597407699730
0,31,D0:F0:18:43:F8:33,-73,1597407700234
1,32,D0:F0:18:43:F8:2F,-82,1597407700236
2,33,D0:F0:18:43:F8:49,-76,1597407700237
0,34,D0:F0:18:43:F8:33,-69,1597407700740
1,35,D0:F0:18:43:F8:2F,-68,1597407700743
2,36,D0:F0:18:43:F8:49,-83,1597407700744
0,37,D0:F0:18:43:F8:33,-68,1597407701246
1,38,D0:F0:18:43:F8:49,-74,1597407701252
0,39,D0:F0:18:43:F8:33,-73,1597407701752
1,40,D0:F0:18:43:F8:2F,-70,1597407701754
2,41,D0:F0:18:43:F8:49,-77,1597407701755
0,42,D0:F0:18:43:F8:33,-69,1597407702257
0,43,D0:F0:18:43:F8:33,-77,1597407702763
1,44,D0:F0:18:43:F8:2F,-84,1597407702765
0,45,D0:F0:18:43:F8:33,-72,1597407703269
0,46,D0:F0:18:43:F8:33,-68,1597407703776
1,47,D0:F0:18:43:F8:2F,-83,1597407703778
2,48,D0:F0:18:43:F8:49,-76,1597407703779
0,49,D0:F0:18:43:F8:33,-72,1597407704283
1,50,D0:F0:18:43:F8:2F,-68,1597407704285
2,51,D0:F0:18:43:F8:49,-83,1597407704286
0,52,D0:F0:18:43:F8:33,-77,1597407704788
1,53,D0:F0:18:43:F8:2F,-82,1597407704792
0,54,D0:F0:18:43:F8:33,-71,1597407705294
1,55,D0:F0:18:43:F8:49,-75,1597407705299
0,56,D0:F0:18:43:F8:33,-79,1597407705800
1,57,D0:F0:18:43:F8:2F,-82,1597407705802
2,58,D0:F0:18:43:F8:49,-74,1597407705803
0,59,D0:F0:18:43:F8:2F,-81,1597407706305
0,0,D0:F0:18:43:F8:33,-78,1597407710355
1,1,D0:F0:18:43:F8:2F,-71,1597407710357
2,2,D0:F0:18:43:F8:49,-81,1597407710358
0,3,D0:F0:18:43:F8:2F,-77,1597407710861
1,4,D0:F0:18:43:F8:49,-75,1597407710863
0,5,D0:F0:18:43:F8:33,-76,1597407711367
1,6,D0:F0:18:43:F8:2F,-70,1597407711371
0,7,D0:F0:18:43:F8:2F,-68,1597407711872
0,8,D0:F0:18:43:F8:33,-67,1597407712378
1,9,D0:F0:18:43:F8:2F,-69,1597407712380
2,10,D0:F0:18:43:F8:49,-78,1597407712381
0,11,D0:F0:18:43:F8:33,-77,1597407712884
1,12,D0:F0:18:43:F8:2F,-88,1597407712886
0,13,D0:F0:18:43:F8:33,-71,1597407713390
1,14,D0:F0:18:43:F8:2F,-69,1597407713392
0,15,D0:F0:18:43:F8:33,-66,1597407713897
1,16,D0:F0:18:43:F8:2F,-71,1597407713901
0,17,D0:F0:18:43:F8:33,-74,1597407714402
1,18,D0:F0:18:43:F8:49,-82,1597407714404
0,19,D0:F0:18:43:F8:33,-67,1597407714909
0,20,D0:F0:18:43:F8:33,-67,1597407715415
1,21,D0:F0:18:43:F8:2F,-71,1597407715417
2,22,D0:F0:18:43:F8:49,-74,1597407715418
0,23,D0:F0:18:43:F8:33,-67,1597407715921
1,24,D0:F0:18:43:F8:2F,-69,1597407715923
2,25,D0:F0:18:43:F8:49,-79,1597407715924
0,26,D0:F0:18:43:F8:33,-67,1597407716427
0,27,D0:F0:18:43:F8:33,-73,1597407716932
1,28,D0:F0:18:43:F8:2F,-69,1597407716934
2,29,D0:F0:18:43:F8:49,-80,1597407716935
0,30,D0:F0:18:43:F8:33,-67,1597407717438
1,31,D0:F0:18:43:F8:49,-75,1597407717441
0,32,D0:F0:18:43:F8:33,-67,1597407717945
1,33,D0:F0:18:43:F8:2F,-71,1597407717947
2,34,D0:F0:18:43:F8:49,-75,1597407717948
0,35,D0:F0:18:43:F8:33,-72,1597407718451
1,36,D0:F0:18:43:F8:2F,-71,1597407718453
0,37,D0:F0:18:43:F8:33,-67,1597407718957
1,38,D0:F0:18:43:F8:2F,-71,1597407718960
2,39,D0:F0:18:43:F8:49,-80,1597407718961
0,40,D0:F0:18:43:F8:33,-74,1597407719464
1,41,D0:F0:18:43:F8:49,-81,1597407719466
0,42,D0:F0:18:43:F8:33,-67,1597407719970
1,43,D0:F0:18:43:F8:2F,-71,1597407719972
2,44,D0:F0:18:43:F8:49,-79,1597407719973
0,45,D0:F0:18:43:F8:33,-67,1597407720476
1,46,D0:F0:18:43:F8:2F,-71,1597407720479
2,47,D0:F0:18:43:F8:49,-74,1597407720481
0,48,D0:F0:18:43:F8:49,-81,1597407720982
0,49,D0:F0:18:43:F8:33,-67,1597407721488
1,50,D0:F0:18:43:F8:2F,-70,1597407721490
2,51,D0:F0:18:43:F8:49,-74,1597407721491
0,52,D0:F0:18:43:F8:33,-72,1597407721994
1,53,D0:F0:18:43:F8:2F,-69,1597407721996
2,54,D0:F0:18:43:F8:49,-80,1597407721997
0,55,D0:F0:18:43:F8:33,-74,1597407722502
1,56,D0:F0:18:43:F8:2F,-70,1597407722503
2,57,D0:F0:18:43:F8:49,-74,1597407722504
0,58,D0:F0:18:43:F8:2F,-69,1597407723009
1,59,D0:F0:18:43:F8:49,-74,1597407723011
0,0,D0:F0:18:43:F8:49,-76,1597407728583
0,1,D0:F0:18:43:F8:33,-71,1597407729090
0,2,D0:F0:18:43:F8:33,-71,1597407729596
1,3,D0:F0:18:43:F8:2F,-75,1597407729598
2,4,D0:F0:18:43:F8:49,-83,1597407729599
0,5,D0:F0:18:43:F8:2F,-71,1597407730102
1,6,D0:F0:18:43:F8:49,-74,1597407730104
0,7,D0:F0:18:43:F8:49,-75,1597407730607
0,8,D0:F0:18:43:F8:33,-77,1597407731113
1,9,D0:F0:18:43:F8:2F,-73,1597407731115
2,10,D0:F0:18:43:F8:49,-80,1597407731116
0,11,D0:F0:18:43:F8:33,-74,1597407731619
1,12,D0:F0:18:43:F8:2F,-89,1597407731620
2,13,D0:F0:18:43:F8:49,-74,1597407731621
0,14,D0:F0:18:43:F8:33,-73,1597407732125
1,15,D0:F0:18:43:F8:49,-77,1597407732127
0,16,D0:F0:18:43:F8:2F,-71,1597407732630
1,17,D0:F0:18:43:F8:49,-74,1597407732632
0,18,D0:F0:18:43:F8:33,-72,1597407733136
1,19,D0:F0:18:43:F8:2F,-74,1597407733138
2,20,D0:F0:18:43:F8:49,-73,1597407733139
0,21,D0:F0:18:43:F8:33,-71,1597407733643
1,22,D0:F0:18:43:F8:2F,-72,1597407733645
2,23,D0:F0:18:43:F8:49,-77,1597407733646
0,24,D0:F0:18:43:F8:33,-73,1597407734149
1,25,D0:F0:18:43:F8:2F,-72,1597407734151
2,26,D0:F0:18:43:F8:49,-73,1597407734152
0,27,D0:F0:18:43:F8:33,-73,1597407734654
1,28,D0:F0:18:43:F8:49,-77,1597407734656
0,29,D0:F0:18:43:F8:33,-77,1597407735162
0,30,D0:F0:18:43:F8:33,-71,1597407735668
1,31,D0:F0:18:43:F8:49,-73,1597407735670
0,32,D0:F0:18:43:F8:33,-73,1597407736172
1,33,D0:F0:18:43:F8:49,-73,1597407736174
0,34,D0:F0:18:43:F8:33,-74,1597407736678
1,35,D0:F0:18:43:F8:2F,-73,1597407736680
2,36,D0:F0:18:43:F8:49,-79,1597407736681
0,37,D0:F0:18:43:F8:33,-79,1597407737185
1,38,D0:F0:18:43:F8:2F,-74,1597407737187
2,39,D0:F0:18:43:F8:49,-73,1597407737188
0,40,D0:F0:18:43:F8:33,-74,1597407737691
1,41,D0:F0:18:43:F8:2F,-74,1597407737693
2,42,D0:F0:18:43:F8:49,-77,1597407737694
0,43,D0:F0:18:43:F8:33,-80,1597407738197
1,44,D0:F0:18:43:F8:2F,-74,1597407738199
2,45,D0:F0:18:43:F8:49,-79,1597407738199
0,46,D0:F0:18:43:F8:33,-73,1597407738703
1,47,D0:F0:18:43:F8:2F,-75,1597407738705
2,48,D0:F0:18:43:F8:49,-73,1597407738706
0,49,D0:F0:18:43:F8:33,-81,1597407739209
1,50,D0:F0:18:43:F8:2F,-73,1597407739211
2,51,D0:F0:18:43:F8:49,-80,1597407739212
0,52,D0:F0:18:43:F8:2F,-72,1597407739714
0,53,D0:F0:18:43:F8:33,-72,1597407740219
1,54,D0:F0:18:43:F8:49,-80,1597407740221
0,55,D0:F0:18:43:F8:2F,-73,1597407740724
1,56,D0:F0:18:43:F8:49,-73,1597407740727
0,57,D0:F0:18:43:F8:33,-74,1597407741231
1,58,D0:F0:18:43:F8:49,-73,1597407741234
0,59,D0:F0:18:43:F8:33,-73,1597407741737
0,0,D0:F0:18:43:F8:33,-74,1597407750337
1,1,D0:F0:18:43:F8:2F,-73,1597407750339
2,2,D0:F0:18:43:F8:49,-75,1597407750340
0,3,D0:F0:18:43:F8:2F,-71,1597407750842
1,4,D0:F0:18:43:F8:49,-73,1597407750844
0,5,D0:F0:18:43:F8:33,-72,1597407751349
1,6,D0:F0:18:43:F8:2F,-70,1597407751351
2,7,D0:F0:18:43:F8:49,-71,1597407751352
0,8,D0:F0:18:43:F8:33,-78,1597407751855
1,9,D0:F0:18:43:F8:2F,-76,1597407751857
2,10,D0:F0:18:43:F8:49,-73,1597407751858
0,11,D0:F0:18:43:F8:49,-71,1597407752360
0,12,D0:F0:18:43:F8:33,-77,1597407752867
1,13,D0:F0:18:43:F8:2F,-73,1597407752868
2,14,D0:F0:18:43:F8:49,-71,1597407752869
0,15,D0:F0:18:43:F8:2F,-76,1597407753373
1,16,D0:F0:18:43:F8:49,-71,1597407753375
0,17,D0:F0:18:43:F8:33,-71,1597407753878
1,18,D0:F0:18:43:F8:49,-70,1597407753880
0,19,D0:F0:18:43:F8:33,-85,1597407754384
0,20,D0:F0:18:43:F8:33,-77,1597407754889
1,21,D0:F0:18:43:F8:49,-71,1597407754891
0,22,D0:F0:18:43:F8:33,-92,1597407755396
1,23,D0:F0:18:43:F8:49,-71,1597407755397
0,24,D0:F0:18:43:F8:2F,-74,1597407756405
0,25,D0:F0:18:43:F8:49,-73,1597407756910
0,26,D0:F0:18:43:F8:49,-72,1597407757416
0,27,D0:F0:18:43:F8:33,-77,1597407757923
1,28,D0:F0:18:43:F8:2F,-77,1597407757925
2,29,D0:F0:18:43:F8:49,-71,1597407757926
0,30,D0:F0:18:43:F8:33,-71,1597407758428
1,31,D0:F0:18:43:F8:2F,-87,1597407758430
2,32,D0:F0:18:43:F8:49,-73,1597407758431
0,33,D0:F0:18:43:F8:33,-77,1597407758935
1,34,D0:F0:18:43:F8:49,-71,1597407758937
0,35,D0:F0:18:43:F8:33,-72,1597407759441
1,36,D0:F0:18:43:F8:2F,-70,1597407759443
2,37,D0:F0:18:43:F8:49,-70,1597407759444
0,38,D0:F0:18:43:F8:33,-71,1597407759946
0,39,D0:F0:18:43:F8:33,-80,1597407760452
1,40,D0:F0:18:43:F8:2F,-82,1597407760454
2,41,D0:F0:18:43:F8:49,-71,1597407760455
0,42,D0:F0:18:43:F8:2F,-71,1597407760957
1,43,D0:F0:18:43:F8:49,-71,1597407760959
0,44,D0:F0:18:43:F8:33,-72,1597407761464
1,45,D0:F0:18:43:F8:49,-74,1597407761466
0,46,D0:F0:18:43:F8:2F,-77,1597407761969
0,47,D0:F0:18:43:F8:33,-77,1597407762475
1,48,D0:F0:18:43:F8:2F,-71,1597407762477
2,49,D0:F0:18:43:F8:49,-71,1597407762478
0,50,D0:F0:18:43:F8:33,-81,1597407762981
1,51,D0:F0:18:43:F8:2F,-87,1597407762983
2,52,D0:F0:18:43:F8:49,-71,1597407762984
0,53,D0:F0:18:43:F8:33,-80,1597407763487
1,54,D0:F0:18:43:F8:2F,-68,1597407763489
2,55,D0:F0:18:43:F8:49,-71,1597407763490
0,56,D0:F0:18:43:F8:2F,-72,1597407763992
1,57,D0:F0:18:43:F8:49,-70,1597407763994
0,58,D0:F0:18:43:F8:33,-74,1597407764498
1,59,D0:F0:18:43:F8:2F,-75,1597407764501
0,0,D0:F0:18:43:F8:2F,-75,1597407768552
1,1,D0:F0:18:43:F8:49,-73,1597407768553
0,2,D0:F0:18:43:F8:33,-74,1597407769053
1,3,D0:F0:18:43:F8:2F,-73,1597407769055
2,4,D0:F0:18:43:F8:49,-73,1597407769056
0,5,D0:F0:18:43:F8:2F,-96,1597407769559
1,6,D0:F0:18:43:F8:49,-71,1597407769561
0,7,D0:F0:18:43:F8:49,-71,1597407770064
0,8,D0:F0:18:43:F8:2F,-80,1597407770569
1,9,D0:F0:18:43:F8:49,-71,1597407770571
0,10,D0:F0:18:43:F8:33,-78,1597407771076
1,11,D0:F0:18:43:F8:2F,-82,1597407771078
2,12,D0:F0:18:43:F8:49,-72,1597407771079
0,13,D0:F0:18:43:F8:33,-77,1597407771581
1,14,D0:F0:18:43:F8:2F,-78,1597407771583
2,15,D0:F0:18:43:F8:49,-71,1597407771584
0,16,D0:F0:18:43:F8:33,-74,1597407772086
1,17,D0:F0:18:43:F8:2F,-77,1597407772088
0,18,D0:F0:18:43:F8:49,-74,1597407772593
0,19,D0:F0:18:43:F8:2F,-74,1597407773098
0,20,D0:F0:18:43:F8:33,-73,1597407773605
1,21,D0:F0:18:43:F8:2F,-76,1597407773607
2,22,D0:F0:18:43:F8:49,-73,1597407773608
0,23,D0:F0:18:43:F8:33,-74,1597407774110
1,24,D0:F0:18:43:F8:2F,-75,1597407774112
0,25,D0:F0:18:43:F8:2F,-77,1597407774616
1,26,D0:F0:18:43:F8:49,-73,1597407774618
0,27,D0:F0:18:43:F8:33,-73,1597407775124
1,28,D0:F0:18:43:F8:2F,-77,1597407775125
2,29,D0:F0:18:43:F8:49,-71,1597407775126
0,30,D0:F0:18:43:F8:33,-75,1597407775630
1,31,D0:F0:18:43:F8:49,-73,1597407775632
0,32,D0:F0:18:43:F8:2F,-76,1597407776135
0,33,D0:F0:18:43:F8:2F,-71,1597407776641
1,34,D0:F0:18:43:F8:49,-74,1597407776643
0,35,D0:F0:18:43:F8:33,-73,1597407777146
1,36,D0:F0:18:43:F8:49,-71,1597407777148
0,37,D0:F0:18:43:F8:33,-76,1597407777652
1,38,D0:F0:18:43:F8:2F,-77,1597407777654
2,39,D0:F0:18:43:F8:49,-74,1597407777655
0,40,D0:F0:18:43:F8:33,-76,1597407778158
1,41,D0:F0:18:43:F8:2F,-71,1597407778160
2,42,D0:F0:18:43:F8:49,-74,1597407778161
0,43,D0:F0:18:43:F8:33,-73,1597407778665
1,44,D0:F0:18:43:F8:2F,-77,1597407778668
2,45,D0:F0:18:43:F8:49,-71,1597407778669
0,46,D0:F0:18:43:F8:33,-75,1597407779171
1,47,D0:F0:18:43:F8:2F,-77,1597407779173
2,48,D0:F0:18:43:F8:49,-74,1597407779173
0,49,D0:F0:18:43:F8:33,-79,1597407779676
1,50,D0:F0:18:43:F8:2F,-76,1597407779678
0,51,D0:F0:18:43:F8:33,-74,1597407780182
1,52,D0:F0:18:43:F8:2F,-77,1597407780184
2,53,D0:F0:18:43:F8:49,-71,1597407780185
0,54,D0:F0:18:43:F8:2F,-71,1597407780687
0,55,D0:F0:18:43:F8:33,-73,1597407781194
1,56,D0:F0:18:43:F8:2F,-77,1597407781196
2,57,D0:F0:18:43:F8:49,-74,1597407781197
0,58,D0:F0:18:43:F8:2F,-71,1597407781696
1,59,D0:F0:18:43:F8:49,-73,1597407781697
0,0,D0:F0:18:43:F8:33,-77,1597407786753
1,1,D0:F0:18:43:F8:49,-74,1597407786754
0,2,D0:F0:18:43:F8:2F,-82,1597407787260
1,3,D0:F0:18:43:F8:49,-71,1597407787261
0,4,D0:F0:18:43:F8:2F,-79,1597407787765
0,5,D0:F0:18:43:F8:33,-82,1597407788776
1,6,D0:F0:18:43:F8:2F,-74,1597407788778
2,7,D0:F0:18:43:F8:49,-76,1597407788779
0,8,D0:F0:18:43:F8:33,-79,1597407789282
1,9,D0:F0:18:43:F8:49,-92,1597407789284
0,10,D0:F0:18:43:F8:33,-75,1597407789788
1,11,D0:F0:18:43:F8:2F,-78,1597407789790
2,12,D0:F0:18:43:F8:49,-71,1597407789791
0,13,D0:F0:18:43:F8:33,-79,1597407790291
1,14,D0:F0:18:43:F8:2F,-74,1597407790292
2,15,D0:F0:18:43:F8:49,-73,1597407790292
0,16,D0:F0:18:43:F8:33,-89,1597407790798
1,17,D0:F0:18:43:F8:2F,-74,1597407790799
0,18,D0:F0:18:43:F8:33,-79,1597407791304
1,19,D0:F0:18:43:F8:2F,-73,1597407791306
2,20,D0:F0:18:43:F8:49,-73,1597407791307
0,21,D0:F0:18:43:F8:33,-77,1597407791809
1,22,D0:F0:18:43:F8:2F,-77,1597407791810
0,23,D0:F0:18:43:F8:2F,-79,1597407792315
1,24,D0:F0:18:43:F8:49,-71,1597407792317
0,25,D0:F0:18:43:F8:33,-76,1597407792822
1,26,D0:F0:18:43:F8:2F,-76,1597407792824
0,27,D0:F0:18:43:F8:33,-77,1597407793327
1,28,D0:F0:18:43:F8:2F,-83,1597407793329
0,29,D0:F0:18:43:F8:33,-85,1597407793832
1,30,D0:F0:18:43:F8:49,-71,1597407793836
0,31,D0:F0:18:43:F8:33,-79,1597407794338
0,32,D0:F0:18:43:F8:33,-77,1597407794844
1,33,D0:F0:18:43:F8:2F,-75,1597407794845
0,34,D0:F0:18:43:F8:2F,-83,1597407795350
1,35,D0:F0:18:43:F8:49,-88,1597407795352
0,36,D0:F0:18:43:F8:33,-74,1597407795856
1,37,D0:F0:18:43:F8:49,-69,1597407795858
0,38,D0:F0:18:43:F8:2F,-78,1597407796362
1,39,D0:F0:18:43:F8:49,-74,1597407796364
0,40,D0:F0:18:43:F8:33,-76,1597407796867
1,41,D0:F0:18:43:F8:2F,-75,1597407796872
0,42,D0:F0:18:43:F8:2F,-74,1597407797374
1,43,D0:F0:18:43:F8:49,-70,1597407797376
0,44,D0:F0:18:43:F8:33,-74,1597407797880
1,45,D0:F0:18:43:F8:2F,-82,1597407797883
0,46,D0:F0:18:43:F8:33,-81,1597407798390
1,47,D0:F0:18:43:F8:2F,-76,1597407798392
2,48,D0:F0:18:43:F8:49,-90,1597407798393
0,49,D0:F0:18:43:F8:2F,-74,1597407798895
1,50,D0:F0:18:43:F8:49,-71,1597407798897
0,51,D0:F0:18:43:F8:33,-77,1597407799401
1,52,D0:F0:18:43:F8:2F,-79,1597407799403
0,53,D0:F0:18:43:F8:33,-77,1597407799907
1,54,D0:F0:18:43:F8:2F,-77,1597407799909
2,55,D0:F0:18:43:F8:49,-71,1597407799909
0,56,D0:F0:18:43:F8:49,-74,1597407800412
0,57,D0:F0:18:43:F8:33,-79,1597407800918
1,58,D0:F0:18:43:F8:2F,-77,1597407800921
2,59,D0:F0:18:43:F8:49,-70,1597407800921
0,0,D0:F0:18:43:F8:33,-77,1597407811031
1,1,D0:F0:18:43:F8:2F,-71,1597407811031
0,2,D0:F0:18:43:F8:33,-77,1597407811538
1,3,D0:F0:18:43:F8:2F,-67,1597407811540
2,4,D0:F0:18:43:F8:49,-74,1597407811541
0,5,D0:F0:18:43:F8:33,-80,1597407812045
1,6,D0:F0:18:43:F8:2F,-71,1597407812047
2,7,D0:F0:18:43:F8:49,-80,1597407812047
0,8,D0:F0:18:43:F8:2F,-71,1597407812551
1,9,D0:F0:18:43:F8:49,-85,1597407812553
0,10,D0:F0:18:43:F8:33,-71,1597407813057
1,11,D0:F0:18:43:F8:2F,-79,1597407813058
2,12,D0:F0:18:43:F8:49,-76,1597407813059
0,13,D0:F0:18:43:F8:33,-77,1597407813563
1,14,D0:F0:18:43:F8:2F,-71,1597407813565
2,15,D0:F0:18:43:F8:49,-75,1597407813566
0,16,D0:F0:18:43:F8:33,-77,1597407814071
1,17,D0:F0:18:43:F8:2F,-69,1597407814073
0,18,D0:F0:18:43:F8:33,-75,1597407814577
1,19,D0:F0:18:43:F8:49,-75,1597407814578
0,20,D0:F0:18:43:F8:33,-77,1597407815082
1,21,D0:F0:18:43:F8:49,-80,1597407815084
0,22,D0:F0:18:43:F8:33,-71,1597407815588
1,23,D0:F0:18:43:F8:49,-72,1597407815590
0,24,D0:F0:18:43:F8:2F,-72,1597407816094
1,25,D0:F0:18:43:F8:49,-74,1597407816096
0,26,D0:F0:18:43:F8:2F,-67,1597407816599
0,27,D0:F0:18:43:F8:33,-74,1597407817105
1,28,D0:F0:18:43:F8:2F,-70,1597407817107
2,29,D0:F0:18:43:F8:49,-78,1597407817107
0,30,D0:F0:18:43:F8:33,-74,1597407817610
1,31,D0:F0:18:43:F8:49,-79,1597407817612
0,32,D0:F0:18:43:F8:2F,-74,1597407818116
1,33,D0:F0:18:43:F8:49,-77,1597407818118
0,34,D0:F0:18:43:F8:33,-76,1597407818623
1,35,D0:F0:18:43:F8:2F,-70,1597407818625
2,36,D0:F0:18:43:F8:49,-80,1597407818625
0,37,D0:F0:18:43:F8:33,-76,1597407819128
1,38,D0:F0:18:43:F8:2F,-68,1597407819130
2,39,D0:F0:18:43:F8:49,-81,1597407819131
0,40,D0:F0:18:43:F8:33,-74,1597407819634
1,41,D0:F0:18:43:F8:2F,-70,1597407819637
2,42,D0:F0:18:43:F8:49,-77,1597407819638
0,43,D0:F0:18:43:F8:33,-76,1597407820141
1,44,D0:F0:18:43:F8:49,-80,1597407820142
0,45,D0:F0:18:43:F8:33,-72,1597407820647
1,46,D0:F0:18:43:F8:2F,-74,1597407820648
2,47,D0:F0:18:43:F8:49,-73,1597407820649
0,48,D0:F0:18:43:F8:33,-76,1597407821153
1,49,D0:F0:18:43:F8:2F,-71,1597407821155
2,50,D0:F0:18:43:F8:49,-80,1597407821155
0,51,D0:F0:18:43:F8:33,-73,1597407821659
1,52,D0:F0:18:43:F8:2F,-68,1597407821661
2,53,D0:F0:18:43:F8:49,-73,1597407821662
0,54,D0:F0:18:43:F8:33,-73,1597407822670
1,55,D0:F0:18:43:F8:2F,-71,1597407822671
2,56,D0:F0:18:43:F8:49,-79,1597407822672
0,57,D0:F0:18:43:F8:33,-74,1597407823176
1,58,D0:F0:18:43:F8:2F,-71,1597407823177
2,59,D0:F0:18:43:F8:49,-76,1597407823178
0,0,D0:F0:18:43:F8:33,-79,1597407828231
1,1,D0:F0:18:43:F8:2F,-82,1597407828232
2,2,D0:F0:18:43:F8:49,-68,1597407828232
0,3,D0:F0:18:43:F8:2F,-69,1597407828805
1,4,D0:F0:18:43:F8:49,-66,1597407828806
0,5,D0:F0:18:43:F8:33,-75,1597407829611
1,6,D0:F0:18:43:F8:2F,-72,1597407829613
2,7,D0:F0:18:43:F8:49,-64,1597407829614
0,8,D0:F0:18:43:F8:33,-77,1597407830115
1,9,D0:F0:18:43:F8:2F,-71,1597407830117
2,10,D0:F0:18:43:F8:49,-68,1597407830118
0,11,D0:F0:18:43:F8:33,-74,1597407830621
1,12,D0:F0:18:43:F8:49,-66,1597407830623
0,13,D0:F0:18:43:F8:33,-75,1597407831126
1,14,D0:F0:18:43:F8:2F,-79,1597407831128
2,15,D0:F0:18:43:F8:49,-70,1597407831129
0,16,D0:F0:18:43:F8:49,-70,1597407831631
0,17,D0:F0:18:43:F8:33,-77,1597407832136
1,18,D0:F0:18:43:F8:2F,-70,1597407832137
2,19,D0:F0:18:43:F8:49,-66,1597407832138
0,20,D0:F0:18:43:F8:33,-74,1597407832641
1,21,D0:F0:18:43:F8:49,-71,1597407832643
0,22,D0:F0:18:43:F8:2F,-71,1597407833146
1,23,D0:F0:18:43:F8:49,-65,1597407833148
0,24,D0:F0:18:43:F8:33,-71,1597407833651
1,25,D0:F0:18:43:F8:2F,-72,1597407833653
2,26,D0:F0:18:43:F8:49,-71,1597407833654
0,27,D0:F0:18:43:F8:33,-76,1597407834157
1,28,D0:F0:18:43:F8:2F,-77,1597407834159
2,29,D0:F0:18:43:F8:49,-71,1597407834160
0,30,D0:F0:18:43:F8:33,-71,1597407834663
1,31,D0:F0:18:43:F8:2F,-72,1597407834665
2,32,D0:F0:18:43:F8:49,-66,1597407834666
0,33,D0:F0:18:43:F8:33,-75,1597407835168
1,34,D0:F0:18:43:F8:49,-66,1597407835170
0,35,D0:F0:18:43:F8:33,-76,1597407835674
1,36,D0:F0:18:43:F8:2F,-70,1597407835676
2,37,D0:F0:18:43:F8:49,-65,1597407835677
0,38,D0:F0:18:43:F8:33,-78,1597407836179
1,39,D0:F0:18:43:F8:2F,-76,1597407836181
2,40,D0:F0:18:43:F8:49,-70,1597407836181
0,41,D0:F0:18:43:F8:33,-74,1597407836683
1,42,D0:F0:18:43:F8:49,-66,1597407836685
0,43,D0:F0:18:43:F8:33,-70,1597407837189
1,44,D0:F0:18:43:F8:2F,-71,1597407837191
2,45,D0:F0:18:43:F8:49,-65,1597407837192
0,46,D0:F0:18:43:F8:33,-74,1597407837694
1,47,D0:F0:18:43:F8:2F,-77,1597407837696
2,48,D0:F0:18:43:F8:49,-66,1597407837697
0,49,D0:F0:18:43:F8:33,-76,1597407838200
1,50,D0:F0:18:43:F8:2F,-71,1597407838202
2,51,D0:F0:18:43:F8:49,-66,1597407838203
0,52,D0:F0:18:43:F8:33,-71,1597407838705
1,53,D0:F0:18:43:F8:49,-71,1597407838707
0,54,D0:F0:18:43:F8:2F,-71,1597407839210
0,55,D0:F0:18:43:F8:33,-71,1597407839715
1,56,D0:F0:18:43:F8:2F,-71,1597407839717
2,57,D0:F0:18:43:F8:49,-66,1597407839718
0,58,D0:F0:18:43:F8:33,-77,1597407840221
1,59,D0:F0:18:43:F8:2F,-71,1597407840223
0,0,D0:F0:18:43:F8:2F,-81,1597407844774
0,1,D0:F0:18:43:F8:33,-77,1597407845280
1,2,D0:F0:18:43:F8:49,-63,1597407845282
0,3,D0:F0:18:43:F8:33,-79,1597407845786
0,4,D0:F0:18:43:F8:33,-74,1597407846292
1,5,D0:F0:18:43:F8:49,-64,1597407846293
0,6,D0:F0:18:43:F8:2F,-70,1597407846797
1,7,D0:F0:18:43:F8:49,-59,1597407846799
0,8,D0:F0:18:43:F8:33,-77,1597407847304
1,9,D0:F0:18:43:F8:2F,-76,1597407847306
2,10,D0:F0:18:43:F8:49,-60,1597407847307
0,11,D0:F0:18:43:F8:33,-81,1597407847812
1,12,D0:F0:18:43:F8:2F,-71,1597407847814
0,13,D0:F0:18:43:F8:33,-77,1597407848318
1,14,D0:F0:18:43:F8:2F,-69,1597407848321
2,15,D0:F0:18:43:F8:49,-60,1597407848322
0,16,D0:F0:18:43:F8:33,-77,1597407848824
1,17,D0:F0:18:43:F8:2F,-70,1597407848826
2,18,D0:F0:18:43:F8:49,-64,1597407848827
0,19,D0:F0:18:43:F8:2F,-69,1597407849331
1,20,D0:F0:18:43:F8:49,-59,1597407849333
0,21,D0:F0:18:43:F8:33,-91,1597407849837
1,22,D0:F0:18:43:F8:2F,-74,1597407849839
2,23,D0:F0:18:43:F8:49,-60,1597407849839
0,24,D0:F0:18:43:F8:33,-80,1597407850343
1,25,D0:F0:18:43:F8:2F,-71,1597407850345
0,26,D0:F0:18:43:F8:33,-75,1597407850851
1,27,D0:F0:18:43:F8:2F,-69,1597407850853
2,28,D0:F0:18:43:F8:49,-59,1597407850854
0,29,D0:F0:18:43:F8:2F,-73,1597407851356
1,30,D0:F0:18:43:F8:49,-60,1597407851358
0,31,D0:F0:18:43:F8:33,-97,1597407851860
1,32,D0:F0:18:43:F8:2F,-68,1597407851861
2,33,D0:F0:18:43:F8:49,-60,1597407851862
0,34,D0:F0:18:43:F8:33,-99,1597407852367
1,35,D0:F0:18:43:F8:2F,-69,1597407852369
2,36,D0:F0:18:43:F8:49,-60,1597407852369
0,37,D0:F0:18:43:F8:33,-75,1597407852872
1,38,D0:F0:18:43:F8:2F,-70,1597407852874
2,39,D0:F0:18:43:F8:49,-59,1597407852875
0,40,D0:F0:18:43:F8:2F,-74,1597407853378
1,41,D0:F0:18:43:F8:49,-60,1597407853380
0,42,D0:F0:18:43:F8:33,-75,1597407854389
1,43,D0:F0:18:43:F8:2F,-69,1597407854391
2,44,D0:F0:18:43:F8:49,-59,1597407854392
0,45,D0:F0:18:43:F8:2F,-76,1597407854894
1,46,D0:F0:18:43:F8:49,-60,1597407854896
0,47,D0:F0:18:43:F8:2F,-69,1597407855401
1,48,D0:F0:18:43:F8:49,-59,1597407855403
0,49,D0:F0:18:43:F8:33,-75,1597407855907
1,50,D0:F0:18:43:F8:2F,-77,1597407855908
2,51,D0:F0:18:43:F8:49,-59,1597407855909
0,52,D0:F0:18:43:F8:33,-81,1597407856414
1,53,D0:F0:18:43:F8:2F,-70,1597407856415
2,54,D0:F0:18:43:F8:49,-64,1597407856416
0,55,D0:F0:18:43:F8:33,-74,1597407856919
1,56,D0:F0:18:43:F8:49,-59,1597407856921
0,57,D0:F0:18:43:F8:33,-77,1597407857424
1,58,D0:F0:18:43:F8:49,-60,1597407857426
0,59,D0:F0:18:43:F8:2F,-71,1597407857931
0,0,D0:F0:18:43:F8:33,-71,1597407864504
1,1,D0:F0:18:43:F8:2F,-74,1597407864505
2,2,D0:F0:18:43:F8:49,-71,1597407864505
0,3,D0:F0:18:43:F8:33,-71,1597407865010
1,4,D0:F0:18:43:F8:49,-65,1597407865012
0,5,D0:F0:18:43:F8:33,-70,1597407865514
1,6,D0:F0:18:43:F8:2F,-77,1597407865515
2,7,D0:F0:18:43:F8:49,-64,1597407865516
0,8,D0:F0:18:43:F8:33,-71,1597407866020
1,9,D0:F0:18:43:F8:49,-65,1597407866022
0,10,D0:F0:18:43:F8:49,-72,1597407866526
0,11,D0:F0:18:43:F8:33,-71,1597407867033
1,12,D0:F0:18:43:F8:2F,-77,1597407867035
2,13,D0:F0:18:43:F8:49,-61,1597407867036
0,14,D0:F0:18:43:F8:2F,-80,1597407867539
0,15,D0:F0:18:43:F8:2F,-73,1597407868045
1,16,D0:F0:18:43:F8:49,-71,1597407868047
0,17,D0:F0:18:43:F8:33,-70,1597407869057
1,18,D0:F0:18:43:F8:2F,-85,1597407869059
2,19,D0:F0:18:43:F8:49,-65,1597407869060
0,20,D0:F0:18:43:F8:49,-74,1597407869562
0,21,D0:F0:18:43:F8:2F,-79,1597407870068
1,22,D0:F0:18:43:F8:49,-65,1597407870069
0,23,D0:F0:18:43:F8:33,-71,1597407870573
1,24,D0:F0:18:43:F8:2F,-82,1597407870575
0,25,D0:F0:18:43:F8:33,-71,1597407871079
1,26,D0:F0:18:43:F8:49,-63,1597407871081
0,27,D0:F0:18:43:F8:2F,-81,1597407871584
1,28,D0:F0:18:43:F8:49,-74,1597407871585
0,29,D0:F0:18:43:F8:2F,-76,1597407872089
1,30,D0:F0:18:43:F8:49,-65,1597407872092
0,31,D0:F0:18:43:F8:33,-71,1597407873100
1,32,D0:F0:18:43:F8:2F,-85,1597407873102
2,33,D0:F0:18:43:F8:49,-71,1597407873104
0,34,D0:F0:18:43:F8:49,-64,1597407873606
0,35,D0:F0:18:43:F8:33,-71,1597407874112
1,36,D0:F0:18:43:F8:49,-73,1597407874114
0,37,D0:F0:18:43:F8:33,-71,1597407874619
1,38,D0:F0:18:43:F8:2F,-78,1597407874620
2,39,D0:F0:18:43:F8:49,-62,1597407874621
0,40,D0:F0:18:43:F8:33,-85,1597407875124
1,41,D0:F0:18:43:F8:49,-65,1597407875126
0,42,D0:F0:18:43:F8:33,-71,1597407875630
1,43,D0:F0:18:43:F8:2F,-78,1597407875632
2,44,D0:F0:18:43:F8:49,-63,1597407875633
0,45,D0:F0:18:43:F8:49,-72,1597407876136
0,46,D0:F0:18:43:F8:2F,-80,1597407876641
0,47,D0:F0:18:43:F8:2F,-77,1597407877146
0,48,D0:F0:18:43:F8:33,-71,1597407877653
1,49,D0:F0:18:43:F8:2F,-80,1597407877654
2,50,D0:F0:18:43:F8:49,-75,1597407877655
0,51,D0:F0:18:43:F8:33,-71,1597407878158
1,52,D0:F0:18:43:F8:2F,-75,1597407878160
2,53,D0:F0:18:43:F8:49,-63,1597407878161
0,54,D0:F0:18:43:F8:33,-72,1597407878664
1,55,D0:F0:18:43:F8:49,-72,1597407878666
0,56,D0:F0:18:43:F8:2F,-75,1597407879170
1,57,D0:F0:18:43:F8:49,-72,1597407879172
0,58,D0:F0:18:43:F8:33,-71,1597407879676
1,59,D0:F0:18:43:F8:2F,-74,1597407879678
0,0,D0:F0:18:43:F8:33,-72,1597407884736
1,1,D0:F0:18:43:F8:2F,-71,1597407884738
2,2,D0:F0:18:43:F8:49,-36,1597407884739
0,3,D0:F0:18:43:F8:33,-77,1597407885241
1,4,D0:F0:18:43:F8:49,-35,1597407885243
0,5,D0:F0:18:43:F8:33,-69,1597407885747
1,6,D0:F0:18:43:F8:2F,-68,1597407885749
2,7,D0:F0:18:43:F8:49,-36,1597407885750
0,8,D0:F0:18:43:F8:33,-74,1597407886254
1,9,D0:F0:18:43:F8:49,-35,1597407886256
0,10,D0:F0:18:43:F8:33,-73,1597407886761
1,11,D0:F0:18:43:F8:2F,-70,1597407886762
2,12,D0:F0:18:43:F8:49,-35,1597407886763
0,13,D0:F0:18:43:F8:33,-68,1597407887267
1,14,D0:F0:18:43:F8:49,-36,1597407887268
0,15,D0:F0:18:43:F8:33,-75,1597407887772
1,16,D0:F0:18:43:F8:2F,-70,1597407887774
0,17,D0:F0:18:43:F8:33,-66,1597407888278
1,18,D0:F0:18:43:F8:2F,-71,1597407888280
2,19,D0:F0:18:43:F8:49,-36,1597407888280
0,20,D0:F0:18:43:F8:33,-77,1597407888785
1,21,D0:F0:18:43:F8:49,-36,1597407888786
0,22,D0:F0:18:43:F8:49,-36,1597407889290
0,23,D0:F0:18:43:F8:33,-75,1597407889798
1,24,D0:F0:18:43:F8:2F,-70,1597407889799
2,25,D0:F0:18:43:F8:49,-35,1597407889800
0,26,D0:F0:18:43:F8:2F,-71,1597407890304
1,27,D0:F0:18:43:F8:49,-36,1597407890305
0,28,D0:F0:18:43:F8:49,-36,1597407890809
0,29,D0:F0:18:43:F8:33,-76,1597407891315
1,30,D0:F0:18:43:F8:2F,-71,1597407891316
2,31,D0:F0:18:43:F8:49,-35,1597407891317
0,32,D0:F0:18:43:F8:33,-65,1597407891820
1,33,D0:F0:18:43:F8:2F,-71,1597407891821
2,34,D0:F0:18:43:F8:49,-36,1597407891822
0,35,D0:F0:18:43:F8:2F,-70,1597407892326
1,36,D0:F0:18:43:F8:49,-35,1597407892329
0,37,D0:F0:18:43:F8:33,-66,1597407892831
1,38,D0:F0:18:43:F8:2F,-71,1597407892832
2,39,D0:F0:18:43:F8:49,-36,1597407892833
0,40,D0:F0:18:43:F8:33,-76,1597407893335
1,41,D0:F0:18:43:F8:2F,-71,1597407893336
2,42,D0:F0:18:43:F8:49,-36,1597407893337
0,43,D0:F0:18:43:F8:33,-74,1597407893841
1,44,D0:F0:18:43:F8:2F,-70,1597407893843
0,45,D0:F0:18:43:F8:33,-66,1597407894347
1,46,D0:F0:18:43:F8:49,-36,1597407894349
0,47,D0:F0:18:43:F8:33,-77,1597407894853
1,48,D0:F0:18:43:F8:2F,-70,1597407894855
0,49,D0:F0:18:43:F8:33,-66,1597407895359
1,50,D0:F0:18:43:F8:2F,-71,1597407895361
2,51,D0:F0:18:43:F8:49,-36,1597407895362
0,52,D0:F0:18:43:F8:33,-66,1597407895865
1,53,D0:F0:18:43:F8:2F,-70,1597407895867
2,54,D0:F0:18:43:F8:49,-36,1597407895868
0,55,D0:F0:18:43:F8:49,-35,1597407896371
0,56,D0:F0:18:43:F8:2F,-71,1597407896877
0,57,D0:F0:18:43:F8:33,-74,1597407897384
1,58,D0:F0:18:43:F8:2F,-70,1597407897386
2,59,D0:F0:18:43:F8:49,-35,1597407897387
