0,0,D0:F0:18:43:F8:49,-30,1598521681288
0,1,D0:F0:18:43:F8:49,-28,1598521681789
0,2,D0:F0:18:43:F8:49,-29,1598521682310
0,3,D0:F0:18:43:F8:49,-28,1598521682812
0,4,D0:F0:18:43:F8:49,-28,1598521683321
0,5,D0:F0:18:43:F8:49,-29,1598521683825
0,6,D0:F0:18:43:F8:49,-28,1598521684337
0,7,D0:F0:18:43:F8:49,-29,1598521684842
0,8,D0:F0:18:43:F8:49,-29,1598521685348
0,9,D0:F0:18:43:F8:49,-32,1598521685875
0,10,D0:F0:18:43:F8:49,-30,1598521686396
0,11,D0:F0:18:43:F8:49,-29,1598521687427
0,12,D0:F0:18:43:F8:49,-29,1598521687944
0,13,D0:F0:18:43:F8:49,-28,1598521688467
0,14,D0:F0:18:43:F8:49,-29,1598521688985
0,15,D0:F0:18:43:F8:49,-29,1598521689502
0,16,D0:F0:18:43:F8:49,-29,1598521690020
0,17,D0:F0:18:43:F8:49,-30,1598521690539
0,18,D0:F0:18:43:F8:49,-28,1598521691050
0,19,D0:F0:18:43:F8:49,-29,1598521691567
0,20,D0:F0:18:43:F8:49,-30,1598521692082
0,21,D0:F0:18:43:F8:49,-28,1598521692599
0,22,D0:F0:18:43:F8:49,-30,1598521693118
0,23,D0:F0:18:43:F8:49,-28,1598521693633
0,24,D0:F0:18:43:F8:49,-29,1598521694660
0,25,D0:F0:18:43:F8:49,-28,1598521696201
0,26,D0:F0:18:43:F8:49,-29,1598521697231
0,27,D0:F0:18:43:F8:49,-28,1598521697748
0,28,D0:F0:18:43:F8:49,-28,1598521698262
0,29,D0:F0:18:43:F8:49,-28,1598521698781
0,30,D0:F0:18:43:F8:49,-29,1598521699295
0,31,D0:F0:18:43:F8:49,-28,1598521699806
0,32,D0:F0:18:43:F8:49,-29,1598521700320
0,33,D0:F0:18:43:F8:49,-28,1598521700833
0,34,D0:F0:18:43:F8:49,-28,1598521701347
0,35,D0:F0:18:43:F8:49,-28,1598521701860
0,36,D0:F0:18:43:F8:49,-30,1598521702887
0,37,D0:F0:18:43:F8:49,-28,1598521703400
0,38,D0:F0:18:43:F8:49,-29,1598521703914
0,39,D0:F0:18:43:F8:49,-28,1598521704427
0,40,D0:F0:18:43:F8:49,-28,1598521704940
0,41,D0:F0:18:43:F8:49,-30,1598521705453
0,42,D0:F0:18:43:F8:49,-28,1598521705967
0,43,D0:F0:18:43:F8:49,-29,1598521706480
0,44,D0:F0:18:43:F8:49,-28,1598521706993
0,45,D0:F0:18:43:F8:49,-28,1598521707507
0,46,D0:F0:18:43:F8:49,-32,1598521710052
0,47,D0:F0:18:43:F8:49,-29,1598521710570
0,48,D0:F0:18:43:F8:49,-29,1598521711082
0,49,D0:F0:18:43:F8:49,-28,1598521711593
0,50,D0:F0:18:43:F8:49,-28,1598521712613
0,51,D0:F0:18:43:F8:49,-29,1598521713124
0,52,D0:F0:18:43:F8:49,-29,1598521713637
0,53,D0:F0:18:43:F8:49,-28,1598521714154
0,54,D0:F0:18:43:F8:49,-28,1598521714671
0,55,D0:F0:18:43:F8:49,-29,1598521715183
0,56,D0:F0:18:43:F8:49,-30,1598521715698
0,57,D0:F0:18:43:F8:49,-28,1598521716212
0,58,D0:F0:18:43:F8:49,-32,1598521716728
0,59,D0:F0:18:43:F8:49,-28,1598521717239
0,60,D0:F0:18:43:F8:49,-29,1598521718262
0,61,D0:F0:18:43:F8:49,-28,1598521718774
0,62,D0:F0:18:43:F8:49,-29,1598521719277
0,63,D0:F0:18:43:F8:49,-28,1598521719793
0,64,D0:F0:18:43:F8:49,-28,1598521720305
0,65,D0:F0:18:43:F8:49,-30,1598521720815
0,66,D0:F0:18:43:F8:49,-28,1598521721327
0,67,D0:F0:18:43:F8:49,-29,1598521721838
0,68,D0:F0:18:43:F8:49,-28,1598521722348
0,69,D0:F0:18:43:F8:49,-29,1598521722859
0,70,D0:F0:18:43:F8:49,-28,1598521723371
0,71,D0:F0:18:43:F8:49,-29,1598521723880
0,72,D0:F0:18:43:F8:49,-29,1598521724392
0,73,D0:F0:18:43:F8:49,-28,1598521724901
0,74,D0:F0:18:43:F8:49,-29,1598521725411
0,75,D0:F0:18:43:F8:49,-30,1598521725921
0,76,D0:F0:18:43:F8:49,-29,1598521726431
0,77,D0:F0:18:43:F8:49,-29,1598521726944
0,78,D0:F0:18:43:F8:49,-28,1598521727455
0,79,D0:F0:18:43:F8:49,-30,1598521727967
0,0,D0:F0:18:43:F8:2F,-83,1598521775916
1,1,D0:F0:18:43:F8:49,-50,1598521775924
0,2,D0:F0:18:43:F8:2F,-81,1598521776426
1,3,D0:F0:18:43:F8:49,-49,1598521776432
0,4,D0:F0:18:43:F8:2F,-82,1598521776937
1,5,D0:F0:18:43:F8:49,-50,1598521776943
0,6,D0:F0:18:43:F8:2F,-74,1598521777446
1,7,D0:F0:18:43:F8:49,-49,1598521777452
0,8,D0:F0:18:43:F8:2F,-84,1598521777954
1,9,D0:F0:18:43:F8:49,-49,1598521777960
0,10,D0:F0:18:43:F8:2F,-75,1598521778463
1,11,D0:F0:18:43:F8:49,-49,1598521778470
0,12,D0:F0:18:43:F8:2F,-83,1598521778973
1,13,D0:F0:18:43:F8:49,-51,1598521778981
0,14,D0:F0:18:43:F8:2F,-82,1598521779481
0,15,D0:F0:18:43:F8:2F,-83,1598521779989
1,16,D0:F0:18:43:F8:49,-51,1598521779998
0,17,D0:F0:18:43:F8:2F,-83,1598521780500
1,18,D0:F0:18:43:F8:49,-51,1598521780508
0,19,D0:F0:18:43:F8:2F,-75,1598521781012
1,20,D0:F0:18:43:F8:49,-49,1598521781019
0,21,D0:F0:18:43:F8:49,-51,1598521781519
0,22,D0:F0:18:43:F8:2F,-81,1598521782027
1,23,D0:F0:18:43:F8:49,-50,1598521782034
0,24,D0:F0:18:43:F8:2F,-81,1598521783042
1,25,D0:F0:18:43:F8:49,-50,1598521783049
0,26,D0:F0:18:43:F8:2F,-75,1598521783550
1,27,D0:F0:18:43:F8:49,-51,1598521783557
0,28,D0:F0:18:43:F8:2F,-80,1598521784058
1,29,D0:F0:18:43:F8:49,-50,1598521784065
0,30,D0:F0:18:43:F8:2F,-75,1598521784566
1,31,D0:F0:18:43:F8:49,-49,1598521784572
0,32,D0:F0:18:43:F8:2F,-83,1598521785073
1,33,D0:F0:18:43:F8:49,-50,1598521785080
0,34,D0:F0:18:43:F8:2F,-81,1598521785582
1,35,D0:F0:18:43:F8:49,-51,1598521785589
0,36,D0:F0:18:43:F8:2F,-74,1598521786097
1,37,D0:F0:18:43:F8:49,-49,1598521786105
0,38,D0:F0:18:43:F8:2F,-81,1598521786604
1,39,D0:F0:18:43:F8:49,-49,1598521786610
0,40,D0:F0:18:43:F8:2F,-80,1598521787112
0,41,D0:F0:18:43:F8:2F,-80,1598521787621
1,42,D0:F0:18:43:F8:49,-51,1598521787628
0,43,D0:F0:18:43:F8:2F,-82,1598521788636
1,44,D0:F0:18:43:F8:49,-50,1598521788643
0,45,D0:F0:18:43:F8:2F,-80,1598521789144
1,46,D0:F0:18:43:F8:49,-51,1598521789151
0,47,D0:F0:18:43:F8:2F,-74,1598521789652
1,48,D0:F0:18:43:F8:49,-49,1598521789659
0,49,D0:F0:18:43:F8:2F,-80,1598521790162
1,50,D0:F0:18:43:F8:49,-51,1598521790169
0,51,D0:F0:18:43:F8:2F,-80,1598521790674
1,52,D0:F0:18:43:F8:49,-51,1598521790680
0,53,D0:F0:18:43:F8:2F,-82,1598521791180
1,54,D0:F0:18:43:F8:49,-50,1598521791186
0,55,D0:F0:18:43:F8:2F,-80,1598521791688
1,56,D0:F0:18:43:F8:49,-51,1598521791694
0,57,D0:F0:18:43:F8:2F,-75,1598521792199
1,58,D0:F0:18:43:F8:49,-49,1598521792205
0,59,D0:F0:18:43:F8:2F,-81,1598521792707
1,60,D0:F0:18:43:F8:49,-51,1598521792714
0,61,D0:F0:18:43:F8:2F,-80,1598521793215
1,62,D0:F0:18:43:F8:49,-51,1598521793222
0,63,D0:F0:18:43:F8:2F,-83,1598521793723
1,64,D0:F0:18:43:F8:49,-51,1598521793729
0,65,D0:F0:18:43:F8:2F,-81,1598521794231
1,66,D0:F0:18:43:F8:49,-51,1598521794237
0,67,D0:F0:18:43:F8:2F,-75,1598521794739
1,68,D0:F0:18:43:F8:49,-49,1598521794745
0,69,D0:F0:18:43:F8:2F,-83,1598521795247
1,70,D0:F0:18:43:F8:49,-51,1598521795255
0,71,D0:F0:18:43:F8:2F,-81,1598521795758
1,72,D0:F0:18:43:F8:49,-51,1598521795765
0,73,D0:F0:18:43:F8:2F,-76,1598521796266
1,74,D0:F0:18:43:F8:49,-49,1598521796272
0,75,D0:F0:18:43:F8:2F,-80,1598521796774
1,76,D0:F0:18:43:F8:49,-51,1598521796779
0,77,D0:F0:18:43:F8:49,-51,1598521797282
0,78,D0:F0:18:43:F8:2F,-83,1598521797790
1,79,D0:F0:18:43:F8:49,-51,1598521797796
0,0,D0:F0:18:43:F8:2F,-78,1598521815571
1,1,D0:F0:18:43:F8:49,-74,1598521815574
0,2,D0:F0:18:43:F8:49,-74,1598521816079
0,3,D0:F0:18:43:F8:49,-72,1598521816586
0,4,D0:F0:18:43:F8:49,-76,1598521817097
0,5,D0:F0:18:43:F8:49,-72,1598521817605
0,6,D0:F0:18:43:F8:2F,-88,1598521818112
0,7,D0:F0:18:43:F8:2F,-85,1598521818620
1,8,D0:F0:18:43:F8:49,-74,1598521818626
0,9,D0:F0:18:43:F8:2F,-82,1598521819121
0,10,D0:F0:18:43:F8:2F,-81,1598521819629
1,11,D0:F0:18:43:F8:49,-68,1598521819635
0,12,D0:F0:18:43:F8:2F,-81,1598521820139
1,13,D0:F0:18:43:F8:49,-68,1598521820145
0,14,D0:F0:18:43:F8:2F,-84,1598521820645
1,15,D0:F0:18:43:F8:49,-73,1598521820650
0,16,D0:F0:18:43:F8:2F,-81,1598521821148
1,17,D0:F0:18:43:F8:49,-69,1598521821151
0,18,D0:F0:18:43:F8:2F,-83,1598521821658
1,19,D0:F0:18:43:F8:49,-74,1598521821664
0,20,D0:F0:18:43:F8:49,-69,1598521822164
0,21,D0:F0:18:43:F8:2F,-81,1598521822671
1,22,D0:F0:18:43:F8:49,-68,1598521822677
0,23,D0:F0:18:43:F8:2F,-83,1598521823176
1,24,D0:F0:18:43:F8:49,-85,1598521823180
0,25,D0:F0:18:43:F8:2F,-82,1598521823685
1,26,D0:F0:18:43:F8:49,-67,1598521823693
0,27,D0:F0:18:43:F8:2F,-82,1598521824192
1,28,D0:F0:18:43:F8:49,-73,1598521824197
0,29,D0:F0:18:43:F8:2F,-82,1598521824700
0,30,D0:F0:18:43:F8:2F,-82,1598521825207
1,31,D0:F0:18:43:F8:49,-84,1598521825213
0,32,D0:F0:18:43:F8:2F,-87,1598521825715
0,33,D0:F0:18:43:F8:2F,-81,1598521826221
1,34,D0:F0:18:43:F8:49,-84,1598521826227
0,35,D0:F0:18:43:F8:49,-68,1598521826731
0,36,D0:F0:18:43:F8:2F,-88,1598521827742
1,37,D0:F0:18:43:F8:49,-68,1598521827748
0,38,D0:F0:18:43:F8:2F,-82,1598521828264
1,39,D0:F0:18:43:F8:49,-75,1598521828272
0,40,D0:F0:18:43:F8:2F,-82,1598521828772
1,41,D0:F0:18:43:F8:49,-68,1598521828777
0,42,D0:F0:18:43:F8:49,-69,1598521829273
0,43,D0:F0:18:43:F8:2F,-83,1598521829781
1,44,D0:F0:18:43:F8:49,-84,1598521829787
0,45,D0:F0:18:43:F8:2F,-83,1598521830288
1,46,D0:F0:18:43:F8:49,-69,1598521830296
0,47,D0:F0:18:43:F8:2F,-82,1598521830795
1,48,D0:F0:18:43:F8:49,-69,1598521830800
0,49,D0:F0:18:43:F8:49,-69,1598521831297
0,50,D0:F0:18:43:F8:2F,-83,1598521831807
1,51,D0:F0:18:43:F8:49,-70,1598521831812
0,52,D0:F0:18:43:F8:49,-83,1598521832312
0,53,D0:F0:18:43:F8:2F,-83,1598521832822
1,54,D0:F0:18:43:F8:49,-69,1598521832829
0,55,D0:F0:18:43:F8:2F,-82,1598521833328
1,56,D0:F0:18:43:F8:49,-77,1598521833332
0,57,D0:F0:18:43:F8:2F,-85,1598521833835
1,58,D0:F0:18:43:F8:49,-82,1598521833840
0,59,D0:F0:18:43:F8:49,-69,1598521834344
0,60,D0:F0:18:43:F8:2F,-83,1598521834850
1,61,D0:F0:18:43:F8:49,-77,1598521834857
0,62,D0:F0:18:43:F8:49,-83,1598521835353
0,63,D0:F0:18:43:F8:2F,-82,1598521835860
0,64,D0:F0:18:43:F8:2F,-86,1598521836369
1,65,D0:F0:18:43:F8:49,-69,1598521836374
0,66,D0:F0:18:43:F8:2F,-86,1598521836875
1,67,D0:F0:18:43:F8:49,-83,1598521836880
0,68,D0:F0:18:43:F8:2F,-83,1598521837381
0,69,D0:F0:18:43:F8:2F,-86,1598521837887
1,70,D0:F0:18:43:F8:49,-68,1598521837892
0,71,D0:F0:18:43:F8:2F,-82,1598521838395
1,72,D0:F0:18:43:F8:49,-73,1598521838400
0,73,D0:F0:18:43:F8:2F,-85,1598521838901
1,74,D0:F0:18:43:F8:49,-68,1598521838906
0,75,D0:F0:18:43:F8:49,-69,1598521839408
0,76,D0:F0:18:43:F8:2F,-80,1598521839915
1,77,D0:F0:18:43:F8:49,-76,1598521839921
0,78,D0:F0:18:43:F8:2F,-85,1598521840420
1,79,D0:F0:18:43:F8:49,-68,1598521840425
0,0,D0:F0:18:43:F8:2F,-80,1598521848026
1,1,D0:F0:18:43:F8:49,-57,1598521848029
0,2,D0:F0:18:43:F8:2F,-83,1598521848535
1,3,D0:F0:18:43:F8:49,-57,1598521848540
0,4,D0:F0:18:43:F8:2F,-83,1598521849041
1,5,D0:F0:18:43:F8:49,-61,1598521849045
0,6,D0:F0:18:43:F8:49,-60,1598521850051
0,7,D0:F0:18:43:F8:2F,-85,1598521850558
1,8,D0:F0:18:43:F8:49,-61,1598521850564
0,9,D0:F0:18:43:F8:2F,-92,1598521851060
1,10,D0:F0:18:43:F8:49,-57,1598521851062
0,11,D0:F0:18:43:F8:2F,-83,1598521851568
1,12,D0:F0:18:43:F8:49,-61,1598521851572
0,13,D0:F0:18:43:F8:2F,-97,1598521852075
1,14,D0:F0:18:43:F8:49,-61,1598521852079
0,15,D0:F0:18:43:F8:49,-60,1598521852581
0,16,D0:F0:18:43:F8:2F,-82,1598521853087
1,17,D0:F0:18:43:F8:49,-61,1598521853092
0,18,D0:F0:18:43:F8:49,-57,1598521853593
0,19,D0:F0:18:43:F8:2F,-82,1598521854100
1,20,D0:F0:18:43:F8:49,-61,1598521854104
0,21,D0:F0:18:43:F8:2F,-100,1598521854608
1,22,D0:F0:18:43:F8:49,-61,1598521854612
0,23,D0:F0:18:43:F8:2F,-83,1598521855115
1,24,D0:F0:18:43:F8:49,-57,1598521855119
0,25,D0:F0:18:43:F8:49,-57,1598521855620
0,26,D0:F0:18:43:F8:2F,-83,1598521856634
1,27,D0:F0:18:43:F8:49,-60,1598521856640
0,28,D0:F0:18:43:F8:49,-61,1598521857140
0,29,D0:F0:18:43:F8:2F,-84,1598521857647
1,30,D0:F0:18:43:F8:49,-60,1598521857651
0,31,D0:F0:18:43:F8:2F,-93,1598521858154
1,32,D0:F0:18:43:F8:49,-57,1598521858159
0,33,D0:F0:18:43:F8:49,-57,1598521858661
0,34,D0:F0:18:43:F8:2F,-84,1598521859167
1,35,D0:F0:18:43:F8:49,-61,1598521859170
0,36,D0:F0:18:43:F8:49,-57,1598521859674
0,37,D0:F0:18:43:F8:49,-60,1598521860179
0,38,D0:F0:18:43:F8:2F,-84,1598521860685
1,39,D0:F0:18:43:F8:49,-61,1598521860688
0,40,D0:F0:18:43:F8:2F,-92,1598521861192
1,41,D0:F0:18:43:F8:49,-57,1598521861196
0,42,D0:F0:18:43:F8:2F,-84,1598521861698
1,43,D0:F0:18:43:F8:49,-61,1598521861702
0,44,D0:F0:18:43:F8:2F,-92,1598521862204
1,45,D0:F0:18:43:F8:49,-57,1598521862209
0,46,D0:F0:18:43:F8:2F,-95,1598521862710
1,47,D0:F0:18:43:F8:49,-61,1598521862713
0,48,D0:F0:18:43:F8:2F,-93,1598521863216
1,49,D0:F0:18:43:F8:49,-57,1598521863219
0,50,D0:F0:18:43:F8:49,-60,1598521863722
0,51,D0:F0:18:43:F8:2F,-83,1598521864228
1,52,D0:F0:18:43:F8:49,-61,1598521864231
0,53,D0:F0:18:43:F8:49,-57,1598521864734
0,54,D0:F0:18:43:F8:49,-60,1598521865239
0,55,D0:F0:18:43:F8:2F,-83,1598521865746
1,56,D0:F0:18:43:F8:49,-57,1598521865749
0,57,D0:F0:18:43:F8:2F,-94,1598521866251
1,58,D0:F0:18:43:F8:49,-57,1598521866255
0,59,D0:F0:18:43:F8:2F,-83,1598521866759
1,60,D0:F0:18:43:F8:49,-60,1598521866763
0,61,D0:F0:18:43:F8:49,-57,1598521867266
0,62,D0:F0:18:43:F8:2F,-83,1598521867772
1,63,D0:F0:18:43:F8:49,-60,1598521867775
0,64,D0:F0:18:43:F8:2F,-94,1598521868279
1,65,D0:F0:18:43:F8:49,-61,1598521868284
0,66,D0:F0:18:43:F8:2F,-83,1598521869291
1,67,D0:F0:18:43:F8:49,-57,1598521869296
0,68,D0:F0:18:43:F8:49,-60,1598521869797
0,69,D0:F0:18:43:F8:49,-61,1598521870303
0,70,D0:F0:18:43:F8:2F,-83,1598521870809
1,71,D0:F0:18:43:F8:49,-57,1598521870813
0,72,D0:F0:18:43:F8:49,-60,1598521871315
0,73,D0:F0:18:43:F8:2F,-83,1598521871821
1,74,D0:F0:18:43:F8:49,-61,1598521871824
0,75,D0:F0:18:43:F8:49,-60,1598521872327
0,76,D0:F0:18:43:F8:49,-60,1598521872834
0,77,D0:F0:18:43:F8:2F,-94,1598521873341
1,78,D0:F0:18:43:F8:49,-57,1598521873344
0,79,D0:F0:18:43:F8:49,-60,1598521873847
0,0,D0:F0:18:43:F8:2F,-79,1598521878901
1,1,D0:F0:18:43:F8:49,-69,1598521878903
0,2,D0:F0:18:43:F8:2F,-79,1598521879408
0,3,D0:F0:18:43:F8:2F,-79,1598521879913
1,4,D0:F0:18:43:F8:49,-71,1598521879917
0,5,D0:F0:18:43:F8:49,-68,1598521880419
0,6,D0:F0:18:43:F8:2F,-86,1598521880928
1,7,D0:F0:18:43:F8:49,-69,1598521880934
0,8,D0:F0:18:43:F8:49,-71,1598521881436
0,9,D0:F0:18:43:F8:49,-68,1598521881940
0,10,D0:F0:18:43:F8:2F,-79,1598521882447
1,11,D0:F0:18:43:F8:49,-71,1598521882453
0,12,D0:F0:18:43:F8:2F,-79,1598521882954
1,13,D0:F0:18:43:F8:49,-71,1598521882957
0,14,D0:F0:18:43:F8:2F,-78,1598521883460
1,15,D0:F0:18:43:F8:49,-69,1598521883463
0,16,D0:F0:18:43:F8:2F,-79,1598521884471
0,17,D0:F0:18:43:F8:2F,-79,1598521884977
1,18,D0:F0:18:43:F8:49,-69,1598521884980
0,19,D0:F0:18:43:F8:2F,-77,1598521885482
1,20,D0:F0:18:43:F8:49,-69,1598521885486
0,21,D0:F0:18:43:F8:2F,-86,1598521885989
1,22,D0:F0:18:43:F8:49,-71,1598521885994
0,23,D0:F0:18:43:F8:2F,-78,1598521886494
1,24,D0:F0:18:43:F8:49,-68,1598521886500
0,25,D0:F0:18:43:F8:2F,-79,1598521887000
1,26,D0:F0:18:43:F8:49,-69,1598521887004
0,27,D0:F0:18:43:F8:2F,-85,1598521887506
1,28,D0:F0:18:43:F8:49,-71,1598521887509
0,29,D0:F0:18:43:F8:49,-69,1598521888012
0,30,D0:F0:18:43:F8:2F,-79,1598521888518
1,31,D0:F0:18:43:F8:49,-69,1598521888522
0,32,D0:F0:18:43:F8:2F,-79,1598521889025
1,33,D0:F0:18:43:F8:49,-69,1598521889028
0,34,D0:F0:18:43:F8:2F,-78,1598521890037
1,35,D0:F0:18:43:F8:49,-69,1598521890040
0,36,D0:F0:18:43:F8:2F,-78,1598521890547
1,37,D0:F0:18:43:F8:49,-70,1598521890551
0,38,D0:F0:18:43:F8:2F,-79,1598521891053
1,39,D0:F0:18:43:F8:49,-71,1598521891056
0,40,D0:F0:18:43:F8:2F,-79,1598521891560
1,41,D0:F0:18:43:F8:49,-69,1598521891563
0,42,D0:F0:18:43:F8:2F,-86,1598521892068
1,43,D0:F0:18:43:F8:49,-69,1598521892071
0,44,D0:F0:18:43:F8:49,-68,1598521892574
0,45,D0:F0:18:43:F8:2F,-78,1598521893080
1,46,D0:F0:18:43:F8:49,-68,1598521893083
0,47,D0:F0:18:43:F8:49,-71,1598521893591
0,48,D0:F0:18:43:F8:2F,-78,1598521894602
1,49,D0:F0:18:43:F8:49,-70,1598521894606
0,50,D0:F0:18:43:F8:2F,-78,1598521895110
1,51,D0:F0:18:43:F8:49,-68,1598521895113
0,52,D0:F0:18:43:F8:2F,-86,1598521895616
1,53,D0:F0:18:43:F8:49,-69,1598521895621
0,54,D0:F0:18:43:F8:2F,-78,1598521896122
1,55,D0:F0:18:43:F8:49,-68,1598521896125
0,56,D0:F0:18:43:F8:2F,-78,1598521896629
1,57,D0:F0:18:43:F8:49,-69,1598521896632
0,58,D0:F0:18:43:F8:49,-70,1598521897134
0,59,D0:F0:18:43:F8:2F,-78,1598521897640
1,60,D0:F0:18:43:F8:49,-68,1598521897643
0,61,D0:F0:18:43:F8:49,-69,1598521898145
0,62,D0:F0:18:43:F8:2F,-77,1598521898651
1,63,D0:F0:18:43:F8:49,-70,1598521898654
0,64,D0:F0:18:43:F8:2F,-78,1598521899158
1,65,D0:F0:18:43:F8:49,-69,1598521899161
0,66,D0:F0:18:43:F8:2F,-78,1598521899663
1,67,D0:F0:18:43:F8:49,-69,1598521899666
0,68,D0:F0:18:43:F8:2F,-86,1598521900170
1,69,D0:F0:18:43:F8:49,-68,1598521900172
0,70,D0:F0:18:43:F8:49,-69,1598521900677
0,71,D0:F0:18:43:F8:2F,-78,1598521901182
1,72,D0:F0:18:43:F8:49,-70,1598521901186
0,73,D0:F0:18:43:F8:2F,-87,1598521901688
1,74,D0:F0:18:43:F8:49,-69,1598521901691
0,75,D0:F0:18:43:F8:2F,-78,1598521902195
1,76,D0:F0:18:43:F8:49,-70,1598521902198
0,77,D0:F0:18:43:F8:2F,-77,1598521902700
1,78,D0:F0:18:43:F8:49,-69,1598521902705
0,79,D0:F0:18:43:F8:49,-69,1598521903208
0,0,D0:F0:18:43:F8:49,-66,1598521911307
0,1,D0:F0:18:43:F8:2F,-89,1598521911812
1,2,D0:F0:18:43:F8:49,-68,1598521911816
0,3,D0:F0:18:43:F8:2F,-85,1598521912318
0,4,D0:F0:18:43:F8:2F,-85,1598521912824
1,5,D0:F0:18:43:F8:49,-71,1598521912827
0,6,D0:F0:18:43:F8:2F,-87,1598521913330
1,7,D0:F0:18:43:F8:49,-68,1598521913332
0,8,D0:F0:18:43:F8:49,-70,1598521913836
0,9,D0:F0:18:43:F8:2F,-87,1598521914342
1,10,D0:F0:18:43:F8:49,-71,1598521914345
0,11,D0:F0:18:43:F8:49,-70,1598521914848
0,12,D0:F0:18:43:F8:2F,-86,1598521915354
0,13,D0:F0:18:43:F8:2F,-86,1598521915860
1,14,D0:F0:18:43:F8:49,-70,1598521915863
0,15,D0:F0:18:43:F8:2F,-87,1598521916367
1,16,D0:F0:18:43:F8:49,-70,1598521916369
0,17,D0:F0:18:43:F8:2F,-86,1598521916873
1,18,D0:F0:18:43:F8:49,-67,1598521916876
0,19,D0:F0:18:43:F8:49,-70,1598521917379
0,20,D0:F0:18:43:F8:2F,-89,1598521917885
1,21,D0:F0:18:43:F8:49,-71,1598521917888
0,22,D0:F0:18:43:F8:49,-70,1598521918390
0,23,D0:F0:18:43:F8:2F,-85,1598521918896
1,24,D0:F0:18:43:F8:49,-70,1598521918899
0,25,D0:F0:18:43:F8:49,-66,1598521919402
0,26,D0:F0:18:43:F8:2F,-88,1598521919908
0,27,D0:F0:18:43:F8:2F,-85,1598521920414
1,28,D0:F0:18:43:F8:49,-67,1598521920416
0,29,D0:F0:18:43:F8:49,-69,1598521920919
0,30,D0:F0:18:43:F8:2F,-87,1598521921425
1,31,D0:F0:18:43:F8:49,-71,1598521921430
0,32,D0:F0:18:43:F8:2F,-86,1598521921931
1,33,D0:F0:18:43:F8:49,-67,1598521921935
0,34,D0:F0:18:43:F8:49,-69,1598521922437
0,35,D0:F0:18:43:F8:49,-70,1598521922944
0,36,D0:F0:18:43:F8:2F,-83,1598521923449
1,37,D0:F0:18:43:F8:49,-70,1598521923452
0,38,D0:F0:18:43:F8:49,-70,1598521923955
0,39,D0:F0:18:43:F8:2F,-87,1598521924461
1,40,D0:F0:18:43:F8:49,-68,1598521924464
0,41,D0:F0:18:43:F8:49,-70,1598521924967
0,42,D0:F0:18:43:F8:2F,-85,1598521925473
1,43,D0:F0:18:43:F8:49,-71,1598521925476
0,44,D0:F0:18:43:F8:49,-71,1598521925978
0,45,D0:F0:18:43:F8:2F,-86,1598521926485
1,46,D0:F0:18:43:F8:49,-71,1598521926487
0,47,D0:F0:18:43:F8:49,-70,1598521926990
0,48,D0:F0:18:43:F8:2F,-86,1598521927496
1,49,D0:F0:18:43:F8:49,-71,1598521927498
0,50,D0:F0:18:43:F8:2F,-87,1598521928002
1,51,D0:F0:18:43:F8:49,-67,1598521928004
0,52,D0:F0:18:43:F8:49,-70,1598521928505
0,53,D0:F0:18:43:F8:2F,-96,1598521929011
1,54,D0:F0:18:43:F8:49,-71,1598521929015
0,55,D0:F0:18:43:F8:2F,-86,1598521929517
1,56,D0:F0:18:43:F8:49,-67,1598521929520
0,57,D0:F0:18:43:F8:2F,-86,1598521930022
1,58,D0:F0:18:43:F8:49,-71,1598521930026
0,59,D0:F0:18:43:F8:2F,-87,1598521930529
1,60,D0:F0:18:43:F8:49,-67,1598521930531
0,61,D0:F0:18:43:F8:2F,-88,1598521931035
1,62,D0:F0:18:43:F8:49,-71,1598521931038
0,63,D0:F0:18:43:F8:2F,-85,1598521931541
1,64,D0:F0:18:43:F8:49,-71,1598521931545
0,65,D0:F0:18:43:F8:2F,-86,1598521932043
1,66,D0:F0:18:43:F8:49,-66,1598521932045
0,67,D0:F0:18:43:F8:49,-70,1598521932551
0,68,D0:F0:18:43:F8:2F,-86,1598521933057
1,69,D0:F0:18:43:F8:49,-71,1598521933059
0,70,D0:F0:18:43:F8:2F,-86,1598521933563
1,71,D0:F0:18:43:F8:49,-71,1598521933565
0,72,D0:F0:18:43:F8:2F,-86,1598521934574
1,73,D0:F0:18:43:F8:49,-70,1598521934576
0,74,D0:F0:18:43:F8:49,-71,1598521935081
0,75,D0:F0:18:43:F8:49,-67,1598521935590
0,76,D0:F0:18:43:F8:2F,-86,1598521936095
1,77,D0:F0:18:43:F8:49,-71,1598521936097
0,78,D0:F0:18:43:F8:2F,-85,1598521936599
1,79,D0:F0:18:43:F8:49,-71,1598521936600
0,0,D0:F0:18:43:F8:2F,-82,1598521944189
0,1,D0:F0:18:43:F8:2F,-83,1598521944695
1,2,D0:F0:18:43:F8:49,-77,1598521944697
0,3,D0:F0:18:43:F8:2F,-88,1598521945200
0,4,D0:F0:18:43:F8:2F,-83,1598521945707
1,5,D0:F0:18:43:F8:49,-78,1598521945709
0,6,D0:F0:18:43:F8:49,-75,1598521946214
0,7,D0:F0:18:43:F8:2F,-83,1598521946719
1,8,D0:F0:18:43:F8:49,-85,1598521946721
0,9,D0:F0:18:43:F8:2F,-81,1598521947225
1,10,D0:F0:18:43:F8:49,-77,1598521947227
0,11,D0:F0:18:43:F8:2F,-84,1598521947731
1,12,D0:F0:18:43:F8:49,-88,1598521947734
0,13,D0:F0:18:43:F8:49,-77,1598521948239
0,14,D0:F0:18:43:F8:2F,-82,1598521948745
1,15,D0:F0:18:43:F8:49,-76,1598521948748
0,16,D0:F0:18:43:F8:2F,-86,1598521949251
1,17,D0:F0:18:43:F8:49,-86,1598521949253
0,18,D0:F0:18:43:F8:2F,-82,1598521949757
1,19,D0:F0:18:43:F8:49,-77,1598521949759
0,20,D0:F0:18:43:F8:2F,-88,1598521950263
1,21,D0:F0:18:43:F8:49,-78,1598521950265
0,22,D0:F0:18:43:F8:2F,-86,1598521950768
0,23,D0:F0:18:43:F8:49,-77,1598521951273
0,24,D0:F0:18:43:F8:2F,-82,1598521951780
1,25,D0:F0:18:43:F8:49,-77,1598521951782
0,26,D0:F0:18:43:F8:2F,-82,1598521952285
0,27,D0:F0:18:43:F8:2F,-86,1598521952791
1,28,D0:F0:18:43:F8:49,-78,1598521952793
0,29,D0:F0:18:43:F8:2F,-82,1598521953298
0,30,D0:F0:18:43:F8:49,-85,1598521953803
0,31,D0:F0:18:43:F8:2F,-82,1598521954308
0,32,D0:F0:18:43:F8:2F,-80,1598521954814
1,33,D0:F0:18:43:F8:49,-78,1598521954817
0,34,D0:F0:18:43:F8:49,-86,1598521955322
0,35,D0:F0:18:43:F8:2F,-82,1598521955828
1,36,D0:F0:18:43:F8:49,-78,1598521955830
0,37,D0:F0:18:43:F8:2F,-88,1598521956334
1,38,D0:F0:18:43:F8:49,-77,1598521956336
0,39,D0:F0:18:43:F8:49,-79,1598521956839
0,40,D0:F0:18:43:F8:2F,-81,1598521957344
1,41,D0:F0:18:43:F8:49,-78,1598521957346
0,42,D0:F0:18:43:F8:2F,-82,1598521957850
1,43,D0:F0:18:43:F8:49,-86,1598521957852
0,44,D0:F0:18:43:F8:2F,-84,1598521958355
0,45,D0:F0:18:43:F8:49,-77,1598521958860
0,46,D0:F0:18:43:F8:2F,-83,1598521959365
0,47,D0:F0:18:43:F8:2F,-82,1598521959871
1,48,D0:F0:18:43:F8:49,-77,1598521959874
0,49,D0:F0:18:43:F8:49,-85,1598521960377
0,50,D0:F0:18:43:F8:2F,-82,1598521960883
0,51,D0:F0:18:43:F8:2F,-86,1598521961389
1,52,D0:F0:18:43:F8:49,-76,1598521961391
0,53,D0:F0:18:43:F8:2F,-83,1598521961895
1,54,D0:F0:18:43:F8:49,-85,1598521961897
0,55,D0:F0:18:43:F8:2F,-89,1598521962401
0,56,D0:F0:18:43:F8:2F,-82,1598521963412
1,57,D0:F0:18:43:F8:49,-84,1598521963414
0,58,D0:F0:18:43:F8:49,-84,1598521963917
0,59,D0:F0:18:43:F8:2F,-86,1598521964425
0,60,D0:F0:18:43:F8:2F,-86,1598521964927
1,61,D0:F0:18:43:F8:49,-77,1598521964929
0,62,D0:F0:18:43:F8:2F,-82,1598521965433
1,63,D0:F0:18:43:F8:49,-86,1598521965436
0,64,D0:F0:18:43:F8:49,-77,1598521965939
0,65,D0:F0:18:43:F8:2F,-82,1598521966949
1,66,D0:F0:18:43:F8:49,-77,1598521966951
0,67,D0:F0:18:43:F8:2F,-88,1598521967455
1,68,D0:F0:18:43:F8:49,-77,1598521967457
0,69,D0:F0:18:43:F8:2F,-81,1598521967961
1,70,D0:F0:18:43:F8:49,-76,1598521967962
0,71,D0:F0:18:43:F8:2F,-88,1598521968466
0,72,D0:F0:18:43:F8:2F,-87,1598521968972
1,73,D0:F0:18:43:F8:49,-76,1598521968974
0,74,D0:F0:18:43:F8:49,-76,1598521969477
0,75,D0:F0:18:43:F8:2F,-86,1598521969983
1,76,D0:F0:18:43:F8:49,-76,1598521969985
0,77,D0:F0:18:43:F8:2F,-82,1598521970489
0,78,D0:F0:18:43:F8:2F,-88,1598521970995
0,79,D0:F0:18:43:F8:2F,-85,1598521971501
0,0,D0:F0:18:43:F8:2F,-81,1598521975540
1,1,D0:F0:18:43:F8:49,-76,1598521975541
0,2,D0:F0:18:43:F8:2F,-84,1598521976045
0,3,D0:F0:18:43:F8:2F,-81,1598521977056
1,4,D0:F0:18:43:F8:49,-77,1598521977059
0,5,D0:F0:18:43:F8:2F,-93,1598521977561
0,6,D0:F0:18:43:F8:49,-84,1598521977911
0,7,D0:F0:18:43:F8:2F,-91,1598521978692
1,8,D0:F0:18:43:F8:49,-73,1598521978695
0,9,D0:F0:18:43:F8:2F,-93,1598521979198
1,10,D0:F0:18:43:F8:49,-77,1598521979199
0,11,D0:F0:18:43:F8:2F,-79,1598521979703
1,12,D0:F0:18:43:F8:49,-73,1598521979705
0,13,D0:F0:18:43:F8:49,-73,1598521980209
0,14,D0:F0:18:43:F8:2F,-86,1598521980714
1,15,D0:F0:18:43:F8:49,-82,1598521980716
0,16,D0:F0:18:43:F8:2F,-89,1598521981220
1,17,D0:F0:18:43:F8:49,-72,1598521981222
0,18,D0:F0:18:43:F8:2F,-77,1598521981724
1,19,D0:F0:18:43:F8:49,-72,1598521981726
0,20,D0:F0:18:43:F8:49,-76,1598521982229
0,21,D0:F0:18:43:F8:49,-76,1598521982733
0,22,D0:F0:18:43:F8:2F,-79,1598521983238
1,23,D0:F0:18:43:F8:49,-73,1598521983240
0,24,D0:F0:18:43:F8:49,-76,1598521983742
0,25,D0:F0:18:43:F8:49,-84,1598521984247
0,26,D0:F0:18:43:F8:2F,-91,1598521984752
1,27,D0:F0:18:43:F8:49,-73,1598521984754
0,28,D0:F0:18:43:F8:49,-75,1598521985259
0,29,D0:F0:18:43:F8:49,-75,1598521986269
0,30,D0:F0:18:43:F8:49,-75,1598521986774
0,31,D0:F0:18:43:F8:2F,-79,1598521987279
1,32,D0:F0:18:43:F8:49,-73,1598521987281
0,33,D0:F0:18:43:F8:2F,-93,1598521987784
1,34,D0:F0:18:43:F8:49,-76,1598521987787
0,35,D0:F0:18:43:F8:2F,-79,1598521988289
1,36,D0:F0:18:43:F8:49,-83,1598521988290
0,37,D0:F0:18:43:F8:49,-73,1598521988795
0,38,D0:F0:18:43:F8:2F,-98,1598521989300
1,39,D0:F0:18:43:F8:49,-75,1598521989302
0,40,D0:F0:18:43:F8:2F,-80,1598521989805
1,41,D0:F0:18:43:F8:49,-73,1598521989810
0,42,D0:F0:18:43:F8:2F,-78,1598521990816
1,43,D0:F0:18:43:F8:49,-75,1598521990818
0,44,D0:F0:18:43:F8:2F,-92,1598521991321
1,45,D0:F0:18:43:F8:49,-73,1598521991323
0,46,D0:F0:18:43:F8:2F,-92,1598521991827
1,47,D0:F0:18:43:F8:49,-75,1598521991829
0,48,D0:F0:18:43:F8:2F,-80,1598521992332
0,49,D0:F0:18:43:F8:2F,-93,1598521992837
1,50,D0:F0:18:43:F8:49,-73,1598521992839
0,51,D0:F0:18:43:F8:2F,-79,1598521993342
1,52,D0:F0:18:43:F8:49,-84,1598521993345
0,53,D0:F0:18:43:F8:49,-73,1598521993847
0,54,D0:F0:18:43:F8:49,-75,1598521994352
0,55,D0:F0:18:43:F8:2F,-89,1598521994857
0,56,D0:F0:18:43:F8:49,-73,1598521995362
0,57,D0:F0:18:43:F8:2F,-78,1598521995867
1,58,D0:F0:18:43:F8:49,-76,1598521995869
0,59,D0:F0:18:43:F8:49,-72,1598521996373
0,60,D0:F0:18:43:F8:2F,-88,1598521996879
1,61,D0:F0:18:43:F8:49,-72,1598521996880
0,62,D0:F0:18:43:F8:2F,-78,1598521997385
1,63,D0:F0:18:43:F8:49,-72,1598521997389
0,64,D0:F0:18:43:F8:2F,-91,1598521997891
1,65,D0:F0:18:43:F8:49,-76,1598521997892
0,66,D0:F0:18:43:F8:2F,-78,1598521998396
0,67,D0:F0:18:43:F8:2F,-90,1598521998901
1,68,D0:F0:18:43:F8:49,-76,1598521998903
0,69,D0:F0:18:43:F8:49,-75,1598521999407
0,70,D0:F0:18:43:F8:49,-73,1598521999912
0,71,D0:F0:18:43:F8:2F,-79,1598522000923
1,72,D0:F0:18:43:F8:49,-75,1598522000926
0,73,D0:F0:18:43:F8:2F,-89,1598522001429
1,74,D0:F0:18:43:F8:49,-73,1598522001430
0,75,D0:F0:18:43:F8:2F,-94,1598522001935
1,76,D0:F0:18:43:F8:49,-76,1598522001936
0,77,D0:F0:18:43:F8:2F,-89,1598522002440
1,78,D0:F0:18:43:F8:49,-82,1598522002441
0,79,D0:F0:18:43:F8:2F,-87,1598522002946
0,0,D0:F0:18:43:F8:49,-73,1598522009517
0,1,D0:F0:18:43:F8:2F,-85,1598522010023
1,2,D0:F0:18:43:F8:49,-70,1598522010024
0,3,D0:F0:18:43:F8:2F,-101,1598522010529
1,4,D0:F0:18:43:F8:49,-72,1598522010530
0,5,D0:F0:18:43:F8:49,-74,1598522011035
0,6,D0:F0:18:43:F8:2F,-86,1598522011541
1,7,D0:F0:18:43:F8:49,-70,1598522011543
0,8,D0:F0:18:43:F8:49,-73,1598522012046
0,9,D0:F0:18:43:F8:49,-70,1598522012552
0,10,D0:F0:18:43:F8:49,-71,1598522013058
0,11,D0:F0:18:43:F8:2F,-81,1598522013564
1,12,D0:F0:18:43:F8:49,-72,1598522013566
0,13,D0:F0:18:43:F8:49,-71,1598522014070
0,14,D0:F0:18:43:F8:2F,-85,1598522014575
1,15,D0:F0:18:43:F8:49,-72,1598522014577
0,16,D0:F0:18:43:F8:2F,-82,1598522015080
1,17,D0:F0:18:43:F8:49,-70,1598522015082
0,18,D0:F0:18:43:F8:2F,-85,1598522015585
0,19,D0:F0:18:43:F8:49,-72,1598522016091
0,20,D0:F0:18:43:F8:2F,-85,1598522016596
1,21,D0:F0:18:43:F8:49,-70,1598522016598
0,22,D0:F0:18:43:F8:2F,-89,1598522017101
1,23,D0:F0:18:43:F8:49,-70,1598522017103
0,24,D0:F0:18:43:F8:49,-71,1598522017607
0,25,D0:F0:18:43:F8:49,-72,1598522018112
0,26,D0:F0:18:43:F8:2F,-82,1598522019122
1,27,D0:F0:18:43:F8:49,-70,1598522019123
0,28,D0:F0:18:43:F8:2F,-82,1598522019627
1,29,D0:F0:18:43:F8:49,-70,1598522019629
0,30,D0:F0:18:43:F8:2F,-81,1598522020134
1,31,D0:F0:18:43:F8:49,-70,1598522020135
0,32,D0:F0:18:43:F8:2F,-81,1598522020642
1,33,D0:F0:18:43:F8:49,-72,1598522020644
0,34,D0:F0:18:43:F8:2F,-81,1598522021147
1,35,D0:F0:18:43:F8:49,-70,1598522021149
0,36,D0:F0:18:43:F8:2F,-85,1598522021653
1,37,D0:F0:18:43:F8:49,-71,1598522021655
0,38,D0:F0:18:43:F8:2F,-82,1598522022158
1,39,D0:F0:18:43:F8:49,-72,1598522022160
0,40,D0:F0:18:43:F8:2F,-83,1598522022664
1,41,D0:F0:18:43:F8:49,-70,1598522022666
0,42,D0:F0:18:43:F8:2F,-85,1598522023170
1,43,D0:F0:18:43:F8:49,-73,1598522023171
0,44,D0:F0:18:43:F8:2F,-82,1598522023675
1,45,D0:F0:18:43:F8:49,-72,1598522023677
0,46,D0:F0:18:43:F8:49,-71,1598522024180
0,47,D0:F0:18:43:F8:2F,-84,1598522024686
1,48,D0:F0:18:43:F8:49,-72,1598522024687
0,49,D0:F0:18:43:F8:2F,-83,1598522025191
1,50,D0:F0:18:43:F8:49,-70,1598522025193
0,51,D0:F0:18:43:F8:2F,-86,1598522025696
1,52,D0:F0:18:43:F8:49,-71,1598522025698
0,53,D0:F0:18:43:F8:49,-72,1598522026202
0,54,D0:F0:18:43:F8:49,-71,1598522026707
0,55,D0:F0:18:43:F8:2F,-85,1598522027213
0,56,D0:F0:18:43:F8:2F,-89,1598522027718
1,57,D0:F0:18:43:F8:49,-70,1598522027720
0,58,D0:F0:18:43:F8:2F,-82,1598522028223
1,59,D0:F0:18:43:F8:49,-71,1598522028225
0,60,D0:F0:18:43:F8:2F,-82,1598522028729
1,61,D0:F0:18:43:F8:49,-70,1598522028731
0,62,D0:F0:18:43:F8:2F,-82,1598522029234
1,63,D0:F0:18:43:F8:49,-71,1598522029236
0,64,D0:F0:18:43:F8:49,-70,1598522029739
0,65,D0:F0:18:43:F8:2F,-89,1598522030244
1,66,D0:F0:18:43:F8:49,-70,1598522030246
0,67,D0:F0:18:43:F8:2F,-82,1598522030749
1,68,D0:F0:18:43:F8:49,-71,1598522030751
0,69,D0:F0:18:43:F8:2F,-89,1598522031254
0,70,D0:F0:18:43:F8:2F,-93,1598522031759
1,71,D0:F0:18:43:F8:49,-71,1598522031761
0,72,D0:F0:18:43:F8:2F,-85,1598522032266
1,73,D0:F0:18:43:F8:49,-71,1598522032267
0,74,D0:F0:18:43:F8:2F,-86,1598522032772
1,75,D0:F0:18:43:F8:49,-70,1598522032774
0,76,D0:F0:18:43:F8:2F,-82,1598522033277
1,77,D0:F0:18:43:F8:49,-69,1598522033279
0,78,D0:F0:18:43:F8:2F,-87,1598522033782
1,79,D0:F0:18:43:F8:49,-71,1598522033784
0,0,D0:F0:18:43:F8:2F,-86,1598522038835
1,1,D0:F0:18:43:F8:49,-71,1598522038836
0,2,D0:F0:18:43:F8:2F,-84,1598522039341
1,3,D0:F0:18:43:F8:49,-71,1598522039343
0,4,D0:F0:18:43:F8:2F,-83,1598522039848
1,5,D0:F0:18:43:F8:49,-71,1598522039849
0,6,D0:F0:18:43:F8:2F,-81,1598522040354
1,7,D0:F0:18:43:F8:49,-71,1598522040356
0,8,D0:F0:18:43:F8:49,-77,1598522040859
0,9,D0:F0:18:43:F8:2F,-80,1598522041365
1,10,D0:F0:18:43:F8:49,-70,1598522041367
0,11,D0:F0:18:43:F8:2F,-83,1598522041871
1,12,D0:F0:18:43:F8:49,-71,1598522041872
0,13,D0:F0:18:43:F8:2F,-84,1598522042376
0,14,D0:F0:18:43:F8:49,-71,1598522042882
0,15,D0:F0:18:43:F8:2F,-86,1598522043388
1,16,D0:F0:18:43:F8:49,-76,1598522043390
0,17,D0:F0:18:43:F8:2F,-89,1598522043895
1,18,D0:F0:18:43:F8:49,-71,1598522043896
0,19,D0:F0:18:43:F8:2F,-79,1598522044399
1,20,D0:F0:18:43:F8:49,-71,1598522044401
0,21,D0:F0:18:43:F8:2F,-88,1598522044904
0,22,D0:F0:18:43:F8:2F,-90,1598522045409
1,23,D0:F0:18:43:F8:49,-71,1598522045411
0,24,D0:F0:18:43:F8:2F,-79,1598522045915
1,25,D0:F0:18:43:F8:49,-76,1598522045916
0,26,D0:F0:18:43:F8:2F,-92,1598522046420
1,27,D0:F0:18:43:F8:49,-71,1598522046422
0,28,D0:F0:18:43:F8:49,-71,1598522046925
0,29,D0:F0:18:43:F8:2F,-91,1598522047430
1,30,D0:F0:18:43:F8:49,-71,1598522047432
0,31,D0:F0:18:43:F8:2F,-78,1598522047937
1,32,D0:F0:18:43:F8:49,-71,1598522047938
0,33,D0:F0:18:43:F8:49,-76,1598522048442
0,34,D0:F0:18:43:F8:2F,-79,1598522048948
1,35,D0:F0:18:43:F8:49,-71,1598522048950
0,36,D0:F0:18:43:F8:2F,-79,1598522049454
1,37,D0:F0:18:43:F8:49,-71,1598522049456
0,38,D0:F0:18:43:F8:2F,-95,1598522049959
1,39,D0:F0:18:43:F8:49,-71,1598522049961
0,40,D0:F0:18:43:F8:2F,-81,1598522050464
0,41,D0:F0:18:43:F8:49,-76,1598522050969
0,42,D0:F0:18:43:F8:2F,-80,1598522051474
1,43,D0:F0:18:43:F8:49,-71,1598522051476
0,44,D0:F0:18:43:F8:2F,-80,1598522051980
1,45,D0:F0:18:43:F8:49,-76,1598522051981
0,46,D0:F0:18:43:F8:2F,-80,1598522052486
1,47,D0:F0:18:43:F8:49,-70,1598522052487
0,48,D0:F0:18:43:F8:49,-71,1598522052991
0,49,D0:F0:18:43:F8:2F,-80,1598522053496
1,50,D0:F0:18:43:F8:49,-76,1598522053498
0,51,D0:F0:18:43:F8:49,-71,1598522054000
0,52,D0:F0:18:43:F8:2F,-78,1598522054506
1,53,D0:F0:18:43:F8:49,-71,1598522054508
0,54,D0:F0:18:43:F8:2F,-89,1598522055011
1,55,D0:F0:18:43:F8:49,-71,1598522055013
0,56,D0:F0:18:43:F8:49,-71,1598522055517
0,57,D0:F0:18:43:F8:49,-76,1598522056022
0,58,D0:F0:18:43:F8:2F,-80,1598522056528
1,59,D0:F0:18:43:F8:49,-71,1598522056530
0,60,D0:F0:18:43:F8:2F,-80,1598522057034
1,61,D0:F0:18:43:F8:49,-71,1598522057036
0,62,D0:F0:18:43:F8:2F,-89,1598522057540
1,63,D0:F0:18:43:F8:49,-70,1598522057541
0,64,D0:F0:18:43:F8:2F,-81,1598522058046
1,65,D0:F0:18:43:F8:49,-71,1598522058048
0,66,D0:F0:18:43:F8:49,-71,1598522058551
0,67,D0:F0:18:43:F8:2F,-82,1598522059057
1,68,D0:F0:18:43:F8:49,-71,1598522059060
0,69,D0:F0:18:43:F8:2F,-82,1598522059563
1,70,D0:F0:18:43:F8:49,-71,1598522059565
0,71,D0:F0:18:43:F8:49,-71,1598522060068
0,72,D0:F0:18:43:F8:2F,-82,1598522060576
1,73,D0:F0:18:43:F8:49,-71,1598522060577
0,74,D0:F0:18:43:F8:2F,-98,1598522061078
1,75,D0:F0:18:43:F8:49,-71,1598522061079
0,76,D0:F0:18:43:F8:49,-71,1598522061585
0,77,D0:F0:18:43:F8:2F,-81,1598522062090
1,78,D0:F0:18:43:F8:49,-71,1598522062093
0,79,D0:F0:18:43:F8:2F,-81,1598522062595
0,0,D0:F0:18:43:F8:49,-68,1598522069669
0,1,D0:F0:18:43:F8:2F,-83,1598522070174
1,2,D0:F0:18:43:F8:49,-71,1598522070176
0,3,D0:F0:18:43:F8:49,-70,1598522070680
0,4,D0:F0:18:43:F8:2F,-77,1598522071186
1,5,D0:F0:18:43:F8:49,-71,1598522071187
0,6,D0:F0:18:43:F8:2F,-82,1598522071692
1,7,D0:F0:18:43:F8:49,-69,1598522071694
0,8,D0:F0:18:43:F8:2F,-89,1598522072197
1,9,D0:F0:18:43:F8:49,-71,1598522072198
0,10,D0:F0:18:43:F8:2F,-85,1598522072703
1,11,D0:F0:18:43:F8:49,-71,1598522072704
0,12,D0:F0:18:43:F8:2F,-93,1598522073209
1,13,D0:F0:18:43:F8:49,-71,1598522073210
0,14,D0:F0:18:43:F8:2F,-82,1598522073715
1,15,D0:F0:18:43:F8:49,-70,1598522073716
0,16,D0:F0:18:43:F8:2F,-81,1598522074221
1,17,D0:F0:18:43:F8:49,-68,1598522074223
0,18,D0:F0:18:43:F8:49,-70,1598522074726
0,19,D0:F0:18:43:F8:2F,-83,1598522075231
1,20,D0:F0:18:43:F8:49,-70,1598522075233
0,21,D0:F0:18:43:F8:2F,-82,1598522075738
1,22,D0:F0:18:43:F8:49,-70,1598522075740
0,23,D0:F0:18:43:F8:49,-70,1598522076244
0,24,D0:F0:18:43:F8:2F,-82,1598522076750
1,25,D0:F0:18:43:F8:49,-68,1598522076752
0,26,D0:F0:18:43:F8:2F,-83,1598522077256
1,27,D0:F0:18:43:F8:49,-70,1598522077257
0,28,D0:F0:18:43:F8:2F,-82,1598522077763
1,29,D0:F0:18:43:F8:49,-68,1598522077765
0,30,D0:F0:18:43:F8:2F,-92,1598522078270
1,31,D0:F0:18:43:F8:49,-70,1598522078271
0,32,D0:F0:18:43:F8:49,-71,1598522078775
0,33,D0:F0:18:43:F8:2F,-93,1598522079280
1,34,D0:F0:18:43:F8:49,-68,1598522079282
0,35,D0:F0:18:43:F8:2F,-82,1598522079787
1,36,D0:F0:18:43:F8:49,-70,1598522079788
0,37,D0:F0:18:43:F8:2F,-83,1598522080292
1,38,D0:F0:18:43:F8:49,-71,1598522080294
0,39,D0:F0:18:43:F8:49,-70,1598522080798
0,40,D0:F0:18:43:F8:2F,-83,1598522081304
1,41,D0:F0:18:43:F8:49,-70,1598522081306
0,42,D0:F0:18:43:F8:2F,-82,1598522081810
1,43,D0:F0:18:43:F8:49,-68,1598522081811
0,44,D0:F0:18:43:F8:2F,-83,1598522082316
1,45,D0:F0:18:43:F8:49,-70,1598522082317
0,46,D0:F0:18:43:F8:2F,-83,1598522082822
1,47,D0:F0:18:43:F8:49,-71,1598522082824
0,48,D0:F0:18:43:F8:2F,-82,1598522083327
1,49,D0:F0:18:43:F8:49,-70,1598522083329
0,50,D0:F0:18:43:F8:2F,-83,1598522083832
1,51,D0:F0:18:43:F8:49,-70,1598522083834
0,52,D0:F0:18:43:F8:2F,-82,1598522084338
1,53,D0:F0:18:43:F8:49,-70,1598522084339
0,54,D0:F0:18:43:F8:2F,-96,1598522084843
1,55,D0:F0:18:43:F8:49,-70,1598522084846
0,56,D0:F0:18:43:F8:2F,-84,1598522085349
0,57,D0:F0:18:43:F8:2F,-85,1598522085855
1,58,D0:F0:18:43:F8:49,-70,1598522085856
0,59,D0:F0:18:43:F8:49,-70,1598522086360
0,60,D0:F0:18:43:F8:49,-71,1598522086865
0,61,D0:F0:18:43:F8:2F,-83,1598522087372
1,62,D0:F0:18:43:F8:49,-68,1598522087373
0,63,D0:F0:18:43:F8:2F,-83,1598522087877
1,64,D0:F0:18:43:F8:49,-71,1598522087879
0,65,D0:F0:18:43:F8:49,-70,1598522088383
0,66,D0:F0:18:43:F8:2F,-84,1598522088885
1,67,D0:F0:18:43:F8:49,-71,1598522088886
0,68,D0:F0:18:43:F8:2F,-98,1598522089391
1,69,D0:F0:18:43:F8:49,-68,1598522089392
0,70,D0:F0:18:43:F8:2F,-84,1598522089896
1,71,D0:F0:18:43:F8:49,-71,1598522089898
0,72,D0:F0:18:43:F8:2F,-83,1598522090402
1,73,D0:F0:18:43:F8:49,-70,1598522090403
0,74,D0:F0:18:43:F8:2F,-100,1598522090907
1,75,D0:F0:18:43:F8:49,-70,1598522090909
0,76,D0:F0:18:43:F8:2F,-85,1598522091413
1,77,D0:F0:18:43:F8:49,-70,1598522091415
0,78,D0:F0:18:43:F8:2F,-84,1598522091919
1,79,D0:F0:18:43:F8:49,-68,1598522091921
0,0,D0:F0:18:43:F8:2F,-75,1598522096973
1,1,D0:F0:18:43:F8:49,-67,1598522096974
0,2,D0:F0:18:43:F8:49,-69,1598522097480
0,3,D0:F0:18:43:F8:2F,-76,1598522097986
1,4,D0:F0:18:43:F8:49,-69,1598522097987
0,5,D0:F0:18:43:F8:49,-67,1598522098491
0,6,D0:F0:18:43:F8:2F,-76,1598522098996
1,7,D0:F0:18:43:F8:49,-70,1598522098998
0,8,D0:F0:18:43:F8:49,-68,1598522099501
0,9,D0:F0:18:43:F8:2F,-78,1598522100007
1,10,D0:F0:18:43:F8:49,-70,1598522100008
0,11,D0:F0:18:43:F8:2F,-77,1598522100514
1,12,D0:F0:18:43:F8:49,-70,1598522100515
0,13,D0:F0:18:43:F8:2F,-74,1598522101020
1,14,D0:F0:18:43:F8:49,-67,1598522101021
0,15,D0:F0:18:43:F8:2F,-78,1598522101525
1,16,D0:F0:18:43:F8:49,-69,1598522101527
0,17,D0:F0:18:43:F8:2F,-75,1598522102032
1,18,D0:F0:18:43:F8:49,-67,1598522102033
0,19,D0:F0:18:43:F8:2F,-77,1598522102537
1,20,D0:F0:18:43:F8:49,-67,1598522102539
0,21,D0:F0:18:43:F8:2F,-77,1598522103042
1,22,D0:F0:18:43:F8:49,-69,1598522103044
0,23,D0:F0:18:43:F8:2F,-74,1598522103549
1,24,D0:F0:18:43:F8:49,-67,1598522103550
0,25,D0:F0:18:43:F8:2F,-78,1598522104053
1,26,D0:F0:18:43:F8:49,-69,1598522104055
0,27,D0:F0:18:43:F8:2F,-74,1598522104559
1,28,D0:F0:18:43:F8:49,-67,1598522104561
0,29,D0:F0:18:43:F8:2F,-77,1598522105067
0,30,D0:F0:18:43:F8:2F,-77,1598522105571
1,31,D0:F0:18:43:F8:49,-68,1598522105572
0,32,D0:F0:18:43:F8:2F,-74,1598522106077
1,33,D0:F0:18:43:F8:49,-67,1598522106078
0,34,D0:F0:18:43:F8:2F,-76,1598522106583
1,35,D0:F0:18:43:F8:49,-67,1598522106584
0,36,D0:F0:18:43:F8:2F,-76,1598522107088
1,37,D0:F0:18:43:F8:49,-67,1598522107090
0,38,D0:F0:18:43:F8:2F,-74,1598522107594
1,39,D0:F0:18:43:F8:49,-69,1598522107595
0,40,D0:F0:18:43:F8:2F,-75,1598522108099
0,41,D0:F0:18:43:F8:49,-67,1598522108605
0,42,D0:F0:18:43:F8:2F,-73,1598522109111
1,43,D0:F0:18:43:F8:49,-69,1598522109112
0,44,D0:F0:18:43:F8:49,-67,1598522109617
0,45,D0:F0:18:43:F8:2F,-73,1598522110120
1,46,D0:F0:18:43:F8:49,-69,1598522110121
0,47,D0:F0:18:43:F8:49,-69,1598522110624
0,48,D0:F0:18:43:F8:2F,-77,1598522111130
1,49,D0:F0:18:43:F8:49,-67,1598522111131
0,50,D0:F0:18:43:F8:49,-69,1598522111635
0,51,D0:F0:18:43:F8:2F,-73,1598522112140
1,52,D0:F0:18:43:F8:49,-67,1598522112141
0,53,D0:F0:18:43:F8:2F,-77,1598522112646
1,54,D0:F0:18:43:F8:49,-67,1598522112648
0,55,D0:F0:18:43:F8:2F,-74,1598522113151
1,56,D0:F0:18:43:F8:49,-69,1598522113153
0,57,D0:F0:18:43:F8:2F,-77,1598522113657
1,58,D0:F0:18:43:F8:49,-67,1598522113658
0,59,D0:F0:18:43:F8:2F,-74,1598522114163
1,60,D0:F0:18:43:F8:49,-69,1598522114164
0,61,D0:F0:18:43:F8:2F,-73,1598522114669
1,62,D0:F0:18:43:F8:49,-69,1598522114671
0,63,D0:F0:18:43:F8:2F,-77,1598522115175
1,64,D0:F0:18:43:F8:49,-67,1598522115176
0,65,D0:F0:18:43:F8:2F,-74,1598522115680
1,66,D0:F0:18:43:F8:49,-69,1598522115682
0,67,D0:F0:18:43:F8:2F,-73,1598522116186
1,68,D0:F0:18:43:F8:49,-67,1598522116187
0,69,D0:F0:18:43:F8:2F,-76,1598522116691
1,70,D0:F0:18:43:F8:49,-69,1598522116692
0,71,D0:F0:18:43:F8:2F,-76,1598522117196
1,72,D0:F0:18:43:F8:49,-69,1598522117198
0,73,D0:F0:18:43:F8:2F,-78,1598522117702
1,74,D0:F0:18:43:F8:49,-66,1598522117703
0,75,D0:F0:18:43:F8:2F,-75,1598522118207
1,76,D0:F0:18:43:F8:49,-67,1598522118209
0,77,D0:F0:18:43:F8:2F,-74,1598522118713
1,78,D0:F0:18:43:F8:49,-67,1598522118715
0,79,D0:F0:18:43:F8:2F,-75,1598522119219
0,0,D0:F0:18:43:F8:2F,-75,1598522125288
1,1,D0:F0:18:43:F8:49,-77,1598522125290
0,2,D0:F0:18:43:F8:2F,-78,1598522125794
1,3,D0:F0:18:43:F8:49,-74,1598522125795
0,4,D0:F0:18:43:F8:2F,-82,1598522126300
1,5,D0:F0:18:43:F8:49,-72,1598522126301
0,6,D0:F0:18:43:F8:2F,-74,1598522126806
1,7,D0:F0:18:43:F8:49,-72,1598522126808
0,8,D0:F0:18:43:F8:49,-72,1598522127312
0,9,D0:F0:18:43:F8:2F,-76,1598522127817
1,10,D0:F0:18:43:F8:49,-72,1598522127819
0,11,D0:F0:18:43:F8:2F,-80,1598522128323
1,12,D0:F0:18:43:F8:49,-71,1598522128325
0,13,D0:F0:18:43:F8:2F,-75,1598522128829
1,14,D0:F0:18:43:F8:49,-71,1598522128831
0,15,D0:F0:18:43:F8:2F,-80,1598522129335
1,16,D0:F0:18:43:F8:49,-72,1598522129337
0,17,D0:F0:18:43:F8:2F,-80,1598522129841
1,18,D0:F0:18:43:F8:49,-71,1598522129842
0,19,D0:F0:18:43:F8:2F,-75,1598522130346
0,20,D0:F0:18:43:F8:2F,-80,1598522130853
1,21,D0:F0:18:43:F8:49,-71,1598522130855
0,22,D0:F0:18:43:F8:2F,-80,1598522131359
1,23,D0:F0:18:43:F8:49,-71,1598522131361
0,24,D0:F0:18:43:F8:49,-72,1598522131866
0,25,D0:F0:18:43:F8:2F,-75,1598522132372
0,26,D0:F0:18:43:F8:2F,-75,1598522132876
1,27,D0:F0:18:43:F8:49,-77,1598522132878
0,28,D0:F0:18:43:F8:2F,-74,1598522133383
1,29,D0:F0:18:43:F8:49,-72,1598522133384
0,30,D0:F0:18:43:F8:2F,-74,1598522133888
0,31,D0:F0:18:43:F8:2F,-79,1598522134393
1,32,D0:F0:18:43:F8:49,-71,1598522134395
0,33,D0:F0:18:43:F8:49,-77,1598522134899
0,34,D0:F0:18:43:F8:2F,-74,1598522135404
1,35,D0:F0:18:43:F8:49,-72,1598522135406
0,36,D0:F0:18:43:F8:2F,-75,1598522135910
1,37,D0:F0:18:43:F8:49,-71,1598522135911
0,38,D0:F0:18:43:F8:2F,-75,1598522136416
1,39,D0:F0:18:43:F8:49,-77,1598522136418
0,40,D0:F0:18:43:F8:2F,-74,1598522136922
1,41,D0:F0:18:43:F8:49,-72,1598522136923
0,42,D0:F0:18:43:F8:2F,-75,1598522137428
1,43,D0:F0:18:43:F8:49,-71,1598522137429
0,44,D0:F0:18:43:F8:2F,-79,1598522137934
1,45,D0:F0:18:43:F8:49,-77,1598522137935
0,46,D0:F0:18:43:F8:2F,-74,1598522138439
1,47,D0:F0:18:43:F8:49,-71,1598522138440
0,48,D0:F0:18:43:F8:2F,-77,1598522138945
1,49,D0:F0:18:43:F8:49,-77,1598522138947
0,50,D0:F0:18:43:F8:2F,-79,1598522139450
1,51,D0:F0:18:43:F8:49,-72,1598522139451
0,52,D0:F0:18:43:F8:2F,-74,1598522139955
1,53,D0:F0:18:43:F8:49,-71,1598522139957
0,54,D0:F0:18:43:F8:2F,-74,1598522140461
0,55,D0:F0:18:43:F8:2F,-75,1598522140967
1,56,D0:F0:18:43:F8:49,-77,1598522140968
0,57,D0:F0:18:43:F8:2F,-80,1598522141472
0,58,D0:F0:18:43:F8:2F,-74,1598522141977
1,59,D0:F0:18:43:F8:49,-71,1598522141979
0,60,D0:F0:18:43:F8:2F,-74,1598522142482
0,61,D0:F0:18:43:F8:2F,-74,1598522142987
1,62,D0:F0:18:43:F8:49,-77,1598522142989
0,63,D0:F0:18:43:F8:2F,-74,1598522143492
0,64,D0:F0:18:43:F8:2F,-74,1598522143999
1,65,D0:F0:18:43:F8:49,-77,1598522144000
0,66,D0:F0:18:43:F8:2F,-79,1598522144504
1,67,D0:F0:18:43:F8:49,-71,1598522144506
0,68,D0:F0:18:43:F8:49,-77,1598522145010
0,69,D0:F0:18:43:F8:2F,-75,1598522145516
1,70,D0:F0:18:43:F8:49,-72,1598522145518
0,71,D0:F0:18:43:F8:2F,-75,1598522146021
0,72,D0:F0:18:43:F8:2F,-75,1598522146527
1,73,D0:F0:18:43:F8:49,-77,1598522146528
0,74,D0:F0:18:43:F8:2F,-75,1598522147033
1,75,D0:F0:18:43:F8:49,-72,1598522147035
0,76,D0:F0:18:43:F8:49,-72,1598522147538
0,77,D0:F0:18:43:F8:2F,-79,1598522148044
1,78,D0:F0:18:43:F8:49,-72,1598522148046
0,79,D0:F0:18:43:F8:2F,-75,1598522148550
0,0,D0:F0:18:43:F8:2F,-64,1598522186972
0,1,D0:F0:18:43:F8:2F,-66,1598522187479
1,2,D0:F0:18:43:F8:49,-77,1598522187480
0,3,D0:F0:18:43:F8:2F,-64,1598522187985
0,4,D0:F0:18:43:F8:2F,-63,1598522188491
0,5,D0:F0:18:43:F8:2F,-63,1598522188998
1,6,D0:F0:18:43:F8:49,-77,1598522188999
0,7,D0:F0:18:43:F8:2F,-64,1598522189504
0,8,D0:F0:18:43:F8:2F,-63,1598522190006
1,9,D0:F0:18:43:F8:49,-77,1598522190007
0,10,D0:F0:18:43:F8:2F,-63,1598522191018
1,11,D0:F0:18:43:F8:49,-77,1598522191020
0,12,D0:F0:18:43:F8:2F,-63,1598522191525
1,13,D0:F0:18:43:F8:49,-77,1598522191527
0,14,D0:F0:18:43:F8:2F,-62,1598522192030
0,15,D0:F0:18:43:F8:2F,-63,1598522192536
0,16,D0:F0:18:43:F8:2F,-62,1598522193039
0,17,D0:F0:18:43:F8:2F,-63,1598522193546
1,18,D0:F0:18:43:F8:49,-77,1598522193547
0,19,D0:F0:18:43:F8:2F,-63,1598522194051
0,20,D0:F0:18:43:F8:2F,-64,1598522194557
0,21,D0:F0:18:43:F8:2F,-63,1598522195060
1,22,D0:F0:18:43:F8:49,-77,1598522195060
0,23,D0:F0:18:43:F8:2F,-63,1598522195566
0,24,D0:F0:18:43:F8:2F,-63,1598522196071
0,25,D0:F0:18:43:F8:2F,-63,1598522196578
1,26,D0:F0:18:43:F8:49,-77,1598522196579
0,27,D0:F0:18:43:F8:2F,-63,1598522197080
0,28,D0:F0:18:43:F8:2F,-63,1598522197586
1,29,D0:F0:18:43:F8:49,-77,1598522197588
0,30,D0:F0:18:43:F8:2F,-63,1598522198091
0,31,D0:F0:18:43:F8:2F,-63,1598522198596
0,32,D0:F0:18:43:F8:2F,-63,1598522199098
0,33,D0:F0:18:43:F8:2F,-64,1598522199603
1,34,D0:F0:18:43:F8:49,-88,1598522199605
0,35,D0:F0:18:43:F8:2F,-63,1598522200108
1,36,D0:F0:18:43:F8:49,-77,1598522200110
0,37,D0:F0:18:43:F8:2F,-63,1598522201115
1,38,D0:F0:18:43:F8:49,-88,1598522201116
0,39,D0:F0:18:43:F8:2F,-63,1598522201621
1,40,D0:F0:18:43:F8:49,-77,1598522201622
0,41,D0:F0:18:43:F8:2F,-63,1598522202126
1,42,D0:F0:18:43:F8:49,-88,1598522202128
0,43,D0:F0:18:43:F8:2F,-63,1598522202632
1,44,D0:F0:18:43:F8:49,-77,1598522202634
0,45,D0:F0:18:43:F8:49,-77,1598522203134
0,46,D0:F0:18:43:F8:2F,-63,1598522203641
1,47,D0:F0:18:43:F8:49,-88,1598522203643
0,48,D0:F0:18:43:F8:2F,-62,1598522204147
0,49,D0:F0:18:43:F8:2F,-63,1598522204652
0,50,D0:F0:18:43:F8:2F,-62,1598522205157
1,51,D0:F0:18:43:F8:49,-77,1598522205159
0,52,D0:F0:18:43:F8:2F,-64,1598522205662
0,53,D0:F0:18:43:F8:2F,-63,1598522206167
0,54,D0:F0:18:43:F8:2F,-62,1598522206673
0,55,D0:F0:18:43:F8:2F,-64,1598522207179
0,56,D0:F0:18:43:F8:2F,-63,1598522207684
0,57,D0:F0:18:43:F8:2F,-62,1598522208695
1,58,D0:F0:18:43:F8:49,-87,1598522208696
0,59,D0:F0:18:43:F8:2F,-62,1598522209198
0,60,D0:F0:18:43:F8:49,-88,1598522209703
0,61,D0:F0:18:43:F8:2F,-62,1598522210208
1,62,D0:F0:18:43:F8:49,-77,1598522210209
0,63,D0:F0:18:43:F8:2F,-62,1598522210714
1,64,D0:F0:18:43:F8:49,-77,1598522210715
0,65,D0:F0:18:43:F8:2F,-62,1598522211219
0,66,D0:F0:18:43:F8:49,-77,1598522211724
0,67,D0:F0:18:43:F8:2F,-65,1598522212229
0,68,D0:F0:18:43:F8:2F,-62,1598522212735
1,69,D0:F0:18:43:F8:49,-77,1598522212737
0,70,D0:F0:18:43:F8:2F,-63,1598522213238
1,71,D0:F0:18:43:F8:49,-77,1598522213238
0,72,D0:F0:18:43:F8:2F,-65,1598522213743
0,73,D0:F0:18:43:F8:2F,-62,1598522214248
1,74,D0:F0:18:43:F8:49,-77,1598522214250
0,75,D0:F0:18:43:F8:2F,-63,1598522214756
0,76,D0:F0:18:43:F8:2F,-65,1598522215260
0,77,D0:F0:18:43:F8:2F,-62,1598522215767
1,78,D0:F0:18:43:F8:49,-77,1598522215768
0,79,D0:F0:18:43:F8:2F,-65,1598522216272
0,0,D0:F0:18:43:F8:2F,-33,1598522225353
1,1,D0:F0:18:43:F8:49,-86,1598522225354
0,2,D0:F0:18:43:F8:2F,-32,1598522225859
1,3,D0:F0:18:43:F8:49,-94,1598522225861
0,4,D0:F0:18:43:F8:2F,-34,1598522226365
0,5,D0:F0:18:43:F8:2F,-31,1598522226871
1,6,D0:F0:18:43:F8:49,-99,1598522226872
0,7,D0:F0:18:43:F8:2F,-31,1598522227876
0,8,D0:F0:18:43:F8:2F,-31,1598522228381
0,9,D0:F0:18:43:F8:2F,-34,1598522228887
0,10,D0:F0:18:43:F8:2F,-31,1598522229389
0,11,D0:F0:18:43:F8:2F,-31,1598522229894
0,12,D0:F0:18:43:F8:2F,-32,1598522230904
0,13,D0:F0:18:43:F8:2F,-33,1598522231409
0,14,D0:F0:18:43:F8:2F,-32,1598522231914
0,15,D0:F0:18:43:F8:2F,-31,1598522232924
0,16,D0:F0:18:43:F8:2F,-34,1598522233934
1,17,D0:F0:18:43:F8:49,-90,1598522233936
0,18,D0:F0:18:43:F8:2F,-32,1598522234439
0,19,D0:F0:18:43:F8:2F,-31,1598522235449
0,20,D0:F0:18:43:F8:2F,-34,1598522236459
0,21,D0:F0:18:43:F8:2F,-31,1598522236964
0,22,D0:F0:18:43:F8:2F,-33,1598522238479
0,23,D0:F0:18:43:F8:2F,-32,1598522238984
0,24,D0:F0:18:43:F8:2F,-32,1598522239487
0,25,D0:F0:18:43:F8:2F,-34,1598522239992
0,26,D0:F0:18:43:F8:2F,-31,1598522240498
0,27,D0:F0:18:43:F8:49,-92,1598522241003
0,28,D0:F0:18:43:F8:2F,-33,1598522241508
0,29,D0:F0:18:43:F8:2F,-32,1598522242013
0,30,D0:F0:18:43:F8:2F,-32,1598522242518
0,31,D0:F0:18:43:F8:2F,-34,1598522243023
0,32,D0:F0:18:43:F8:2F,-34,1598522243528
0,33,D0:F0:18:43:F8:2F,-31,1598522244034
0,34,D0:F0:18:43:F8:2F,-32,1598522244539
0,35,D0:F0:18:43:F8:2F,-34,1598522245044
0,36,D0:F0:18:43:F8:2F,-31,1598522245549
0,37,D0:F0:18:43:F8:2F,-34,1598522246054
0,38,D0:F0:18:43:F8:2F,-31,1598522246559
0,39,D0:F0:18:43:F8:2F,-34,1598522247569
0,40,D0:F0:18:43:F8:2F,-34,1598522248580
0,41,D0:F0:18:43:F8:2F,-34,1598522249590
0,42,D0:F0:18:43:F8:2F,-31,1598522250095
0,43,D0:F0:18:43:F8:2F,-31,1598522250599
0,44,D0:F0:18:43:F8:2F,-34,1598522251104
0,45,D0:F0:18:43:F8:2F,-30,1598522251610
0,46,D0:F0:18:43:F8:2F,-34,1598522252115
0,47,D0:F0:18:43:F8:2F,-31,1598522253124
0,48,D0:F0:18:43:F8:2F,-31,1598522253629
0,49,D0:F0:18:43:F8:2F,-31,1598522254134
0,50,D0:F0:18:43:F8:2F,-34,1598522254638
0,51,D0:F0:18:43:F8:2F,-31,1598522255144
0,52,D0:F0:18:43:F8:2F,-31,1598522256153
0,53,D0:F0:18:43:F8:2F,-31,1598522256659
1,54,D0:F0:18:43:F8:49,-102,1598522256660
0,55,D0:F0:18:43:F8:2F,-32,1598522257669
1,56,D0:F0:18:43:F8:49,-102,1598522257670
0,57,D0:F0:18:43:F8:2F,-34,1598522258174
0,58,D0:F0:18:43:F8:2F,-31,1598522258679
0,59,D0:F0:18:43:F8:2F,-31,1598522259688
0,60,D0:F0:18:43:F8:2F,-34,1598522260698
0,61,D0:F0:18:43:F8:2F,-31,1598522261202
0,62,D0:F0:18:43:F8:2F,-34,1598522262214
0,63,D0:F0:18:43:F8:2F,-32,1598522262719
0,64,D0:F0:18:43:F8:2F,-31,1598522263729
1,65,D0:F0:18:43:F8:49,-96,1598522263731
0,66,D0:F0:18:43:F8:2F,-34,1598522265244
0,67,D0:F0:18:43:F8:2F,-34,1598522265749
0,68,D0:F0:18:43:F8:2F,-31,1598522266256
0,69,D0:F0:18:43:F8:2F,-31,1598522267265
0,70,D0:F0:18:43:F8:2F,-32,1598522267770
0,71,D0:F0:18:43:F8:2F,-34,1598522268276
0,72,D0:F0:18:43:F8:2F,-31,1598522268780
1,73,D0:F0:18:43:F8:49,-98,1598522268782
0,74,D0:F0:18:43:F8:2F,-34,1598522269285
0,75,D0:F0:18:43:F8:2F,-31,1598522269791
0,76,D0:F0:18:43:F8:2F,-34,1598522270296
1,77,D0:F0:18:43:F8:49,-98,1598522270297
0,78,D0:F0:18:43:F8:2F,-31,1598522270801
0,79,D0:F0:18:43:F8:2F,-34,1598522271811
0,0,D0:F0:18:43:F8:2F,-32,1598522277367
0,1,D0:F0:18:43:F8:2F,-34,1598522277872
0,2,D0:F0:18:43:F8:2F,-34,1598522278340
1,3,D0:F0:18:43:F8:49,-96,1598522278341
0,4,D0:F0:18:43:F8:2F,-31,1598522279129
0,5,D0:F0:18:43:F8:2F,-32,1598522279633
0,6,D0:F0:18:43:F8:2F,-34,1598522280138
1,7,D0:F0:18:43:F8:49,-97,1598522280139
0,8,D0:F0:18:43:F8:2F,-31,1598522280643
0,9,D0:F0:18:43:F8:2F,-32,1598522281148
1,10,D0:F0:18:43:F8:49,-95,1598522281150
0,11,D0:F0:18:43:F8:2F,-31,1598522281652
0,12,D0:F0:18:43:F8:2F,-34,1598522282660
0,13,D0:F0:18:43:F8:2F,-31,1598522283165
0,14,D0:F0:18:43:F8:2F,-31,1598522283669
0,15,D0:F0:18:43:F8:2F,-34,1598522284175
0,16,D0:F0:18:43:F8:2F,-31,1598522284680
0,17,D0:F0:18:43:F8:2F,-31,1598522285688
0,18,D0:F0:18:43:F8:2F,-32,1598522286194
0,19,D0:F0:18:43:F8:2F,-31,1598522286699
0,20,D0:F0:18:43:F8:2F,-32,1598522287203
1,21,D0:F0:18:43:F8:49,-96,1598522287205
0,22,D0:F0:18:43:F8:2F,-34,1598522287708
0,23,D0:F0:18:43:F8:2F,-32,1598522288212
1,24,D0:F0:18:43:F8:49,-96,1598522288214
0,25,D0:F0:18:43:F8:2F,-32,1598522288718
0,26,D0:F0:18:43:F8:2F,-31,1598522289223
0,27,D0:F0:18:43:F8:2F,-32,1598522289728
0,28,D0:F0:18:43:F8:2F,-34,1598522290233
0,29,D0:F0:18:43:F8:2F,-31,1598522290738
0,30,D0:F0:18:43:F8:49,-99,1598522291242
0,31,D0:F0:18:43:F8:2F,-31,1598522291746
0,32,D0:F0:18:43:F8:2F,-32,1598522292251
0,33,D0:F0:18:43:F8:2F,-34,1598522293767
0,34,D0:F0:18:43:F8:2F,-32,1598522294272
0,35,D0:F0:18:43:F8:2F,-32,1598522294780
1,36,D0:F0:18:43:F8:49,-98,1598522294781
0,37,D0:F0:18:43:F8:2F,-33,1598522295282
0,38,D0:F0:18:43:F8:2F,-32,1598522295787
0,39,D0:F0:18:43:F8:2F,-31,1598522296796
0,40,D0:F0:18:43:F8:2F,-34,1598522297806
1,41,D0:F0:18:43:F8:49,-99,1598522297807
0,42,D0:F0:18:43:F8:2F,-32,1598522298311
1,43,D0:F0:18:43:F8:49,-99,1598522298312
0,44,D0:F0:18:43:F8:2F,-32,1598522298817
0,45,D0:F0:18:43:F8:2F,-31,1598522299319
0,46,D0:F0:18:43:F8:2F,-34,1598522300330
0,47,D0:F0:18:43:F8:2F,-31,1598522300835
0,48,D0:F0:18:43:F8:2F,-32,1598522301340
0,49,D0:F0:18:43:F8:2F,-33,1598522301845
0,50,D0:F0:18:43:F8:2F,-31,1598522302351
0,51,D0:F0:18:43:F8:2F,-32,1598522302856
0,52,D0:F0:18:43:F8:2F,-31,1598522303362
0,53,D0:F0:18:43:F8:2F,-34,1598522304372
0,54,D0:F0:18:43:F8:2F,-31,1598522304877
0,55,D0:F0:18:43:F8:2F,-33,1598522305382
0,56,D0:F0:18:43:F8:2F,-32,1598522305888
1,57,D0:F0:18:43:F8:49,-97,1598522305889
0,58,D0:F0:18:43:F8:2F,-34,1598522306393
0,59,D0:F0:18:43:F8:2F,-31,1598522306898
0,60,D0:F0:18:43:F8:2F,-31,1598522308413
0,61,D0:F0:18:43:F8:2F,-33,1598522308918
0,62,D0:F0:18:43:F8:2F,-31,1598522309423
0,63,D0:F0:18:43:F8:2F,-31,1598522310938
0,64,D0:F0:18:43:F8:2F,-34,1598522311443
0,65,D0:F0:18:43:F8:49,-97,1598522311948
0,66,D0:F0:18:43:F8:2F,-34,1598522312452
0,67,D0:F0:18:43:F8:2F,-31,1598522313463
0,68,D0:F0:18:43:F8:2F,-33,1598522313969
0,69,D0:F0:18:43:F8:2F,-31,1598522314474
0,70,D0:F0:18:43:F8:2F,-34,1598522314979
0,71,D0:F0:18:43:F8:2F,-33,1598522315484
0,72,D0:F0:18:43:F8:2F,-31,1598522315989
0,73,D0:F0:18:43:F8:2F,-34,1598522316495
0,74,D0:F0:18:43:F8:2F,-31,1598522317000
1,75,D0:F0:18:43:F8:49,-99,1598522317001
0,76,D0:F0:18:43:F8:2F,-33,1598522318010
0,77,D0:F0:18:43:F8:2F,-31,1598522318515
0,78,D0:F0:18:43:F8:2F,-31,1598522319524
0,79,D0:F0:18:43:F8:2F,-34,1598522320029
0,0,D0:F0:18:43:F8:2F,-64,1598522325078
0,1,D0:F0:18:43:F8:2F,-62,1598522325583
0,2,D0:F0:18:43:F8:2F,-61,1598522326088
1,3,D0:F0:18:43:F8:49,-77,1598522326090
0,4,D0:F0:18:43:F8:2F,-61,1598522326593
1,5,D0:F0:18:43:F8:49,-89,1598522326595
0,6,D0:F0:18:43:F8:2F,-61,1598522327098
1,7,D0:F0:18:43:F8:49,-77,1598522327100
0,8,D0:F0:18:43:F8:2F,-61,1598522327604
0,9,D0:F0:18:43:F8:2F,-61,1598522328109
1,10,D0:F0:18:43:F8:49,-89,1598522328111
0,11,D0:F0:18:43:F8:2F,-61,1598522328616
1,12,D0:F0:18:43:F8:49,-77,1598522328617
0,13,D0:F0:18:43:F8:2F,-60,1598522329625
0,14,D0:F0:18:43:F8:2F,-61,1598522330130
0,15,D0:F0:18:43:F8:49,-77,1598522330635
0,16,D0:F0:18:43:F8:2F,-61,1598522331143
1,17,D0:F0:18:43:F8:49,-88,1598522331145
0,18,D0:F0:18:43:F8:2F,-61,1598522331649
1,19,D0:F0:18:43:F8:49,-89,1598522331651
0,20,D0:F0:18:43:F8:2F,-61,1598522332154
1,21,D0:F0:18:43:F8:49,-77,1598522332156
0,22,D0:F0:18:43:F8:2F,-61,1598522332659
0,23,D0:F0:18:43:F8:2F,-61,1598522333164
1,24,D0:F0:18:43:F8:49,-77,1598522333166
0,25,D0:F0:18:43:F8:2F,-61,1598522333669
1,26,D0:F0:18:43:F8:49,-89,1598522333671
0,27,D0:F0:18:43:F8:2F,-61,1598522334679
1,28,D0:F0:18:43:F8:49,-77,1598522334681
0,29,D0:F0:18:43:F8:2F,-62,1598522335690
1,30,D0:F0:18:43:F8:49,-77,1598522335692
0,31,D0:F0:18:43:F8:2F,-62,1598522336195
1,32,D0:F0:18:43:F8:49,-77,1598522336197
0,33,D0:F0:18:43:F8:2F,-61,1598522336700
0,34,D0:F0:18:43:F8:2F,-62,1598522337205
0,35,D0:F0:18:43:F8:2F,-61,1598522337710
0,36,D0:F0:18:43:F8:2F,-61,1598522338216
1,37,D0:F0:18:43:F8:49,-77,1598522338217
0,38,D0:F0:18:43:F8:2F,-63,1598522338721
0,39,D0:F0:18:43:F8:2F,-61,1598522339226
1,40,D0:F0:18:43:F8:49,-77,1598522339228
0,41,D0:F0:18:43:F8:2F,-61,1598522340232
0,42,D0:F0:18:43:F8:2F,-61,1598522340738
0,43,D0:F0:18:43:F8:2F,-61,1598522341245
1,44,D0:F0:18:43:F8:49,-77,1598522341246
0,45,D0:F0:18:43:F8:2F,-61,1598522341749
0,46,D0:F0:18:43:F8:2F,-61,1598522342256
1,47,D0:F0:18:43:F8:49,-77,1598522342257
0,48,D0:F0:18:43:F8:2F,-61,1598522342761
0,49,D0:F0:18:43:F8:2F,-61,1598522343266
1,50,D0:F0:18:43:F8:49,-77,1598522343267
0,51,D0:F0:18:43:F8:2F,-61,1598522343771
0,52,D0:F0:18:43:F8:2F,-61,1598522344276
0,53,D0:F0:18:43:F8:2F,-62,1598522344781
1,54,D0:F0:18:43:F8:49,-77,1598522344783
0,55,D0:F0:18:43:F8:2F,-61,1598522345286
0,56,D0:F0:18:43:F8:2F,-61,1598522345791
0,57,D0:F0:18:43:F8:2F,-62,1598522346297
0,58,D0:F0:18:43:F8:2F,-61,1598522346802
1,59,D0:F0:18:43:F8:49,-77,1598522346804
0,60,D0:F0:18:43:F8:2F,-61,1598522347308
0,61,D0:F0:18:43:F8:2F,-61,1598522347813
0,62,D0:F0:18:43:F8:2F,-62,1598522348318
1,63,D0:F0:18:43:F8:49,-77,1598522348320
0,64,D0:F0:18:43:F8:2F,-61,1598522348824
0,65,D0:F0:18:43:F8:2F,-61,1598522349329
0,66,D0:F0:18:43:F8:2F,-61,1598522349834
1,67,D0:F0:18:43:F8:49,-77,1598522349835
0,68,D0:F0:18:43:F8:2F,-61,1598522350339
0,69,D0:F0:18:43:F8:2F,-61,1598522350844
0,70,D0:F0:18:43:F8:2F,-62,1598522351349
0,71,D0:F0:18:43:F8:49,-77,1598522351854
0,72,D0:F0:18:43:F8:2F,-61,1598522352865
0,73,D0:F0:18:43:F8:2F,-61,1598522353371
1,74,D0:F0:18:43:F8:49,-77,1598522353372
0,75,D0:F0:18:43:F8:2F,-61,1598522354381
0,76,D0:F0:18:43:F8:2F,-61,1598522354886
0,77,D0:F0:18:43:F8:2F,-61,1598522355392
0,78,D0:F0:18:43:F8:2F,-61,1598522355899
1,79,D0:F0:18:43:F8:49,-77,1598522355900
0,0,D0:F0:18:43:F8:2F,-78,1598522361964
1,1,D0:F0:18:43:F8:49,-74,1598522361965
0,2,D0:F0:18:43:F8:2F,-75,1598522362470
1,3,D0:F0:18:43:F8:49,-78,1598522362472
0,4,D0:F0:18:43:F8:2F,-72,1598522362979
1,5,D0:F0:18:43:F8:49,-78,1598522362980
0,6,D0:F0:18:43:F8:2F,-80,1598522363483
1,7,D0:F0:18:43:F8:49,-73,1598522363485
0,8,D0:F0:18:43:F8:2F,-73,1598522363988
0,9,D0:F0:18:43:F8:2F,-76,1598522364494
1,10,D0:F0:18:43:F8:49,-73,1598522364496
0,11,D0:F0:18:43:F8:2F,-81,1598522364999
1,12,D0:F0:18:43:F8:49,-73,1598522365001
0,13,D0:F0:18:43:F8:2F,-71,1598522365505
1,14,D0:F0:18:43:F8:49,-78,1598522365507
0,15,D0:F0:18:43:F8:2F,-76,1598522366010
1,16,D0:F0:18:43:F8:49,-73,1598522366012
0,17,D0:F0:18:43:F8:2F,-79,1598522366515
1,18,D0:F0:18:43:F8:49,-73,1598522366517
0,19,D0:F0:18:43:F8:2F,-71,1598522367022
1,20,D0:F0:18:43:F8:49,-73,1598522367023
0,21,D0:F0:18:43:F8:2F,-77,1598522367528
1,22,D0:F0:18:43:F8:49,-77,1598522367529
0,23,D0:F0:18:43:F8:2F,-71,1598522368033
1,24,D0:F0:18:43:F8:49,-73,1598522368034
0,25,D0:F0:18:43:F8:49,-73,1598522368538
0,26,D0:F0:18:43:F8:2F,-76,1598522369043
1,27,D0:F0:18:43:F8:49,-77,1598522369045
0,28,D0:F0:18:43:F8:2F,-71,1598522369549
1,29,D0:F0:18:43:F8:49,-73,1598522369550
0,30,D0:F0:18:43:F8:2F,-77,1598522370055
1,31,D0:F0:18:43:F8:49,-77,1598522370056
0,32,D0:F0:18:43:F8:2F,-77,1598522370560
1,33,D0:F0:18:43:F8:49,-77,1598522370561
0,34,D0:F0:18:43:F8:2F,-76,1598522371066
1,35,D0:F0:18:43:F8:49,-73,1598522371067
0,36,D0:F0:18:43:F8:2F,-71,1598522371571
1,37,D0:F0:18:43:F8:49,-77,1598522371573
0,38,D0:F0:18:43:F8:2F,-76,1598522372076
1,39,D0:F0:18:43:F8:49,-73,1598522372078
0,40,D0:F0:18:43:F8:49,-73,1598522372582
0,41,D0:F0:18:43:F8:2F,-77,1598522373087
1,42,D0:F0:18:43:F8:49,-77,1598522373089
0,43,D0:F0:18:43:F8:2F,-77,1598522373594
1,44,D0:F0:18:43:F8:49,-73,1598522373595
0,45,D0:F0:18:43:F8:2F,-71,1598522374099
1,46,D0:F0:18:43:F8:49,-77,1598522374101
0,47,D0:F0:18:43:F8:2F,-76,1598522374605
1,48,D0:F0:18:43:F8:49,-73,1598522374606
0,49,D0:F0:18:43:F8:2F,-77,1598522375110
0,50,D0:F0:18:43:F8:2F,-71,1598522375617
1,51,D0:F0:18:43:F8:49,-77,1598522375618
0,52,D0:F0:18:43:F8:2F,-76,1598522376123
1,53,D0:F0:18:43:F8:49,-73,1598522376124
0,54,D0:F0:18:43:F8:2F,-71,1598522376628
1,55,D0:F0:18:43:F8:49,-77,1598522376630
0,56,D0:F0:18:43:F8:2F,-71,1598522377134
0,57,D0:F0:18:43:F8:2F,-77,1598522377640
1,58,D0:F0:18:43:F8:49,-73,1598522377641
0,59,D0:F0:18:43:F8:2F,-76,1598522378146
1,60,D0:F0:18:43:F8:49,-78,1598522378148
0,61,D0:F0:18:43:F8:2F,-76,1598522378652
0,62,D0:F0:18:43:F8:2F,-76,1598522379157
1,63,D0:F0:18:43:F8:49,-73,1598522379159
0,64,D0:F0:18:43:F8:49,-73,1598522379662
0,65,D0:F0:18:43:F8:2F,-71,1598522380168
1,66,D0:F0:18:43:F8:49,-73,1598522380169
0,67,D0:F0:18:43:F8:49,-73,1598522380674
0,68,D0:F0:18:43:F8:2F,-77,1598522381180
1,69,D0:F0:18:43:F8:49,-73,1598522381181
0,70,D0:F0:18:43:F8:2F,-71,1598522381685
1,71,D0:F0:18:43:F8:49,-78,1598522381687
0,72,D0:F0:18:43:F8:2F,-76,1598522382191
1,73,D0:F0:18:43:F8:49,-73,1598522382193
0,74,D0:F0:18:43:F8:2F,-77,1598522382698
1,75,D0:F0:18:43:F8:49,-73,1598522382699
0,76,D0:F0:18:43:F8:49,-78,1598522383203
0,77,D0:F0:18:43:F8:49,-73,1598522383708
0,78,D0:F0:18:43:F8:2F,-75,1598522384213
1,79,D0:F0:18:43:F8:49,-73,1598522384215
0,0,D0:F0:18:43:F8:2F,-76,1598522391797
0,1,D0:F0:18:43:F8:2F,-76,1598522392303
1,2,D0:F0:18:43:F8:49,-67,1598522392305
0,3,D0:F0:18:43:F8:2F,-74,1598522392809
1,4,D0:F0:18:43:F8:49,-67,1598522392810
0,5,D0:F0:18:43:F8:2F,-73,1598522393314
1,6,D0:F0:18:43:F8:49,-70,1598522393316
0,7,D0:F0:18:43:F8:2F,-75,1598522393820
0,8,D0:F0:18:43:F8:2F,-75,1598522394327
1,9,D0:F0:18:43:F8:49,-67,1598522394328
0,10,D0:F0:18:43:F8:2F,-74,1598522394832
1,11,D0:F0:18:43:F8:49,-66,1598522394834
0,12,D0:F0:18:43:F8:2F,-74,1598522395339
1,13,D0:F0:18:43:F8:49,-69,1598522395341
0,14,D0:F0:18:43:F8:2F,-75,1598522395845
1,15,D0:F0:18:43:F8:49,-67,1598522395846
0,16,D0:F0:18:43:F8:49,-66,1598522396350
0,17,D0:F0:18:43:F8:2F,-75,1598522396856
1,18,D0:F0:18:43:F8:49,-67,1598522396857
0,19,D0:F0:18:43:F8:2F,-74,1598522397866
1,20,D0:F0:18:43:F8:49,-69,1598522397868
0,21,D0:F0:18:43:F8:2F,-73,1598522398371
1,22,D0:F0:18:43:F8:49,-66,1598522398373
0,23,D0:F0:18:43:F8:2F,-75,1598522398878
1,24,D0:F0:18:43:F8:49,-66,1598522398879
0,25,D0:F0:18:43:F8:2F,-76,1598522399383
1,26,D0:F0:18:43:F8:49,-69,1598522399385
0,27,D0:F0:18:43:F8:2F,-73,1598522399889
1,28,D0:F0:18:43:F8:49,-66,1598522399891
0,29,D0:F0:18:43:F8:2F,-75,1598522400395
1,30,D0:F0:18:43:F8:49,-69,1598522400396
0,31,D0:F0:18:43:F8:2F,-73,1598522400900
1,32,D0:F0:18:43:F8:49,-66,1598522400902
0,33,D0:F0:18:43:F8:2F,-75,1598522401406
1,34,D0:F0:18:43:F8:49,-66,1598522401408
0,35,D0:F0:18:43:F8:2F,-75,1598522401911
1,36,D0:F0:18:43:F8:49,-69,1598522401913
0,37,D0:F0:18:43:F8:2F,-73,1598522402416
1,38,D0:F0:18:43:F8:49,-67,1598522402418
0,39,D0:F0:18:43:F8:2F,-75,1598522402922
1,40,D0:F0:18:43:F8:49,-66,1598522402924
0,41,D0:F0:18:43:F8:2F,-74,1598522403427
1,42,D0:F0:18:43:F8:49,-67,1598522403429
0,43,D0:F0:18:43:F8:2F,-73,1598522403933
1,44,D0:F0:18:43:F8:49,-67,1598522403934
0,45,D0:F0:18:43:F8:2F,-74,1598522404439
1,46,D0:F0:18:43:F8:49,-69,1598522404441
0,47,D0:F0:18:43:F8:2F,-73,1598522404945
1,48,D0:F0:18:43:F8:49,-66,1598522404947
0,49,D0:F0:18:43:F8:2F,-75,1598522405450
1,50,D0:F0:18:43:F8:49,-68,1598522405452
0,51,D0:F0:18:43:F8:2F,-73,1598522405956
1,52,D0:F0:18:43:F8:49,-66,1598522405958
0,53,D0:F0:18:43:F8:49,-66,1598522406461
0,54,D0:F0:18:43:F8:2F,-75,1598522406968
1,55,D0:F0:18:43:F8:49,-66,1598522406969
0,56,D0:F0:18:43:F8:2F,-74,1598522407474
1,57,D0:F0:18:43:F8:49,-66,1598522407475
0,58,D0:F0:18:43:F8:2F,-75,1598522407980
1,59,D0:F0:18:43:F8:49,-69,1598522407981
0,60,D0:F0:18:43:F8:49,-66,1598522408485
0,61,D0:F0:18:43:F8:2F,-74,1598522408990
1,62,D0:F0:18:43:F8:49,-66,1598522408992
0,63,D0:F0:18:43:F8:2F,-75,1598522409496
1,64,D0:F0:18:43:F8:49,-69,1598522409497
0,65,D0:F0:18:43:F8:2F,-74,1598522410001
1,66,D0:F0:18:43:F8:49,-66,1598522410003
0,67,D0:F0:18:43:F8:2F,-75,1598522410508
1,68,D0:F0:18:43:F8:49,-66,1598522410510
0,69,D0:F0:18:43:F8:2F,-74,1598522411014
1,70,D0:F0:18:43:F8:49,-66,1598522411015
0,71,D0:F0:18:43:F8:49,-69,1598522411518
0,72,D0:F0:18:43:F8:2F,-76,1598522412024
1,73,D0:F0:18:43:F8:49,-67,1598522412025
0,74,D0:F0:18:43:F8:2F,-74,1598522412530
1,75,D0:F0:18:43:F8:49,-66,1598522412531
0,76,D0:F0:18:43:F8:2F,-75,1598522413036
1,77,D0:F0:18:43:F8:49,-68,1598522413037
0,78,D0:F0:18:43:F8:2F,-73,1598522413541
1,79,D0:F0:18:43:F8:49,-66,1598522413543
0,0,D0:F0:18:43:F8:2F,-83,1598522424153
0,1,D0:F0:18:43:F8:2F,-83,1598522424659
1,2,D0:F0:18:43:F8:49,-70,1598522424660
0,3,D0:F0:18:43:F8:2F,-80,1598522425165
1,4,D0:F0:18:43:F8:49,-69,1598522425167
0,5,D0:F0:18:43:F8:2F,-82,1598522425671
0,6,D0:F0:18:43:F8:2F,-77,1598522426682
0,7,D0:F0:18:43:F8:2F,-79,1598522427188
1,8,D0:F0:18:43:F8:49,-70,1598522427189
0,9,D0:F0:18:43:F8:2F,-76,1598522427694
1,10,D0:F0:18:43:F8:49,-70,1598522427696
0,11,D0:F0:18:43:F8:2F,-81,1598522428199
0,12,D0:F0:18:43:F8:49,-68,1598522428705
0,13,D0:F0:18:43:F8:2F,-77,1598522429211
1,14,D0:F0:18:43:F8:49,-70,1598522429213
0,15,D0:F0:18:43:F8:2F,-81,1598522429717
1,16,D0:F0:18:43:F8:49,-71,1598522429718
0,17,D0:F0:18:43:F8:2F,-76,1598522430223
1,18,D0:F0:18:43:F8:49,-70,1598522430225
0,19,D0:F0:18:43:F8:2F,-77,1598522430729
1,20,D0:F0:18:43:F8:49,-70,1598522430731
0,21,D0:F0:18:43:F8:2F,-77,1598522431235
1,22,D0:F0:18:43:F8:49,-68,1598522431236
0,23,D0:F0:18:43:F8:2F,-79,1598522431739
1,24,D0:F0:18:43:F8:49,-70,1598522431741
0,25,D0:F0:18:43:F8:2F,-86,1598522432245
1,26,D0:F0:18:43:F8:49,-71,1598522432246
0,27,D0:F0:18:43:F8:2F,-76,1598522432750
1,28,D0:F0:18:43:F8:49,-68,1598522432752
0,29,D0:F0:18:43:F8:2F,-80,1598522433256
1,30,D0:F0:18:43:F8:49,-70,1598522433258
0,31,D0:F0:18:43:F8:2F,-86,1598522433763
1,32,D0:F0:18:43:F8:49,-71,1598522433764
0,33,D0:F0:18:43:F8:2F,-79,1598522434268
0,34,D0:F0:18:43:F8:2F,-79,1598522434775
1,35,D0:F0:18:43:F8:49,-70,1598522434776
0,36,D0:F0:18:43:F8:2F,-76,1598522435280
1,37,D0:F0:18:43:F8:49,-68,1598522435281
0,38,D0:F0:18:43:F8:2F,-80,1598522435786
0,39,D0:F0:18:43:F8:49,-71,1598522436291
0,40,D0:F0:18:43:F8:2F,-81,1598522436798
1,41,D0:F0:18:43:F8:49,-71,1598522436800
0,42,D0:F0:18:43:F8:2F,-80,1598522437305
1,43,D0:F0:18:43:F8:49,-71,1598522437306
0,44,D0:F0:18:43:F8:2F,-76,1598522437810
1,45,D0:F0:18:43:F8:49,-70,1598522437811
0,46,D0:F0:18:43:F8:2F,-81,1598522438315
1,47,D0:F0:18:43:F8:49,-71,1598522438317
0,48,D0:F0:18:43:F8:2F,-80,1598522438822
1,49,D0:F0:18:43:F8:49,-70,1598522438823
0,50,D0:F0:18:43:F8:2F,-77,1598522439328
1,51,D0:F0:18:43:F8:49,-71,1598522439329
0,52,D0:F0:18:43:F8:2F,-78,1598522439833
1,53,D0:F0:18:43:F8:49,-71,1598522439835
0,54,D0:F0:18:43:F8:2F,-80,1598522440338
0,55,D0:F0:18:43:F8:2F,-79,1598522441350
1,56,D0:F0:18:43:F8:49,-70,1598522441351
0,57,D0:F0:18:43:F8:2F,-81,1598522441856
1,58,D0:F0:18:43:F8:49,-71,1598522441858
0,59,D0:F0:18:43:F8:2F,-81,1598522442362
1,60,D0:F0:18:43:F8:49,-69,1598522442363
0,61,D0:F0:18:43:F8:2F,-75,1598522442868
1,62,D0:F0:18:43:F8:49,-70,1598522442870
0,63,D0:F0:18:43:F8:2F,-81,1598522443378
1,64,D0:F0:18:43:F8:49,-71,1598522443380
0,65,D0:F0:18:43:F8:2F,-88,1598522443879
1,66,D0:F0:18:43:F8:49,-69,1598522443881
0,67,D0:F0:18:43:F8:2F,-80,1598522444384
1,68,D0:F0:18:43:F8:49,-71,1598522444386
0,69,D0:F0:18:43:F8:2F,-78,1598522444891
1,70,D0:F0:18:43:F8:49,-71,1598522444893
0,71,D0:F0:18:43:F8:2F,-76,1598522445397
1,72,D0:F0:18:43:F8:49,-70,1598522445398
0,73,D0:F0:18:43:F8:2F,-77,1598522445903
1,74,D0:F0:18:43:F8:49,-71,1598522445904
0,75,D0:F0:18:43:F8:49,-69,1598522446409
0,76,D0:F0:18:43:F8:2F,-79,1598522446914
0,77,D0:F0:18:43:F8:2F,-79,1598522447420
1,78,D0:F0:18:43:F8:49,-71,1598522447421
0,79,D0:F0:18:43:F8:2F,-79,1598522447925
0,0,D0:F0:18:43:F8:49,-74,1598522452977
0,1,D0:F0:18:43:F8:49,-71,1598522453482
0,2,D0:F0:18:43:F8:49,-71,1598522453987
0,3,D0:F0:18:43:F8:2F,-79,1598522454493
1,4,D0:F0:18:43:F8:49,-71,1598522454495
0,5,D0:F0:18:43:F8:2F,-81,1598522455504
1,6,D0:F0:18:43:F8:49,-76,1598522455505
0,7,D0:F0:18:43:F8:49,-71,1598522456010
0,8,D0:F0:18:43:F8:2F,-85,1598522456517
1,9,D0:F0:18:43:F8:49,-75,1598522456518
0,10,D0:F0:18:43:F8:2F,-88,1598522457022
1,11,D0:F0:18:43:F8:49,-71,1598522457024
0,12,D0:F0:18:43:F8:49,-71,1598522457527
0,13,D0:F0:18:43:F8:2F,-86,1598522458032
1,14,D0:F0:18:43:F8:49,-71,1598522458033
0,15,D0:F0:18:43:F8:2F,-82,1598522458538
1,16,D0:F0:18:43:F8:49,-71,1598522458539
0,17,D0:F0:18:43:F8:2F,-80,1598522459043
1,18,D0:F0:18:43:F8:49,-75,1598522459045
0,19,D0:F0:18:43:F8:49,-71,1598522459548
0,20,D0:F0:18:43:F8:2F,-85,1598522460054
1,21,D0:F0:18:43:F8:49,-71,1598522460055
0,22,D0:F0:18:43:F8:2F,-82,1598522460559
0,23,D0:F0:18:43:F8:2F,-82,1598522461064
1,24,D0:F0:18:43:F8:49,-71,1598522461066
0,25,D0:F0:18:43:F8:2F,-82,1598522461570
1,26,D0:F0:18:43:F8:49,-71,1598522461571
0,27,D0:F0:18:43:F8:2F,-86,1598522462076
1,28,D0:F0:18:43:F8:49,-71,1598522462077
0,29,D0:F0:18:43:F8:49,-71,1598522462581
0,30,D0:F0:18:43:F8:2F,-82,1598522463087
1,31,D0:F0:18:43:F8:49,-75,1598522463088
0,32,D0:F0:18:43:F8:2F,-80,1598522463593
1,33,D0:F0:18:43:F8:49,-71,1598522463595
0,34,D0:F0:18:43:F8:2F,-80,1598522464099
1,35,D0:F0:18:43:F8:49,-71,1598522464100
0,36,D0:F0:18:43:F8:2F,-83,1598522464605
1,37,D0:F0:18:43:F8:49,-71,1598522464606
0,38,D0:F0:18:43:F8:2F,-80,1598522465111
1,39,D0:F0:18:43:F8:49,-75,1598522465112
0,40,D0:F0:18:43:F8:2F,-80,1598522465617
1,41,D0:F0:18:43:F8:49,-71,1598522465618
0,42,D0:F0:18:43:F8:2F,-83,1598522466122
1,43,D0:F0:18:43:F8:49,-71,1598522466124
0,44,D0:F0:18:43:F8:2F,-79,1598522466628
1,45,D0:F0:18:43:F8:49,-75,1598522466630
0,46,D0:F0:18:43:F8:2F,-85,1598522467134
1,47,D0:F0:18:43:F8:49,-71,1598522467135
0,48,D0:F0:18:43:F8:2F,-82,1598522467639
1,49,D0:F0:18:43:F8:49,-71,1598522467641
0,50,D0:F0:18:43:F8:2F,-80,1598522468145
1,51,D0:F0:18:43:F8:49,-75,1598522468146
0,52,D0:F0:18:43:F8:2F,-82,1598522468649
0,53,D0:F0:18:43:F8:49,-71,1598522469155
0,54,D0:F0:18:43:F8:49,-71,1598522469660
0,55,D0:F0:18:43:F8:2F,-80,1598522470167
1,56,D0:F0:18:43:F8:49,-75,1598522470169
0,57,D0:F0:18:43:F8:2F,-86,1598522470671
1,58,D0:F0:18:43:F8:49,-71,1598522470672
0,59,D0:F0:18:43:F8:2F,-80,1598522471176
1,60,D0:F0:18:43:F8:49,-75,1598522471178
0,61,D0:F0:18:43:F8:2F,-80,1598522471682
1,62,D0:F0:18:43:F8:49,-75,1598522471684
0,63,D0:F0:18:43:F8:2F,-82,1598522472188
1,64,D0:F0:18:43:F8:49,-71,1598522472189
0,65,D0:F0:18:43:F8:49,-75,1598522472693
0,66,D0:F0:18:43:F8:2F,-82,1598522473199
1,67,D0:F0:18:43:F8:49,-71,1598522473200
0,68,D0:F0:18:43:F8:2F,-79,1598522473705
1,69,D0:F0:18:43:F8:49,-71,1598522473707
0,70,D0:F0:18:43:F8:2F,-85,1598522474211
1,71,D0:F0:18:43:F8:49,-75,1598522474213
0,72,D0:F0:18:43:F8:2F,-82,1598522474718
1,73,D0:F0:18:43:F8:49,-71,1598522474719
0,74,D0:F0:18:43:F8:2F,-86,1598522475224
1,75,D0:F0:18:43:F8:49,-75,1598522475226
0,76,D0:F0:18:43:F8:2F,-81,1598522475730
1,77,D0:F0:18:43:F8:49,-71,1598522475731
0,78,D0:F0:18:43:F8:2F,-80,1598522476236
1,79,D0:F0:18:43:F8:49,-71,1598522476237
0,0,D0:F0:18:43:F8:2F,-91,1598522494426
1,1,D0:F0:18:43:F8:49,-70,1598522494427
0,2,D0:F0:18:43:F8:2F,-80,1598522494932
1,3,D0:F0:18:43:F8:49,-69,1598522494934
0,4,D0:F0:18:43:F8:49,-70,1598522495438
0,5,D0:F0:18:43:F8:49,-71,1598522495944
0,6,D0:F0:18:43:F8:49,-71,1598522496449
0,7,D0:F0:18:43:F8:49,-69,1598522496955
0,8,D0:F0:18:43:F8:2F,-81,1598522497461
1,9,D0:F0:18:43:F8:49,-71,1598522497463
0,10,D0:F0:18:43:F8:2F,-88,1598522497966
1,11,D0:F0:18:43:F8:49,-70,1598522497968
0,12,D0:F0:18:43:F8:49,-70,1598522498472
0,13,D0:F0:18:43:F8:2F,-80,1598522498978
1,14,D0:F0:18:43:F8:49,-73,1598522498980
0,15,D0:F0:18:43:F8:2F,-80,1598522499485
1,16,D0:F0:18:43:F8:49,-70,1598522499486
0,17,D0:F0:18:43:F8:2F,-84,1598522499991
1,18,D0:F0:18:43:F8:49,-71,1598522499992
0,19,D0:F0:18:43:F8:2F,-89,1598522500497
1,20,D0:F0:18:43:F8:49,-73,1598522500498
0,21,D0:F0:18:43:F8:2F,-80,1598522501003
1,22,D0:F0:18:43:F8:49,-70,1598522501004
0,23,D0:F0:18:43:F8:2F,-82,1598522501509
1,24,D0:F0:18:43:F8:49,-71,1598522501511
0,25,D0:F0:18:43:F8:2F,-80,1598522502014
1,26,D0:F0:18:43:F8:49,-70,1598522502016
0,27,D0:F0:18:43:F8:2F,-81,1598522502520
1,28,D0:F0:18:43:F8:49,-71,1598522502521
0,29,D0:F0:18:43:F8:2F,-86,1598522503026
1,30,D0:F0:18:43:F8:49,-73,1598522503028
0,31,D0:F0:18:43:F8:2F,-82,1598522503531
1,32,D0:F0:18:43:F8:49,-70,1598522503533
0,33,D0:F0:18:43:F8:2F,-85,1598522504037
1,34,D0:F0:18:43:F8:49,-71,1598522504038
0,35,D0:F0:18:43:F8:2F,-82,1598522504542
1,36,D0:F0:18:43:F8:49,-71,1598522504544
0,37,D0:F0:18:43:F8:2F,-81,1598522505048
1,38,D0:F0:18:43:F8:49,-71,1598522505049
0,39,D0:F0:18:43:F8:2F,-82,1598522505553
1,40,D0:F0:18:43:F8:49,-70,1598522505555
0,41,D0:F0:18:43:F8:49,-71,1598522506058
0,42,D0:F0:18:43:F8:2F,-82,1598522506564
1,43,D0:F0:18:43:F8:49,-72,1598522506565
0,44,D0:F0:18:43:F8:49,-70,1598522507069
0,45,D0:F0:18:43:F8:2F,-85,1598522507574
1,46,D0:F0:18:43:F8:49,-71,1598522507576
0,47,D0:F0:18:43:F8:49,-69,1598522508080
0,48,D0:F0:18:43:F8:2F,-83,1598522508586
1,49,D0:F0:18:43:F8:49,-71,1598522508588
0,50,D0:F0:18:43:F8:2F,-85,1598522509091
1,51,D0:F0:18:43:F8:49,-72,1598522509093
0,52,D0:F0:18:43:F8:2F,-81,1598522509597
1,53,D0:F0:18:43:F8:49,-69,1598522509598
0,54,D0:F0:18:43:F8:2F,-85,1598522510102
1,55,D0:F0:18:43:F8:49,-71,1598522510104
0,56,D0:F0:18:43:F8:2F,-88,1598522510608
1,57,D0:F0:18:43:F8:49,-69,1598522510609
0,58,D0:F0:18:43:F8:2F,-81,1598522511114
1,59,D0:F0:18:43:F8:49,-71,1598522511115
0,60,D0:F0:18:43:F8:2F,-84,1598522511620
1,61,D0:F0:18:43:F8:49,-72,1598522511621
0,62,D0:F0:18:43:F8:2F,-85,1598522512125
1,63,D0:F0:18:43:F8:49,-71,1598522512127
0,64,D0:F0:18:43:F8:2F,-85,1598522512630
1,65,D0:F0:18:43:F8:49,-71,1598522512632
0,66,D0:F0:18:43:F8:2F,-82,1598522513146
1,67,D0:F0:18:43:F8:49,-69,1598522513148
0,68,D0:F0:18:43:F8:2F,-84,1598522513652
1,69,D0:F0:18:43:F8:49,-71,1598522513654
0,70,D0:F0:18:43:F8:2F,-84,1598522514158
1,71,D0:F0:18:43:F8:49,-72,1598522514160
0,72,D0:F0:18:43:F8:2F,-83,1598522514664
1,73,D0:F0:18:43:F8:49,-71,1598522514666
0,74,D0:F0:18:43:F8:2F,-83,1598522515170
1,75,D0:F0:18:43:F8:49,-71,1598522515172
0,76,D0:F0:18:43:F8:2F,-83,1598522515675
1,77,D0:F0:18:43:F8:49,-69,1598522515677
0,78,D0:F0:18:43:F8:2F,-83,1598522516180
1,79,D0:F0:18:43:F8:49,-71,1598522516182
0,0,D0:F0:18:43:F8:49,-77,1598522522755
0,1,D0:F0:18:43:F8:2F,-82,1598522523262
1,2,D0:F0:18:43:F8:49,-74,1598522523263
0,3,D0:F0:18:43:F8:49,-74,1598522523767
0,4,D0:F0:18:43:F8:2F,-82,1598522524274
1,5,D0:F0:18:43:F8:49,-74,1598522524275
0,6,D0:F0:18:43:F8:2F,-89,1598522524779
1,7,D0:F0:18:43:F8:49,-85,1598522524781
0,8,D0:F0:18:43:F8:49,-74,1598522525285
0,9,D0:F0:18:43:F8:2F,-88,1598522525791
1,10,D0:F0:18:43:F8:49,-74,1598522525792
0,11,D0:F0:18:43:F8:2F,-79,1598522526296
0,12,D0:F0:18:43:F8:2F,-79,1598522526802
1,13,D0:F0:18:43:F8:49,-74,1598522526804
0,14,D0:F0:18:43:F8:2F,-89,1598522527308
1,15,D0:F0:18:43:F8:49,-73,1598522527310
0,16,D0:F0:18:43:F8:2F,-79,1598522527813
1,17,D0:F0:18:43:F8:49,-74,1598522527815
0,18,D0:F0:18:43:F8:2F,-78,1598522528823
1,19,D0:F0:18:43:F8:49,-74,1598522528825
0,20,D0:F0:18:43:F8:2F,-79,1598522529329
1,21,D0:F0:18:43:F8:49,-74,1598522529330
0,22,D0:F0:18:43:F8:2F,-86,1598522529831
1,23,D0:F0:18:43:F8:49,-74,1598522529832
0,24,D0:F0:18:43:F8:49,-85,1598522530337
0,25,D0:F0:18:43:F8:2F,-86,1598522530843
1,26,D0:F0:18:43:F8:49,-74,1598522530845
0,27,D0:F0:18:43:F8:2F,-79,1598522531348
1,28,D0:F0:18:43:F8:49,-85,1598522531350
0,29,D0:F0:18:43:F8:2F,-88,1598522531854
1,30,D0:F0:18:43:F8:49,-85,1598522531855
0,31,D0:F0:18:43:F8:2F,-79,1598522532359
1,32,D0:F0:18:43:F8:49,-74,1598522532361
0,33,D0:F0:18:43:F8:2F,-88,1598522532865
1,34,D0:F0:18:43:F8:49,-85,1598522532867
0,35,D0:F0:18:43:F8:2F,-86,1598522533370
1,36,D0:F0:18:43:F8:49,-74,1598522533372
0,37,D0:F0:18:43:F8:2F,-79,1598522533876
0,38,D0:F0:18:43:F8:49,-74,1598522534887
0,39,D0:F0:18:43:F8:2F,-86,1598522535392
1,40,D0:F0:18:43:F8:49,-74,1598522535393
0,41,D0:F0:18:43:F8:49,-85,1598522535898
0,42,D0:F0:18:43:F8:2F,-86,1598522536908
1,43,D0:F0:18:43:F8:49,-74,1598522536910
0,44,D0:F0:18:43:F8:49,-74,1598522537414
0,45,D0:F0:18:43:F8:49,-74,1598522537919
0,46,D0:F0:18:43:F8:49,-74,1598522538424
0,47,D0:F0:18:43:F8:2F,-79,1598522538929
1,48,D0:F0:18:43:F8:49,-85,1598522538930
0,49,D0:F0:18:43:F8:2F,-79,1598522539939
1,50,D0:F0:18:43:F8:49,-74,1598522539940
0,51,D0:F0:18:43:F8:49,-74,1598522540949
0,52,D0:F0:18:43:F8:2F,-79,1598522541454
1,53,D0:F0:18:43:F8:49,-74,1598522541456
0,54,D0:F0:18:43:F8:2F,-88,1598522541959
1,55,D0:F0:18:43:F8:49,-74,1598522541960
0,56,D0:F0:18:43:F8:2F,-86,1598522542466
1,57,D0:F0:18:43:F8:49,-74,1598522542468
0,58,D0:F0:18:43:F8:2F,-88,1598522542970
1,59,D0:F0:18:43:F8:49,-74,1598522542971
0,60,D0:F0:18:43:F8:2F,-87,1598522543475
1,61,D0:F0:18:43:F8:49,-74,1598522543476
0,62,D0:F0:18:43:F8:2F,-80,1598522543979
0,63,D0:F0:18:43:F8:2F,-88,1598522544485
1,64,D0:F0:18:43:F8:49,-74,1598522544487
0,65,D0:F0:18:43:F8:2F,-87,1598522544991
1,66,D0:F0:18:43:F8:49,-74,1598522544992
0,67,D0:F0:18:43:F8:2F,-88,1598522545496
1,68,D0:F0:18:43:F8:49,-74,1598522545498
0,69,D0:F0:18:43:F8:2F,-86,1598522546002
1,70,D0:F0:18:43:F8:49,-74,1598522546003
0,71,D0:F0:18:43:F8:2F,-79,1598522546508
1,72,D0:F0:18:43:F8:49,-74,1598522546509
0,73,D0:F0:18:43:F8:2F,-87,1598522547518
1,74,D0:F0:18:43:F8:49,-74,1598522547520
0,75,D0:F0:18:43:F8:49,-73,1598522548023
0,76,D0:F0:18:43:F8:2F,-78,1598522549033
1,77,D0:F0:18:43:F8:49,-74,1598522549035
0,78,D0:F0:18:43:F8:2F,-89,1598522549538
1,79,D0:F0:18:43:F8:49,-74,1598522549540
0,0,D0:F0:18:43:F8:2F,-87,1598522555602
1,1,D0:F0:18:43:F8:49,-84,1598522555604
0,2,D0:F0:18:43:F8:49,-85,1598522556107
0,3,D0:F0:18:43:F8:2F,-78,1598522556612
1,4,D0:F0:18:43:F8:49,-76,1598522556614
0,5,D0:F0:18:43:F8:49,-83,1598522557117
0,6,D0:F0:18:43:F8:49,-77,1598522557623
0,7,D0:F0:18:43:F8:2F,-77,1598522558129
1,8,D0:F0:18:43:F8:49,-78,1598522558131
0,9,D0:F0:18:43:F8:2F,-78,1598522558634
1,10,D0:F0:18:43:F8:49,-76,1598522558635
0,11,D0:F0:18:43:F8:2F,-77,1598522559645
1,12,D0:F0:18:43:F8:49,-76,1598522559646
0,13,D0:F0:18:43:F8:2F,-77,1598522560150
1,14,D0:F0:18:43:F8:49,-85,1598522560152
0,15,D0:F0:18:43:F8:2F,-77,1598522560656
0,16,D0:F0:18:43:F8:2F,-77,1598522561162
1,17,D0:F0:18:43:F8:49,-83,1598522561163
0,18,D0:F0:18:43:F8:2F,-99,1598522561667
0,19,D0:F0:18:43:F8:2F,-77,1598522562173
1,20,D0:F0:18:43:F8:49,-83,1598522562175
0,21,D0:F0:18:43:F8:2F,-77,1598522562678
0,22,D0:F0:18:43:F8:2F,-77,1598522563183
1,23,D0:F0:18:43:F8:49,-83,1598522563186
0,24,D0:F0:18:43:F8:2F,-99,1598522563689
1,25,D0:F0:18:43:F8:49,-76,1598522563691
0,26,D0:F0:18:43:F8:2F,-77,1598522564194
1,27,D0:F0:18:43:F8:49,-79,1598522564196
0,28,D0:F0:18:43:F8:2F,-77,1598522564699
1,29,D0:F0:18:43:F8:49,-84,1598522564701
0,30,D0:F0:18:43:F8:49,-77,1598522565206
0,31,D0:F0:18:43:F8:2F,-78,1598522565711
1,32,D0:F0:18:43:F8:49,-84,1598522565713
0,33,D0:F0:18:43:F8:2F,-77,1598522566216
0,34,D0:F0:18:43:F8:49,-79,1598522566721
0,35,D0:F0:18:43:F8:2F,-77,1598522567227
1,36,D0:F0:18:43:F8:49,-85,1598522567228
0,37,D0:F0:18:43:F8:2F,-100,1598522567732
1,38,D0:F0:18:43:F8:49,-76,1598522567734
0,39,D0:F0:18:43:F8:49,-79,1598522568237
0,40,D0:F0:18:43:F8:2F,-99,1598522568743
1,41,D0:F0:18:43:F8:49,-85,1598522568745
0,42,D0:F0:18:43:F8:2F,-77,1598522569248
1,43,D0:F0:18:43:F8:49,-76,1598522569250
0,44,D0:F0:18:43:F8:2F,-77,1598522569754
1,45,D0:F0:18:43:F8:49,-85,1598522569756
0,46,D0:F0:18:43:F8:49,-86,1598522570259
0,47,D0:F0:18:43:F8:2F,-77,1598522570766
1,48,D0:F0:18:43:F8:49,-85,1598522570768
0,49,D0:F0:18:43:F8:49,-76,1598522571271
0,50,D0:F0:18:43:F8:2F,-77,1598522571776
1,51,D0:F0:18:43:F8:49,-78,1598522571778
0,52,D0:F0:18:43:F8:2F,-77,1598522572283
1,53,D0:F0:18:43:F8:49,-85,1598522572284
0,54,D0:F0:18:43:F8:2F,-97,1598522572789
1,55,D0:F0:18:43:F8:49,-76,1598522572790
0,56,D0:F0:18:43:F8:2F,-77,1598522573294
1,57,D0:F0:18:43:F8:49,-83,1598522573296
0,58,D0:F0:18:43:F8:2F,-77,1598522574304
1,59,D0:F0:18:43:F8:49,-83,1598522574306
0,60,D0:F0:18:43:F8:2F,-77,1598522574810
1,61,D0:F0:18:43:F8:49,-77,1598522574811
0,62,D0:F0:18:43:F8:2F,-77,1598522575315
0,63,D0:F0:18:43:F8:2F,-77,1598522575821
1,64,D0:F0:18:43:F8:49,-84,1598522575822
0,65,D0:F0:18:43:F8:2F,-77,1598522576327
1,66,D0:F0:18:43:F8:49,-77,1598522576328
0,67,D0:F0:18:43:F8:2F,-76,1598522576833
1,68,D0:F0:18:43:F8:49,-80,1598522576834
0,69,D0:F0:18:43:F8:2F,-76,1598522577338
1,70,D0:F0:18:43:F8:49,-76,1598522577340
0,71,D0:F0:18:43:F8:2F,-77,1598522577843
1,72,D0:F0:18:43:F8:49,-79,1598522577845
0,73,D0:F0:18:43:F8:2F,-77,1598522578349
1,74,D0:F0:18:43:F8:49,-85,1598522578350
0,75,D0:F0:18:43:F8:2F,-77,1598522579599
1,76,D0:F0:18:43:F8:49,-80,1598522579600
0,77,D0:F0:18:43:F8:2F,-76,1598522580107
1,78,D0:F0:18:43:F8:49,-85,1598522580109
0,79,D0:F0:18:43:F8:49,-77,1598522580611
0,0,D0:F0:18:43:F8:49,-69,1598522585655
0,1,D0:F0:18:43:F8:2F,-81,1598522586160
1,2,D0:F0:18:43:F8:49,-69,1598522586161
0,3,D0:F0:18:43:F8:49,-69,1598522586665
0,4,D0:F0:18:43:F8:2F,-80,1598522587172
1,5,D0:F0:18:43:F8:49,-73,1598522587174
0,6,D0:F0:18:43:F8:2F,-86,1598522587677
1,7,D0:F0:18:43:F8:49,-69,1598522587679
0,8,D0:F0:18:43:F8:49,-69,1598522588182
0,9,D0:F0:18:43:F8:2F,-86,1598522588687
1,10,D0:F0:18:43:F8:49,-69,1598522588689
0,11,D0:F0:18:43:F8:2F,-79,1598522589696
1,12,D0:F0:18:43:F8:49,-73,1598522589697
0,13,D0:F0:18:43:F8:49,-69,1598522590200
0,14,D0:F0:18:43:F8:2F,-79,1598522590706
1,15,D0:F0:18:43:F8:49,-69,1598522590707
0,16,D0:F0:18:43:F8:49,-73,1598522591210
0,17,D0:F0:18:43:F8:2F,-79,1598522591716
1,18,D0:F0:18:43:F8:49,-70,1598522591718
0,19,D0:F0:18:43:F8:2F,-79,1598522592222
0,20,D0:F0:18:43:F8:2F,-85,1598522592727
1,21,D0:F0:18:43:F8:49,-69,1598522592729
0,22,D0:F0:18:43:F8:49,-73,1598522593232
0,23,D0:F0:18:43:F8:2F,-85,1598522593738
1,24,D0:F0:18:43:F8:49,-70,1598522593739
0,25,D0:F0:18:43:F8:49,-73,1598522594243
0,26,D0:F0:18:43:F8:2F,-79,1598522594748
1,27,D0:F0:18:43:F8:49,-73,1598522594749
0,28,D0:F0:18:43:F8:2F,-87,1598522595254
1,29,D0:F0:18:43:F8:49,-69,1598522595255
0,30,D0:F0:18:43:F8:2F,-79,1598522596264
1,31,D0:F0:18:43:F8:49,-70,1598522596266
0,32,D0:F0:18:43:F8:2F,-80,1598522596769
1,33,D0:F0:18:43:F8:49,-69,1598522596771
0,34,D0:F0:18:43:F8:2F,-80,1598522597274
1,35,D0:F0:18:43:F8:49,-73,1598522597275
0,36,D0:F0:18:43:F8:2F,-88,1598522597780
1,37,D0:F0:18:43:F8:49,-70,1598522597781
0,38,D0:F0:18:43:F8:2F,-80,1598522598285
1,39,D0:F0:18:43:F8:49,-69,1598522598286
0,40,D0:F0:18:43:F8:2F,-85,1598522598791
1,41,D0:F0:18:43:F8:49,-69,1598522598792
0,42,D0:F0:18:43:F8:2F,-80,1598522599293
1,43,D0:F0:18:43:F8:49,-69,1598522599294
0,44,D0:F0:18:43:F8:2F,-80,1598522599800
1,45,D0:F0:18:43:F8:49,-73,1598522599801
0,46,D0:F0:18:43:F8:2F,-85,1598522600306
1,47,D0:F0:18:43:F8:49,-70,1598522600307
0,48,D0:F0:18:43:F8:49,-69,1598522600811
0,49,D0:F0:18:43:F8:49,-73,1598522601316
0,50,D0:F0:18:43:F8:2F,-86,1598522601821
0,51,D0:F0:18:43:F8:2F,-80,1598522602831
1,52,D0:F0:18:43:F8:49,-69,1598522602833
0,53,D0:F0:18:43:F8:2F,-85,1598522603337
1,54,D0:F0:18:43:F8:49,-74,1598522603339
0,55,D0:F0:18:43:F8:2F,-88,1598522603843
1,56,D0:F0:18:43:F8:49,-70,1598522603845
0,57,D0:F0:18:43:F8:2F,-79,1598522604349
1,58,D0:F0:18:43:F8:49,-74,1598522604351
0,59,D0:F0:18:43:F8:49,-73,1598522604855
0,60,D0:F0:18:43:F8:49,-73,1598522605361
0,61,D0:F0:18:43:F8:2F,-79,1598522605867
1,62,D0:F0:18:43:F8:49,-70,1598522605869
0,63,D0:F0:18:43:F8:49,-69,1598522606372
0,64,D0:F0:18:43:F8:2F,-80,1598522606877
1,65,D0:F0:18:43:F8:49,-73,1598522606879
0,66,D0:F0:18:43:F8:49,-69,1598522607383
0,67,D0:F0:18:43:F8:2F,-80,1598522607889
1,68,D0:F0:18:43:F8:49,-70,1598522607890
0,69,D0:F0:18:43:F8:2F,-85,1598522608394
1,70,D0:F0:18:43:F8:49,-70,1598522608396
0,71,D0:F0:18:43:F8:2F,-87,1598522608899
1,72,D0:F0:18:43:F8:49,-70,1598522608901
0,73,D0:F0:18:43:F8:2F,-80,1598522609405
1,74,D0:F0:18:43:F8:49,-73,1598522609407
0,75,D0:F0:18:43:F8:49,-70,1598522609910
0,76,D0:F0:18:43:F8:2F,-80,1598522610415
1,77,D0:F0:18:43:F8:49,-70,1598522610417
0,78,D0:F0:18:43:F8:49,-73,1598522610920
0,79,D0:F0:18:43:F8:49,-70,1598522611425
0,0,D0:F0:18:43:F8:2F,-79,1598522623552
1,1,D0:F0:18:43:F8:49,-69,1598522623554
0,2,D0:F0:18:43:F8:2F,-75,1598522624058
1,3,D0:F0:18:43:F8:49,-70,1598522624059
0,4,D0:F0:18:43:F8:2F,-75,1598522624564
1,5,D0:F0:18:43:F8:49,-71,1598522624565
0,6,D0:F0:18:43:F8:2F,-83,1598522625070
1,7,D0:F0:18:43:F8:49,-70,1598522625071
0,8,D0:F0:18:43:F8:2F,-76,1598522625577
1,9,D0:F0:18:43:F8:49,-71,1598522625578
0,10,D0:F0:18:43:F8:2F,-84,1598522626083
1,11,D0:F0:18:43:F8:49,-70,1598522626084
0,12,D0:F0:18:43:F8:2F,-83,1598522626588
1,13,D0:F0:18:43:F8:49,-70,1598522626590
0,14,D0:F0:18:43:F8:2F,-76,1598522627093
1,15,D0:F0:18:43:F8:49,-71,1598522627095
0,16,D0:F0:18:43:F8:2F,-83,1598522627597
1,17,D0:F0:18:43:F8:49,-70,1598522627597
0,18,D0:F0:18:43:F8:2F,-76,1598522628103
1,19,D0:F0:18:43:F8:49,-71,1598522628106
0,20,D0:F0:18:43:F8:2F,-82,1598522628609
1,21,D0:F0:18:43:F8:49,-70,1598522628610
0,22,D0:F0:18:43:F8:2F,-76,1598522629114
0,23,D0:F0:18:43:F8:2F,-76,1598522629620
1,24,D0:F0:18:43:F8:49,-71,1598522629621
0,25,D0:F0:18:43:F8:2F,-76,1598522630124
1,26,D0:F0:18:43:F8:49,-70,1598522630125
0,27,D0:F0:18:43:F8:2F,-77,1598522630630
1,28,D0:F0:18:43:F8:49,-70,1598522630631
0,29,D0:F0:18:43:F8:2F,-83,1598522631135
1,30,D0:F0:18:43:F8:49,-70,1598522631137
0,31,D0:F0:18:43:F8:2F,-77,1598522631641
1,32,D0:F0:18:43:F8:49,-71,1598522631643
0,33,D0:F0:18:43:F8:2F,-76,1598522632147
1,34,D0:F0:18:43:F8:49,-71,1598522632149
0,35,D0:F0:18:43:F8:2F,-76,1598522632654
1,36,D0:F0:18:43:F8:49,-70,1598522632655
0,37,D0:F0:18:43:F8:2F,-76,1598522633159
1,38,D0:F0:18:43:F8:49,-71,1598522633160
0,39,D0:F0:18:43:F8:2F,-76,1598522633661
0,40,D0:F0:18:43:F8:2F,-76,1598522634168
1,41,D0:F0:18:43:F8:49,-71,1598522634170
0,42,D0:F0:18:43:F8:2F,-81,1598522634673
1,43,D0:F0:18:43:F8:49,-71,1598522634675
0,44,D0:F0:18:43:F8:2F,-77,1598522635179
1,45,D0:F0:18:43:F8:49,-71,1598522635181
0,46,D0:F0:18:43:F8:2F,-77,1598522635682
1,47,D0:F0:18:43:F8:49,-71,1598522635683
0,48,D0:F0:18:43:F8:2F,-77,1598522636188
1,49,D0:F0:18:43:F8:49,-70,1598522636190
0,50,D0:F0:18:43:F8:2F,-76,1598522636694
1,51,D0:F0:18:43:F8:49,-71,1598522636696
0,52,D0:F0:18:43:F8:2F,-76,1598522637199
1,53,D0:F0:18:43:F8:49,-71,1598522637201
0,54,D0:F0:18:43:F8:49,-70,1598522637702
0,55,D0:F0:18:43:F8:49,-70,1598522638207
0,56,D0:F0:18:43:F8:2F,-76,1598522638712
1,57,D0:F0:18:43:F8:49,-70,1598522638715
0,58,D0:F0:18:43:F8:2F,-77,1598522639219
1,59,D0:F0:18:43:F8:49,-70,1598522639220
0,60,D0:F0:18:43:F8:49,-71,1598522639720
0,61,D0:F0:18:43:F8:2F,-77,1598522640226
0,62,D0:F0:18:43:F8:2F,-77,1598522640732
1,63,D0:F0:18:43:F8:49,-71,1598522640734
0,64,D0:F0:18:43:F8:2F,-76,1598522641239
1,65,D0:F0:18:43:F8:49,-70,1598522641241
0,66,D0:F0:18:43:F8:2F,-77,1598522641741
1,67,D0:F0:18:43:F8:49,-70,1598522641742
0,68,D0:F0:18:43:F8:2F,-82,1598522642248
1,69,D0:F0:18:43:F8:49,-71,1598522642249
0,70,D0:F0:18:43:F8:2F,-77,1598522642753
1,71,D0:F0:18:43:F8:49,-70,1598522642755
0,72,D0:F0:18:43:F8:2F,-77,1598522643259
1,73,D0:F0:18:43:F8:49,-70,1598522643261
0,74,D0:F0:18:43:F8:2F,-76,1598522643766
1,75,D0:F0:18:43:F8:49,-70,1598522643767
0,76,D0:F0:18:43:F8:2F,-77,1598522644271
1,77,D0:F0:18:43:F8:49,-71,1598522644273
0,78,D0:F0:18:43:F8:2F,-82,1598522644777
1,79,D0:F0:18:43:F8:49,-71,1598522644778
0,0,D0:F0:18:43:F8:2F,-86,1598522650327
1,1,D0:F0:18:43:F8:49,-60,1598522650327
0,2,D0:F0:18:43:F8:49,-60,1598522650832
0,3,D0:F0:18:43:F8:2F,-77,1598522651337
1,4,D0:F0:18:43:F8:49,-58,1598522651339
0,5,D0:F0:18:43:F8:2F,-79,1598522651841
1,6,D0:F0:18:43:F8:49,-60,1598522651842
0,7,D0:F0:18:43:F8:2F,-83,1598522652346
0,8,D0:F0:18:43:F8:2F,-93,1598522652854
1,9,D0:F0:18:43:F8:49,-60,1598522652855
0,10,D0:F0:18:43:F8:2F,-79,1598522653359
1,11,D0:F0:18:43:F8:49,-58,1598522653361
0,12,D0:F0:18:43:F8:2F,-80,1598522653861
1,13,D0:F0:18:43:F8:49,-60,1598522653862
0,14,D0:F0:18:43:F8:2F,-79,1598522654368
1,15,D0:F0:18:43:F8:49,-60,1598522654369
0,16,D0:F0:18:43:F8:2F,-80,1598522654874
1,17,D0:F0:18:43:F8:49,-58,1598522654876
0,18,D0:F0:18:43:F8:49,-60,1598522655379
0,19,D0:F0:18:43:F8:2F,-79,1598522655881
1,20,D0:F0:18:43:F8:49,-60,1598522655882
0,21,D0:F0:18:43:F8:2F,-82,1598522656387
1,22,D0:F0:18:43:F8:49,-60,1598522656389
0,23,D0:F0:18:43:F8:2F,-79,1598522656893
1,24,D0:F0:18:43:F8:49,-60,1598522656895
0,25,D0:F0:18:43:F8:2F,-79,1598522657399
1,26,D0:F0:18:43:F8:49,-58,1598522657400
0,27,D0:F0:18:43:F8:2F,-88,1598522657901
1,28,D0:F0:18:43:F8:49,-60,1598522657902
0,29,D0:F0:18:43:F8:2F,-79,1598522658408
1,30,D0:F0:18:43:F8:49,-60,1598522658410
0,31,D0:F0:18:43:F8:2F,-88,1598522658914
1,32,D0:F0:18:43:F8:49,-58,1598522658915
0,33,D0:F0:18:43:F8:2F,-82,1598522659419
1,34,D0:F0:18:43:F8:49,-60,1598522659421
0,35,D0:F0:18:43:F8:49,-60,1598522659924
0,36,D0:F0:18:43:F8:2F,-79,1598522660429
1,37,D0:F0:18:43:F8:49,-60,1598522660431
0,38,D0:F0:18:43:F8:2F,-82,1598522660935
1,39,D0:F0:18:43:F8:49,-58,1598522660936
0,40,D0:F0:18:43:F8:2F,-89,1598522661440
1,41,D0:F0:18:43:F8:49,-60,1598522661442
0,42,D0:F0:18:43:F8:2F,-79,1598522661947
1,43,D0:F0:18:43:F8:49,-58,1598522661949
0,44,D0:F0:18:43:F8:2F,-81,1598522662453
1,45,D0:F0:18:43:F8:49,-58,1598522662455
0,46,D0:F0:18:43:F8:2F,-89,1598522662958
1,47,D0:F0:18:43:F8:49,-60,1598522662960
0,48,D0:F0:18:43:F8:2F,-81,1598522663464
1,49,D0:F0:18:43:F8:49,-58,1598522663466
0,50,D0:F0:18:43:F8:2F,-83,1598522663971
1,51,D0:F0:18:43:F8:49,-58,1598522663973
0,52,D0:F0:18:43:F8:2F,-79,1598522664477
0,53,D0:F0:18:43:F8:2F,-81,1598522664982
1,54,D0:F0:18:43:F8:49,-59,1598522664984
0,55,D0:F0:18:43:F8:49,-60,1598522665487
0,56,D0:F0:18:43:F8:2F,-80,1598522665989
1,57,D0:F0:18:43:F8:49,-59,1598522665990
0,58,D0:F0:18:43:F8:2F,-80,1598522666495
1,59,D0:F0:18:43:F8:49,-59,1598522666496
0,60,D0:F0:18:43:F8:2F,-81,1598522667000
1,61,D0:F0:18:43:F8:49,-58,1598522667002
0,62,D0:F0:18:43:F8:2F,-80,1598522667506
1,63,D0:F0:18:43:F8:49,-60,1598522667507
0,64,D0:F0:18:43:F8:2F,-80,1598522668011
1,65,D0:F0:18:43:F8:49,-60,1598522668013
0,66,D0:F0:18:43:F8:2F,-80,1598522668517
1,67,D0:F0:18:43:F8:49,-58,1598522668518
0,68,D0:F0:18:43:F8:2F,-90,1598522669023
1,69,D0:F0:18:43:F8:49,-60,1598522669025
0,70,D0:F0:18:43:F8:2F,-80,1598522669528
1,71,D0:F0:18:43:F8:49,-60,1598522669530
0,72,D0:F0:18:43:F8:2F,-80,1598522670033
1,73,D0:F0:18:43:F8:49,-58,1598522670035
0,74,D0:F0:18:43:F8:49,-58,1598522670538
0,75,D0:F0:18:43:F8:2F,-80,1598522671045
1,76,D0:F0:18:43:F8:49,-59,1598522671046
0,77,D0:F0:18:43:F8:2F,-80,1598522671550
1,78,D0:F0:18:43:F8:49,-60,1598522671551
0,79,D0:F0:18:43:F8:2F,-80,1598522672055
0,0,D0:F0:18:43:F8:2F,-84,1598522684696
1,1,D0:F0:18:43:F8:49,-75,1598522684697
0,2,D0:F0:18:43:F8:2F,-77,1598522685201
1,3,D0:F0:18:43:F8:49,-69,1598522685203
0,4,D0:F0:18:43:F8:2F,-80,1598522685707
1,5,D0:F0:18:43:F8:49,-74,1598522685708
0,6,D0:F0:18:43:F8:2F,-82,1598522686211
1,7,D0:F0:18:43:F8:49,-74,1598522686212
0,8,D0:F0:18:43:F8:2F,-80,1598522686718
1,9,D0:F0:18:43:F8:49,-74,1598522686719
0,10,D0:F0:18:43:F8:2F,-83,1598522687223
1,11,D0:F0:18:43:F8:49,-69,1598522687225
0,12,D0:F0:18:43:F8:2F,-80,1598522687729
1,13,D0:F0:18:43:F8:49,-74,1598522687731
0,14,D0:F0:18:43:F8:2F,-80,1598522688235
1,15,D0:F0:18:43:F8:49,-76,1598522688237
0,16,D0:F0:18:43:F8:2F,-84,1598522688741
1,17,D0:F0:18:43:F8:49,-69,1598522688742
0,18,D0:F0:18:43:F8:2F,-80,1598522689246
1,19,D0:F0:18:43:F8:49,-74,1598522689248
0,20,D0:F0:18:43:F8:2F,-83,1598522689753
1,21,D0:F0:18:43:F8:49,-75,1598522689756
0,22,D0:F0:18:43:F8:49,-76,1598522690761
0,23,D0:F0:18:43:F8:2F,-80,1598522691268
1,24,D0:F0:18:43:F8:49,-76,1598522691269
0,25,D0:F0:18:43:F8:49,-75,1598522691773
0,26,D0:F0:18:43:F8:2F,-83,1598522692278
1,27,D0:F0:18:43:F8:49,-76,1598522692280
0,28,D0:F0:18:43:F8:2F,-80,1598522692784
1,29,D0:F0:18:43:F8:49,-75,1598522692786
0,30,D0:F0:18:43:F8:2F,-85,1598522693290
1,31,D0:F0:18:43:F8:49,-74,1598522693291
0,32,D0:F0:18:43:F8:2F,-83,1598522693797
1,33,D0:F0:18:43:F8:49,-76,1598522693798
0,34,D0:F0:18:43:F8:2F,-80,1598522694302
1,35,D0:F0:18:43:F8:49,-76,1598522694304
0,36,D0:F0:18:43:F8:2F,-83,1598522694808
1,37,D0:F0:18:43:F8:49,-69,1598522694809
0,38,D0:F0:18:43:F8:2F,-80,1598522695313
1,39,D0:F0:18:43:F8:49,-75,1598522695315
0,40,D0:F0:18:43:F8:2F,-80,1598522695819
1,41,D0:F0:18:43:F8:49,-76,1598522695820
0,42,D0:F0:18:43:F8:49,-75,1598522696324
0,43,D0:F0:18:43:F8:2F,-85,1598522696829
0,44,D0:F0:18:43:F8:2F,-83,1598522697334
1,45,D0:F0:18:43:F8:49,-69,1598522697336
0,46,D0:F0:18:43:F8:2F,-85,1598522697840
1,47,D0:F0:18:43:F8:49,-75,1598522697841
0,48,D0:F0:18:43:F8:2F,-84,1598522698345
1,49,D0:F0:18:43:F8:49,-76,1598522698347
0,50,D0:F0:18:43:F8:2F,-80,1598522698851
1,51,D0:F0:18:43:F8:49,-69,1598522698853
0,52,D0:F0:18:43:F8:2F,-83,1598522699357
1,53,D0:F0:18:43:F8:49,-74,1598522699359
0,54,D0:F0:18:43:F8:2F,-85,1598522699863
1,55,D0:F0:18:43:F8:49,-76,1598522699865
0,56,D0:F0:18:43:F8:2F,-84,1598522700369
1,57,D0:F0:18:43:F8:49,-75,1598522700371
0,58,D0:F0:18:43:F8:2F,-82,1598522700875
1,59,D0:F0:18:43:F8:49,-74,1598522700876
0,60,D0:F0:18:43:F8:2F,-84,1598522701380
1,61,D0:F0:18:43:F8:49,-69,1598522701382
0,62,D0:F0:18:43:F8:2F,-83,1598522701887
1,63,D0:F0:18:43:F8:49,-74,1598522701888
0,64,D0:F0:18:43:F8:2F,-83,1598522702393
1,65,D0:F0:18:43:F8:49,-75,1598522702395
0,66,D0:F0:18:43:F8:2F,-80,1598522702898
1,67,D0:F0:18:43:F8:49,-69,1598522702900
0,68,D0:F0:18:43:F8:2F,-84,1598522703402
0,69,D0:F0:18:43:F8:2F,-82,1598522703908
1,70,D0:F0:18:43:F8:49,-74,1598522703910
0,71,D0:F0:18:43:F8:2F,-83,1598522704414
1,72,D0:F0:18:43:F8:49,-75,1598522704416
0,73,D0:F0:18:43:F8:2F,-82,1598522704920
1,74,D0:F0:18:43:F8:49,-69,1598522704921
0,75,D0:F0:18:43:F8:2F,-85,1598522705425
0,76,D0:F0:18:43:F8:2F,-82,1598522705931
1,77,D0:F0:18:43:F8:49,-69,1598522705932
0,78,D0:F0:18:43:F8:2F,-80,1598522706437
1,79,D0:F0:18:43:F8:49,-74,1598522706438
0,0,D0:F0:18:43:F8:2F,-77,1598522714025
1,1,D0:F0:18:43:F8:49,-51,1598522714027
0,2,D0:F0:18:43:F8:2F,-74,1598522714531
1,3,D0:F0:18:43:F8:49,-49,1598522714533
0,4,D0:F0:18:43:F8:2F,-74,1598522715037
1,5,D0:F0:18:43:F8:49,-51,1598522715038
0,6,D0:F0:18:43:F8:2F,-77,1598522715543
1,7,D0:F0:18:43:F8:49,-49,1598522715545
0,8,D0:F0:18:43:F8:2F,-73,1598522716049
1,9,D0:F0:18:43:F8:49,-50,1598522716051
0,10,D0:F0:18:43:F8:2F,-77,1598522716555
1,11,D0:F0:18:43:F8:49,-51,1598522716557
0,12,D0:F0:18:43:F8:49,-50,1598522717062
0,13,D0:F0:18:43:F8:2F,-73,1598522717568
1,14,D0:F0:18:43:F8:49,-51,1598522717570
0,15,D0:F0:18:43:F8:2F,-77,1598522718074
1,16,D0:F0:18:43:F8:49,-49,1598522718076
0,17,D0:F0:18:43:F8:49,-50,1598522718579
0,18,D0:F0:18:43:F8:2F,-77,1598522719085
1,19,D0:F0:18:43:F8:49,-51,1598522719087
0,20,D0:F0:18:43:F8:2F,-74,1598522719590
1,21,D0:F0:18:43:F8:49,-51,1598522719592
0,22,D0:F0:18:43:F8:2F,-77,1598522720096
1,23,D0:F0:18:43:F8:49,-50,1598522720097
0,24,D0:F0:18:43:F8:2F,-77,1598522720602
1,25,D0:F0:18:43:F8:49,-51,1598522720604
0,26,D0:F0:18:43:F8:2F,-73,1598522721108
1,27,D0:F0:18:43:F8:49,-51,1598522721109
0,28,D0:F0:18:43:F8:2F,-77,1598522721614
1,29,D0:F0:18:43:F8:49,-51,1598522721615
0,30,D0:F0:18:43:F8:2F,-76,1598522722119
0,31,D0:F0:18:43:F8:2F,-77,1598522722625
1,32,D0:F0:18:43:F8:49,-51,1598522722626
0,33,D0:F0:18:43:F8:2F,-73,1598522723131
1,34,D0:F0:18:43:F8:49,-49,1598522723132
0,35,D0:F0:18:43:F8:2F,-77,1598522723639
1,36,D0:F0:18:43:F8:49,-50,1598522723641
0,37,D0:F0:18:43:F8:2F,-77,1598522724146
1,38,D0:F0:18:43:F8:49,-51,1598522724148
0,39,D0:F0:18:43:F8:2F,-77,1598522724651
1,40,D0:F0:18:43:F8:49,-50,1598522724653
0,41,D0:F0:18:43:F8:2F,-77,1598522725156
0,42,D0:F0:18:43:F8:2F,-73,1598522725661
1,43,D0:F0:18:43:F8:49,-50,1598522725663
0,44,D0:F0:18:43:F8:2F,-76,1598522726167
1,45,D0:F0:18:43:F8:49,-51,1598522726169
0,46,D0:F0:18:43:F8:2F,-77,1598522726674
1,47,D0:F0:18:43:F8:49,-49,1598522726675
0,48,D0:F0:18:43:F8:2F,-73,1598522727180
1,49,D0:F0:18:43:F8:49,-51,1598522727181
0,50,D0:F0:18:43:F8:2F,-77,1598522727686
1,51,D0:F0:18:43:F8:49,-51,1598522727687
0,52,D0:F0:18:43:F8:2F,-77,1598522728192
1,53,D0:F0:18:43:F8:49,-50,1598522728193
0,54,D0:F0:18:43:F8:2F,-77,1598522728698
1,55,D0:F0:18:43:F8:49,-51,1598522728700
0,56,D0:F0:18:43:F8:2F,-77,1598522729204
1,57,D0:F0:18:43:F8:49,-51,1598522729206
0,58,D0:F0:18:43:F8:2F,-73,1598522729709
1,59,D0:F0:18:43:F8:49,-49,1598522729711
0,60,D0:F0:18:43:F8:2F,-77,1598522730215
1,61,D0:F0:18:43:F8:49,-51,1598522730217
0,62,D0:F0:18:43:F8:2F,-77,1598522730720
1,63,D0:F0:18:43:F8:49,-50,1598522730722
0,64,D0:F0:18:43:F8:2F,-77,1598522731226
1,65,D0:F0:18:43:F8:49,-51,1598522731227
0,66,D0:F0:18:43:F8:2F,-77,1598522731731
1,67,D0:F0:18:43:F8:49,-49,1598522731733
0,68,D0:F0:18:43:F8:2F,-73,1598522732237
1,69,D0:F0:18:43:F8:49,-50,1598522732238
0,70,D0:F0:18:43:F8:49,-51,1598522732742
0,71,D0:F0:18:43:F8:2F,-77,1598522733248
1,72,D0:F0:18:43:F8:49,-49,1598522733250
0,73,D0:F0:18:43:F8:2F,-73,1598522733754
1,74,D0:F0:18:43:F8:49,-51,1598522733756
0,75,D0:F0:18:43:F8:2F,-77,1598522734260
1,76,D0:F0:18:43:F8:49,-51,1598522734261
0,77,D0:F0:18:43:F8:2F,-73,1598522734765
1,78,D0:F0:18:43:F8:49,-50,1598522734767
0,79,D0:F0:18:43:F8:2F,-73,1598522735271
0,0,D0:F0:18:43:F8:2F,-73,1598522743868
1,1,D0:F0:18:43:F8:49,-36,1598522743869
0,2,D0:F0:18:43:F8:2F,-80,1598522744375
1,3,D0:F0:18:43:F8:49,-36,1598522744376
0,4,D0:F0:18:43:F8:2F,-74,1598522744881
1,5,D0:F0:18:43:F8:49,-35,1598522744883
0,6,D0:F0:18:43:F8:2F,-74,1598522745388
1,7,D0:F0:18:43:F8:49,-36,1598522745389
0,8,D0:F0:18:43:F8:2F,-73,1598522745894
1,9,D0:F0:18:43:F8:49,-38,1598522745895
0,10,D0:F0:18:43:F8:2F,-69,1598522746400
1,11,D0:F0:18:43:F8:49,-38,1598522746401
0,12,D0:F0:18:43:F8:2F,-72,1598522746915
1,13,D0:F0:18:43:F8:49,-38,1598522746917
0,14,D0:F0:18:43:F8:49,-36,1598522747421
0,15,D0:F0:18:43:F8:49,-38,1598522747926
0,16,D0:F0:18:43:F8:2F,-72,1598522748433
1,17,D0:F0:18:43:F8:49,-35,1598522748434
0,18,D0:F0:18:43:F8:2F,-72,1598522748939
1,19,D0:F0:18:43:F8:49,-38,1598522748940
0,20,D0:F0:18:43:F8:49,-35,1598522749444
0,21,D0:F0:18:43:F8:2F,-72,1598522749950
1,22,D0:F0:18:43:F8:49,-36,1598522749952
0,23,D0:F0:18:43:F8:2F,-71,1598522750456
1,24,D0:F0:18:43:F8:49,-35,1598522750458
0,25,D0:F0:18:43:F8:2F,-72,1598522750963
1,26,D0:F0:18:43:F8:49,-35,1598522750965
0,27,D0:F0:18:43:F8:2F,-69,1598522751469
1,28,D0:F0:18:43:F8:49,-38,1598522751471
0,29,D0:F0:18:43:F8:2F,-71,1598522751974
1,30,D0:F0:18:43:F8:49,-35,1598522751976
0,31,D0:F0:18:43:F8:2F,-69,1598522752480
1,32,D0:F0:18:43:F8:49,-36,1598522752482
0,33,D0:F0:18:43:F8:2F,-71,1598522752986
1,34,D0:F0:18:43:F8:49,-38,1598522752987
0,35,D0:F0:18:43:F8:2F,-72,1598522753492
1,36,D0:F0:18:43:F8:49,-35,1598522753493
0,37,D0:F0:18:43:F8:2F,-69,1598522753997
1,38,D0:F0:18:43:F8:49,-38,1598522753998
0,39,D0:F0:18:43:F8:2F,-72,1598522754502
0,40,D0:F0:18:43:F8:2F,-72,1598522755008
1,41,D0:F0:18:43:F8:49,-36,1598522755009
0,42,D0:F0:18:43:F8:2F,-71,1598522755514
1,43,D0:F0:18:43:F8:49,-38,1598522755516
0,44,D0:F0:18:43:F8:2F,-72,1598522756020
1,45,D0:F0:18:43:F8:49,-35,1598522756021
0,46,D0:F0:18:43:F8:2F,-71,1598522756526
1,47,D0:F0:18:43:F8:49,-36,1598522756528
0,48,D0:F0:18:43:F8:2F,-72,1598522757031
1,49,D0:F0:18:43:F8:49,-38,1598522757032
0,50,D0:F0:18:43:F8:2F,-69,1598522757536
1,51,D0:F0:18:43:F8:49,-38,1598522757538
0,52,D0:F0:18:43:F8:2F,-72,1598522758042
1,53,D0:F0:18:43:F8:49,-35,1598522758044
0,54,D0:F0:18:43:F8:49,-36,1598522758547
0,55,D0:F0:18:43:F8:2F,-71,1598522759053
1,56,D0:F0:18:43:F8:49,-38,1598522759055
0,57,D0:F0:18:43:F8:2F,-69,1598522759559
1,58,D0:F0:18:43:F8:49,-35,1598522759560
0,59,D0:F0:18:43:F8:2F,-71,1598522760064
1,60,D0:F0:18:43:F8:49,-36,1598522760065
0,61,D0:F0:18:43:F8:2F,-72,1598522760569
1,62,D0:F0:18:43:F8:49,-35,1598522760571
0,63,D0:F0:18:43:F8:2F,-68,1598522761075
1,64,D0:F0:18:43:F8:49,-35,1598522761077
0,65,D0:F0:18:43:F8:2F,-72,1598522761580
1,66,D0:F0:18:43:F8:49,-35,1598522761582
0,67,D0:F0:18:43:F8:49,-36,1598522762087
0,68,D0:F0:18:43:F8:2F,-72,1598522762593
1,69,D0:F0:18:43:F8:49,-38,1598522762595
0,70,D0:F0:18:43:F8:2F,-72,1598522763100
1,71,D0:F0:18:43:F8:49,-35,1598522763102
0,72,D0:F0:18:43:F8:2F,-69,1598522763607
1,73,D0:F0:18:43:F8:49,-36,1598522763609
0,74,D0:F0:18:43:F8:49,-35,1598522764112
0,75,D0:F0:18:43:F8:2F,-72,1598522764617
1,76,D0:F0:18:43:F8:49,-36,1598522764619
0,77,D0:F0:18:43:F8:2F,-68,1598522765124
1,78,D0:F0:18:43:F8:49,-36,1598522765126
0,79,D0:F0:18:43:F8:2F,-72,1598522765630
